,Separate house,"Semi-detached, row or terrace house, townhouse etc","Flat, unit or apartment",Other dwelling,Dwelling type not stated,Separate house (%),"Semi-detached, row or terrace house, townhouse etc (%)","Flat, unit or apartment (%)",Other dwelling (%),Dwelling type not stated (%)
Abbotsbury,1021.0,7.0,0.0,0.0,5.0,98.8,0.7,0.0,0.0,0.5
Australia,5327309.0,632176.0,923139.0,134274.0,55304.0,75.3,8.9,13.1,1.9,0.8
Abbotsford,701.0,335.0,1064.0,16.0,28.0,32.7,15.6,49.6,0.7,1.3
Acacia Gardens,474.0,45.0,0.0,0.0,3.0,90.8,8.6,0.0,0.0,0.6
Adamstown,1558.0,259.0,367.0,16.0,5.0,70.7,11.7,16.6,0.7,0.2
Adamstown Heights,1911.0,46.0,25.0,5.0,3.0,96.0,2.3,1.3,0.3,0.2
Airds,773.0,411.0,28.0,0.0,15.0,63.0,33.5,2.3,0.0,1.2
Albion Park,3045.0,210.0,32.0,11.0,7.0,92.1,6.4,1.0,0.3,0.2
Albion Park Rail,2031.0,224.0,210.0,0.0,14.0,81.9,9.0,8.5,0.0,0.6
Alexandria,121.0,1144.0,783.0,16.0,15.0,5.8,55.0,37.7,0.8,0.7
Alfords Point,919.0,7.0,0.0,0.0,0.0,99.2,0.8,0.0,0.0,0.0
Allambie Heights,2047.0,29.0,294.0,4.0,12.0,85.8,1.2,12.3,0.2,0.5
Allawah,222.0,64.0,1497.0,12.0,8.0,12.3,3.5,83.0,0.7,0.4
Ambarvale,1958.0,308.0,10.0,0.0,5.0,85.8,13.5,0.4,0.0,0.2
Annandale,1003.0,1539.0,1008.0,85.0,17.0,27.5,42.1,27.6,2.3,0.5
Argenton,488.0,22.0,30.0,3.0,3.0,89.4,4.0,5.5,0.5,0.5
Arncliffe,1799.0,380.0,856.0,36.0,10.0,58.4,12.3,27.8,1.2,0.3
Artarmon,842.0,357.0,2280.0,11.0,94.0,23.5,10.0,63.6,0.3,2.6
Ashbury,1007.0,37.0,0.0,15.0,10.0,94.2,3.5,0.0,1.4,0.9
Ashcroft,825.0,29.0,228.0,0.0,3.0,76.0,2.7,21.0,0.0,0.3
Ashfield,2185.0,799.0,4856.0,48.0,284.0,26.7,9.8,59.4,0.6,3.5
Asquith,1009.0,32.0,35.0,17.0,19.0,90.7,2.9,3.1,1.5,1.7
Auburn,4563.0,624.0,2803.0,21.0,73.0,56.4,7.7,34.7,0.3,0.9
Austinmer,697.0,57.0,44.0,5.0,8.0,85.9,7.0,5.4,0.6,1.0
Avoca Beach,1221.0,73.0,69.0,139.0,12.0,80.6,4.8,4.6,9.2,0.8
Balgowlah,1079.0,512.0,1031.0,33.0,7.0,40.5,19.2,38.7,1.2,0.3
Balgowlah Heights,1039.0,10.0,17.0,4.0,3.0,96.8,0.9,1.6,0.4,0.3
Balgownie,1772.0,327.0,129.0,7.0,4.0,79.1,14.6,5.8,0.3,0.2
Balmain,1077.0,1761.0,1352.0,89.0,33.0,25.0,40.8,31.4,2.1,0.8
Balmain East,196.0,260.0,391.0,4.0,5.0,22.9,30.4,45.7,0.5,0.6
Bangor,1556.0,76.0,24.0,34.0,3.0,91.9,4.5,1.4,2.0,0.2
Banksia,885.0,71.0,15.0,12.0,0.0,90.0,7.2,1.5,1.2,0.0
Bankstown,3500.0,741.0,3893.0,10.0,69.0,42.6,9.0,47.4,0.1,0.8
Bar Beach,240.0,73.0,335.0,0.0,0.0,37.0,11.3,51.7,0.0,0.0
Barden Ridge,973.0,56.0,0.0,0.0,6.0,94.0,5.4,0.0,0.0,0.6
Bardwell Park,708.0,29.0,64.0,3.0,4.0,87.6,3.6,7.9,0.4,0.5
Bardwell Valley,487.0,160.0,34.0,0.0,3.0,71.2,23.4,5.0,0.0,0.4
Barnsley,584.0,3.0,3.0,6.0,4.0,97.3,0.5,0.5,1.0,0.7
Barrack Heights,1991.0,75.0,172.0,17.0,31.0,87.1,3.3,7.5,0.7,1.4
Barrack Point,152.0,24.0,6.0,54.0,8.0,62.3,9.8,2.5,22.1,3.3
Bass Hill,2314.0,252.0,232.0,77.0,4.0,80.4,8.8,8.1,2.7,0.1
Bateau Bay,3424.0,543.0,151.0,9.0,218.0,78.8,12.5,3.5,0.2,5.0
Baulkham Hills,9716.0,1092.0,333.0,0.0,26.0,87.0,9.8,3.0,0.0,0.2
Bayview,826.0,4.0,41.0,0.0,366.0,66.8,0.3,3.3,0.0,29.6
Beacon Hill,1760.0,134.0,82.0,0.0,13.0,88.5,6.7,4.1,0.0,0.7
Beaconsfield,40.0,191.0,62.0,6.0,3.0,13.2,63.2,20.5,2.0,1.0
Beecroft,2586.0,114.0,65.0,7.0,17.0,92.7,4.1,2.3,0.3,0.6
Belfield,1498.0,375.0,123.0,12.0,4.0,74.5,18.6,6.1,0.6,0.2
Bella Vista,1026.0,233.0,7.0,0.0,0.0,81.0,18.4,0.6,0.0,0.0
Bellambi,949.0,449.0,277.0,7.0,3.0,56.3,26.6,16.4,0.4,0.2
Bellevue Hill,1374.0,306.0,2193.0,9.0,59.0,34.9,7.8,55.6,0.2,1.5
Belmont,1853.0,226.0,312.0,168.0,69.0,70.5,8.6,11.9,6.4,2.6
Belmont North,1753.0,59.0,121.0,28.0,68.0,86.4,2.9,6.0,1.4,3.4
Belmont South,364.0,53.0,25.0,17.0,0.0,79.3,11.5,5.4,3.7,0.0
Belmore,2385.0,188.0,1664.0,41.0,38.0,55.3,4.4,38.6,0.9,0.9
Belrose,2112.0,279.0,140.0,9.0,9.0,82.9,10.9,5.5,0.4,0.4
Bensville,546.0,8.0,0.0,0.0,3.0,98.0,1.4,0.0,0.0,0.5
Berala,1645.0,323.0,612.0,26.0,10.0,62.9,12.3,23.4,1.0,0.4
Berkeley,2357.0,81.0,204.0,3.0,17.0,88.5,3.0,7.7,0.1,0.6
Berkeley Vale,2928.0,117.0,199.0,0.0,25.0,89.6,3.6,6.1,0.0,0.8
Berowra,1277.0,36.0,11.0,99.0,11.0,89.1,2.5,0.8,6.9,0.8
Berowra Heights,1643.0,19.0,17.0,0.0,3.0,97.7,1.1,1.0,0.0,0.2
Beverley Park,662.0,47.0,19.0,3.0,4.0,90.1,6.4,2.6,0.4,0.5
Beverly Hills,2234.0,424.0,539.0,15.0,13.0,69.3,13.1,16.7,0.5,0.4
Bexley,3645.0,1185.0,1256.0,54.0,37.0,59.0,19.2,20.3,0.9,0.6
Bexley North,1181.0,102.0,113.0,17.0,3.0,83.4,7.2,8.0,1.2,0.2
Bidwill,911.0,465.0,3.0,3.0,3.0,65.8,33.6,0.2,0.2,0.2
Birchgrove,474.0,525.0,274.0,7.0,13.0,36.7,40.6,21.2,0.5,1.0
Birmingham Gardens,654.0,22.0,38.0,0.0,5.0,91.0,3.1,5.3,0.0,0.7
Birrong,865.0,58.0,23.0,4.0,36.0,87.7,5.9,2.3,0.4,3.7
Blackalls Park,952.0,56.0,18.0,0.0,3.0,92.5,5.4,1.7,0.0,0.3
Blackbutt,714.0,191.0,108.0,0.0,11.0,69.7,18.7,10.5,0.0,1.1
Blackett,980.0,89.0,14.0,0.0,0.0,90.5,8.2,1.3,0.0,0.0
Blacksmiths,581.0,27.0,56.0,116.0,6.0,73.9,3.4,7.1,14.8,0.8
Blacktown,10359.0,1482.0,1121.0,31.0,68.0,79.3,11.3,8.6,0.2,0.5
Blackwall,594.0,106.0,27.0,15.0,4.0,79.6,14.2,3.6,2.0,0.5
Blairmount,72.0,25.0,0.0,0.0,3.0,72.0,25.0,0.0,0.0,3.0
Blakehurst,1626.0,45.0,65.0,22.0,22.0,91.3,2.5,3.7,1.2,1.2
Blaxland,2311.0,106.0,20.0,6.0,17.0,93.9,4.3,0.8,0.2,0.7
Blue Bay,239.0,99.0,57.0,8.0,0.0,59.3,24.6,14.1,2.0,0.0
Blue Haven,1588.0,22.0,3.0,0.0,4.0,98.2,1.4,0.2,0.0,0.2
Bolton Point,627.0,107.0,29.0,0.0,6.0,81.5,13.9,3.8,0.0,0.8
Bondi,408.0,653.0,3076.0,77.0,21.0,9.6,15.4,72.6,1.8,0.5
Bondi Beach,305.0,575.0,4506.0,19.0,70.0,5.6,10.5,82.3,0.3,1.3
Bondi Junction,267.0,1015.0,2352.0,15.0,66.0,7.2,27.3,63.3,0.4,1.8
Bonnet Bay,712.0,0.0,0.0,0.0,3.0,99.6,0.0,0.0,0.0,0.4
Bonnyrigg,1892.0,476.0,68.0,4.0,24.0,76.8,19.3,2.8,0.2,1.0
Bonnyrigg Heights,1774.0,29.0,0.0,0.0,5.0,98.1,1.6,0.0,0.0,0.3
Booker Bay,364.0,211.0,58.0,3.0,0.0,57.2,33.2,9.1,0.5,0.0
Boolaroo,467.0,0.0,13.0,4.0,0.0,96.5,0.0,2.7,0.8,0.0
Booragul,460.0,46.0,10.0,0.0,38.0,83.0,8.3,1.8,0.0,6.9
Bossley Park,3866.0,143.0,16.0,3.0,16.0,95.6,3.5,0.4,0.1,0.4
Botany,1283.0,658.0,701.0,41.0,25.0,47.4,24.3,25.9,1.5,0.9
Bow Bowing,476.0,19.0,0.0,0.0,0.0,96.2,3.8,0.0,0.0,0.0
Bradbury,2741.0,235.0,88.0,4.0,22.0,88.7,7.6,2.8,0.1,0.7
Broadmeadow,505.0,92.0,54.0,9.0,5.0,75.9,13.8,8.1,1.4,0.8
Bronte,897.0,429.0,1483.0,21.0,45.0,31.2,14.9,51.6,0.7,1.6
Brookvale,596.0,81.0,205.0,6.0,3.0,66.9,9.1,23.0,0.7,0.3
Budgewoi,1175.0,64.0,56.0,32.0,8.0,88.0,4.8,4.2,2.4,0.6
Buff Point,1157.0,27.0,3.0,129.0,17.0,86.8,2.0,0.2,9.7,1.3
Bulli,1591.0,190.0,210.0,25.0,3.0,78.8,9.4,10.4,1.2,0.1
Burwood,1721.0,361.0,2094.0,35.0,31.0,40.6,8.5,49.4,0.8,0.7
Burwood Heights,222.0,18.0,5.0,0.0,29.0,81.0,6.6,1.8,0.0,10.6
Busby,1163.0,71.0,49.0,3.0,0.0,90.4,5.5,3.8,0.2,0.0
Cabarita,218.0,91.0,133.0,0.0,4.0,48.9,20.4,29.8,0.0,0.9
Cabramatta,2275.0,1251.0,2772.0,25.0,44.0,35.7,19.6,43.5,0.4,0.7
Cabramatta West,1801.0,84.0,15.0,6.0,24.0,93.3,4.4,0.8,0.3,1.2
Cambridge Gardens,683.0,3.0,0.0,0.0,0.0,99.6,0.4,0.0,0.0,0.0
Cambridge Park,1996.0,115.0,9.0,3.0,18.0,93.2,5.4,0.4,0.1,0.8
Camden,947.0,150.0,108.0,20.0,0.0,77.3,12.2,8.8,1.6,0.0
Camden South,1474.0,84.0,5.0,0.0,0.0,94.3,5.4,0.3,0.0,0.0
Cammeray,772.0,363.0,1715.0,21.0,11.0,26.8,12.6,59.5,0.7,0.4
Campbelltown,2838.0,468.0,376.0,5.0,21.0,76.5,12.6,10.1,0.1,0.6
Camperdown,120.0,841.0,752.0,35.0,11.0,6.8,47.8,42.8,2.0,0.6
Campsie,2456.0,624.0,4116.0,28.0,56.0,33.7,8.6,56.5,0.4,0.8
Canada Bay,285.0,72.0,116.0,0.0,5.0,59.6,15.1,24.3,0.0,1.0
Canley Heights,2611.0,186.0,26.0,20.0,11.0,91.5,6.5,0.9,0.7,0.4
Canley Vale,1755.0,469.0,806.0,262.0,20.0,53.0,14.2,24.3,7.9,0.6
Canterbury,1083.0,65.0,721.0,31.0,36.0,55.9,3.4,37.2,1.6,1.9
Canton Beach,428.0,20.0,6.0,96.0,0.0,77.8,3.6,1.1,17.5,0.0
Cardiff,1821.0,108.0,104.0,11.0,0.0,89.1,5.3,5.1,0.5,0.0
Cardiff Heights,585.0,10.0,77.0,0.0,4.0,86.5,1.5,11.4,0.0,0.6
Cardiff South,902.0,51.0,65.0,7.0,3.0,87.7,5.0,6.3,0.7,0.3
Caringbah,4928.0,1495.0,1513.0,15.0,18.0,61.8,18.8,19.0,0.2,0.2
Carlingford,5466.0,562.0,470.0,13.0,16.0,83.7,8.6,7.2,0.2,0.2
Carlton,1965.0,146.0,1332.0,38.0,13.0,56.2,4.2,38.1,1.1,0.4
Carramar,495.0,193.0,488.0,7.0,23.0,41.0,16.0,40.5,0.6,1.9
Carrington,539.0,166.0,31.0,3.0,0.0,72.9,22.5,4.2,0.4,0.0
Carss Park,355.0,55.0,17.0,3.0,5.0,81.6,12.6,3.9,0.7,1.1
Cartwright,553.0,102.0,237.0,0.0,4.0,61.7,11.4,26.5,0.0,0.4
Castle Cove,702.0,104.0,6.0,4.0,19.0,84.1,12.5,0.7,0.5,2.3
Castle Hill,8299.0,1132.0,498.0,5.0,161.0,82.2,11.2,4.9,0.0,1.6
Castlecrag,935.0,10.0,5.0,0.0,11.0,97.3,1.0,0.5,0.0,1.1
Casula,2797.0,728.0,91.0,5.0,17.0,76.9,20.0,2.5,0.1,0.5
Caves Beach,1282.0,143.0,21.0,23.0,5.0,87.0,9.7,1.4,1.6,0.3
Cecil Hills,1470.0,75.0,0.0,0.0,0.0,95.1,4.9,0.0,0.0,0.0
Centennial Park,112.0,210.0,834.0,0.0,0.0,9.7,18.2,72.1,0.0,0.0
Charlestown,3631.0,589.0,254.0,6.0,13.0,80.8,13.1,5.7,0.1,0.3
Charmhaven,803.0,3.0,4.0,3.0,0.0,98.8,0.4,0.5,0.4,0.0
Chatswood,1649.0,284.0,1926.0,13.0,41.0,42.1,7.3,49.2,0.3,1.0
Chatswood West,1655.0,150.0,1149.0,0.0,19.0,55.7,5.0,38.6,0.0,0.6
Cheltenham,629.0,12.0,3.0,0.0,10.0,96.2,1.8,0.5,0.0,1.5
Cherrybrook,4650.0,777.0,201.0,0.0,21.0,82.3,13.8,3.6,0.0,0.4
Chester Hill,2768.0,325.0,214.0,19.0,20.0,82.7,9.7,6.4,0.6,0.6
Chifley,737.0,131.0,217.0,3.0,4.0,67.5,12.0,19.9,0.3,0.4
Chippendale,5.0,349.0,1166.0,53.0,8.0,0.3,22.1,73.8,3.4,0.5
Chipping Norton,2373.0,185.0,272.0,9.0,16.0,83.1,6.5,9.5,0.3,0.6
Chiswick,211.0,27.0,345.0,3.0,7.0,35.6,4.6,58.2,0.5,1.2
Chittaway Bay,673.0,21.0,5.0,0.0,0.0,96.3,3.0,0.7,0.0,0.0
Chittaway Point,281.0,6.0,4.0,0.0,0.0,96.6,2.1,1.4,0.0,0.0
Church Point,408.0,3.0,0.0,0.0,0.0,99.3,0.7,0.0,0.0,0.0
Claremont Meadows,1015.0,45.0,0.0,0.0,4.0,95.4,4.2,0.0,0.0,0.4
Claymore,277.0,708.0,3.0,0.0,27.0,27.3,69.8,0.3,0.0,2.7
Clontarf,528.0,32.0,11.0,0.0,0.0,92.5,5.6,1.9,0.0,0.0
Clovelly,476.0,553.0,809.0,35.0,5.0,25.3,29.4,43.1,1.9,0.3
Coal Point,622.0,0.0,5.0,3.0,3.0,98.3,0.0,0.8,0.5,0.5
Coledale,304.0,16.0,12.0,3.0,0.0,90.7,4.8,3.6,0.9,0.0
Collaroy,3264.0,241.0,1285.0,29.0,13.0,67.5,5.0,26.6,0.6,0.3
Colyton,2562.0,36.0,57.0,3.0,29.0,95.3,1.3,2.1,0.1,1.1
Como,1173.0,69.0,13.0,12.0,0.0,92.6,5.4,1.0,0.9,0.0
Concord,3529.0,333.0,779.0,32.0,32.0,75.0,7.1,16.6,0.7,0.7
Concord West,1665.0,81.0,170.0,16.0,22.0,85.2,4.1,8.7,0.8,1.1
Condell Park,2279.0,445.0,110.0,12.0,12.0,79.7,15.6,3.8,0.4,0.4
Coniston,400.0,109.0,242.0,10.0,5.0,52.2,14.2,31.6,1.3,0.7
Connells Point,846.0,146.0,0.0,3.0,3.0,84.8,14.6,0.0,0.3,0.3
Coogee,783.0,690.0,4748.0,52.0,127.0,12.2,10.8,74.2,0.8,2.0
Cooks Hill,332.0,449.0,448.0,7.0,5.0,26.8,36.2,36.1,0.6,0.4
Copacabana,932.0,18.0,19.0,3.0,5.0,95.4,1.8,1.9,0.3,0.5
Cordeaux Heights,1352.0,43.0,3.0,0.0,4.0,96.4,3.1,0.2,0.0,0.3
Corrimal,2515.0,502.0,856.0,29.0,6.0,64.4,12.8,21.9,0.7,0.2
Cranebrook,3609.0,415.0,16.0,0.0,33.0,88.6,10.2,0.4,0.0,0.8
Cremorne,922.0,822.0,3407.0,12.0,133.0,17.4,15.5,64.3,0.2,2.5
Cremorne Point,84.0,80.0,772.0,0.0,10.0,8.9,8.5,81.6,0.0,1.1
Cringila,724.0,9.0,54.0,3.0,3.0,91.3,1.1,6.8,0.4,0.4
Cromer,1868.0,215.0,284.0,5.0,6.0,78.6,9.0,11.9,0.2,0.3
Cronulla,1745.0,442.0,5746.0,30.0,59.0,21.8,5.5,71.6,0.4,0.7
Croudace Bay,148.0,4.0,3.0,0.0,0.0,95.5,2.6,1.9,0.0,0.0
Crows Nest,282.0,681.0,680.0,24.0,8.0,16.8,40.7,40.6,1.4,0.5
Croydon,2126.0,389.0,605.0,60.0,34.0,66.1,12.1,18.8,1.9,1.1
Croydon Park,2297.0,587.0,1005.0,14.0,36.0,58.3,14.9,25.5,0.4,0.9
Curl Curl,500.0,25.0,133.0,10.0,0.0,74.9,3.7,19.9,1.5,0.0
Currans Hill,1368.0,52.0,3.0,0.0,3.0,95.9,3.6,0.2,0.0,0.2
Daceyville,51.0,386.0,129.0,0.0,9.0,8.9,67.1,22.4,0.0,1.6
Daleys Point,123.0,10.0,89.0,0.0,0.0,55.4,4.5,40.1,0.0,0.0
Dapto,3443.0,305.0,253.0,9.0,7.0,85.7,7.6,6.3,0.2,0.2
Darling Point,112.0,200.0,1929.0,0.0,17.0,5.0,8.9,85.4,0.0,0.8
Darlinghurst,46.0,1102.0,3523.0,46.0,150.0,0.9,22.6,72.4,0.9,3.1
Darlington,0.0,631.0,158.0,14.0,4.0,0.0,78.2,19.6,1.7,0.5
Davidson,776.0,7.0,6.0,0.0,0.0,98.4,0.9,0.8,0.0,0.0
Davistown,667.0,56.0,32.0,3.0,11.0,86.7,7.3,4.2,0.4,1.4
Dawes Point,5.0,57.0,56.0,0.0,0.0,4.2,48.3,47.5,0.0,0.0
Dean Park,920.0,9.0,3.0,6.0,0.0,98.1,1.0,0.3,0.6,0.0
Dee Why,1716.0,330.0,5385.0,11.0,38.0,22.9,4.4,72.0,0.1,0.5
Denistone,1015.0,127.0,17.0,0.0,8.0,87.0,10.9,1.5,0.0,0.7
Denistone East,602.0,71.0,4.0,3.0,4.0,88.0,10.4,0.6,0.4,0.6
Denistone West,217.0,0.0,0.0,0.0,19.0,91.9,0.0,0.0,0.0,8.1
Dharruk,846.0,22.0,0.0,0.0,3.0,97.1,2.5,0.0,0.0,0.3
Dolans Bay,345.0,15.0,0.0,0.0,0.0,95.8,4.2,0.0,0.0,0.0
Dolls Point,149.0,74.0,400.0,3.0,16.0,23.2,11.5,62.3,0.5,2.5
Doonside,3931.0,204.0,74.0,10.0,8.0,93.0,4.8,1.8,0.2,0.2
Double Bay,346.0,105.0,1078.0,3.0,24.0,22.2,6.7,69.3,0.2,1.5
Dover Heights,846.0,126.0,198.0,5.0,24.0,70.6,10.5,16.5,0.4,2.0
Drummoyne,1553.0,634.0,2397.0,29.0,70.0,33.2,13.5,51.2,0.6,1.5
Dudley,753.0,51.0,12.0,3.0,11.0,90.7,6.1,1.4,0.4,1.3
Dulwich Hill,1878.0,616.0,2530.0,108.0,28.0,36.4,11.9,49.0,2.1,0.5
Dundas,2031.0,825.0,795.0,8.0,8.0,55.4,22.5,21.7,0.2,0.2
Dundas Valley,1608.0,425.0,479.0,0.0,16.0,63.6,16.8,18.9,0.0,0.6
Dural,912.0,170.0,137.0,66.0,21.0,69.8,13.0,10.5,5.1,1.6
Eagle Vale,1577.0,121.0,0.0,0.0,3.0,92.7,7.1,0.0,0.0,0.2
Earlwood,4885.0,358.0,494.0,71.0,59.0,83.3,6.1,8.4,1.2,1.0
East Gosford,787.0,558.0,242.0,6.0,7.0,49.2,34.9,15.1,0.4,0.4
East Hills,782.0,122.0,54.0,6.0,11.0,80.2,12.5,5.5,0.6,1.1
East Killara,914.0,0.0,7.0,0.0,3.0,98.9,0.0,0.8,0.0,0.3
East Lindfield,1064.0,11.0,83.0,0.0,3.0,91.6,0.9,7.1,0.0,0.3
East Ryde,753.0,17.0,9.0,0.0,13.0,95.1,2.1,1.1,0.0,1.6
Eastern Creek,173.0,0.0,8.0,0.0,3.0,94.0,0.0,4.3,0.0,1.6
Eastlakes,675.0,140.0,1887.0,7.0,12.0,24.8,5.1,69.3,0.3,0.4
Eastwood,3286.0,531.0,1249.0,33.0,4.0,64.4,10.4,24.5,0.6,0.1
Edensor Park,2268.0,255.0,6.0,0.0,10.0,89.3,10.0,0.2,0.0,0.4
Edgecliff,67.0,264.0,1200.0,0.0,6.0,4.4,17.2,78.1,0.0,0.4
Edgeworth,2452.0,242.0,61.0,3.0,10.0,88.6,8.7,2.2,0.1,0.4
Elanora Heights,1162.0,14.0,54.0,3.0,3.0,94.0,1.1,4.4,0.2,0.2
Elderslie,861.0,43.0,21.0,41.0,0.0,89.1,4.5,2.2,4.2,0.0
Eleebana,1835.0,93.0,19.0,0.0,0.0,94.2,4.8,1.0,0.0,0.0
Elermore Vale,1360.0,287.0,5.0,0.0,5.0,82.1,17.3,0.3,0.0,0.3
Elizabeth Bay,10.0,15.0,2830.0,14.0,63.0,0.3,0.5,96.5,0.5,2.1
Emerton,578.0,102.0,46.0,0.0,12.0,78.3,13.8,6.2,0.0,1.6
Empire Bay,541.0,20.0,0.0,3.0,7.0,94.7,3.5,0.0,0.5,1.2
Emu Heights,1006.0,8.0,9.0,3.0,9.0,97.2,0.8,0.9,0.3,0.9
Emu Plains,2426.0,155.0,237.0,103.0,14.0,82.7,5.3,8.1,3.5,0.5
Enfield,585.0,134.0,158.0,8.0,7.0,65.6,15.0,17.7,0.9,0.8
Engadine,5231.0,332.0,466.0,22.0,4.0,86.4,5.5,7.7,0.4,0.1
Enmore,276.0,671.0,598.0,82.0,18.0,16.8,40.8,36.4,5.0,1.1
Epping,4300.0,500.0,1868.0,11.0,17.0,64.2,7.5,27.9,0.2,0.3
Erina,1025.0,328.0,85.0,6.0,445.0,54.3,17.4,4.5,0.3,23.6
Ermington,3170.0,252.0,287.0,0.0,20.0,85.0,6.8,7.7,0.0,0.5
Erskine Park,1950.0,11.0,0.0,0.0,3.0,99.3,0.6,0.0,0.0,0.2
Erskineville,117.0,1325.0,827.0,13.0,16.0,5.1,57.7,36.0,0.6,0.7
Eschol Park,813.0,39.0,0.0,0.0,16.0,93.7,4.5,0.0,0.0,1.8
Ettalong Beach,1257.0,394.0,218.0,47.0,16.0,65.1,20.4,11.3,2.4,0.8
Fairfield,2348.0,636.0,1751.0,18.0,45.0,48.9,13.3,36.5,0.4,0.9
Fairfield East,663.0,8.0,47.0,0.0,3.0,92.0,1.1,6.5,0.0,0.4
Fairfield Heights,1317.0,347.0,68.0,11.0,4.0,75.4,19.9,3.9,0.6,0.2
Fairfield West,2975.0,124.0,12.0,3.0,5.0,95.4,4.0,0.4,0.1,0.2
Fairlight,662.0,338.0,1443.0,13.0,28.0,26.7,13.6,58.1,0.5,1.1
Fairy Meadow,1738.0,333.0,502.0,154.0,5.0,63.6,12.2,18.4,5.6,0.2
Farmborough Heights,1181.0,12.0,13.0,0.0,4.0,97.6,1.0,1.1,0.0,0.3
Faulconbridge,1365.0,11.0,13.0,3.0,10.0,97.4,0.8,0.9,0.2,0.7
Fennell Bay,726.0,6.0,31.0,4.0,3.0,94.3,0.8,4.0,0.5,0.4
Figtree,2992.0,148.0,298.0,173.0,11.0,82.6,4.1,8.2,4.8,0.3
Five Dock,1718.0,397.0,746.0,38.0,49.0,58.3,13.5,25.3,1.3,1.7
Fletcher,226.0,0.0,0.0,0.0,0.0,100.0,0.0,0.0,0.0,0.0
Flinders,607.0,303.0,4.0,0.0,0.0,66.4,33.2,0.4,0.0,0.0
Floraville,373.0,78.0,7.0,0.0,4.0,80.7,16.9,1.5,0.0,0.9
Forest Lodge,63.0,579.0,444.0,6.0,4.0,5.7,52.8,40.5,0.5,0.4
Forestville,2431.0,116.0,157.0,0.0,19.0,89.3,4.3,5.8,0.0,0.7
Forresters Beach,744.0,32.0,28.0,3.0,9.0,91.2,3.9,3.4,0.4,1.1
Frenchs Forest,3883.0,115.0,36.0,5.0,22.0,95.6,2.8,0.9,0.1,0.5
Garden Suburb,521.0,3.0,5.0,3.0,0.0,97.9,0.6,0.9,0.6,0.0
Gateshead,1250.0,78.0,27.0,9.0,8.0,91.1,5.7,2.0,0.7,0.6
Georges Hall,2368.0,139.0,15.0,6.0,8.0,93.4,5.5,0.6,0.2,0.3
Georgetown,713.0,23.0,82.0,7.0,0.0,86.4,2.8,9.9,0.8,0.0
Girraween,945.0,234.0,142.0,3.0,3.0,71.2,17.6,10.7,0.2,0.2
Gladesville,2401.0,321.0,1683.0,37.0,25.0,53.7,7.2,37.7,0.8,0.6
Glebe,366.0,2289.0,2358.0,38.0,81.0,7.1,44.6,45.9,0.7,1.6
Glen Alpine,1147.0,6.0,6.0,0.0,4.0,98.6,0.5,0.5,0.0,0.3
Glenbrook,1665.0,47.0,28.0,0.0,9.0,95.2,2.7,1.6,0.0,0.5
Glendale,1070.0,49.0,72.0,3.0,8.0,89.0,4.1,6.0,0.2,0.7
Glendenning,1364.0,9.0,0.0,0.0,5.0,99.0,0.7,0.0,0.0,0.4
Glenfield,1554.0,516.0,38.0,5.0,102.0,70.2,23.3,1.7,0.2,4.6
Glenhaven,1558.0,85.0,10.0,3.0,7.0,93.7,5.1,0.6,0.2,0.4
Glenmore Park,4838.0,296.0,39.0,3.0,72.0,92.2,5.6,0.7,0.1,1.4
Glenning Valley,211.0,12.0,0.0,0.0,4.0,93.0,5.3,0.0,0.0,1.8
Glenwood,2810.0,57.0,0.0,3.0,5.0,97.7,2.0,0.0,0.1,0.2
Gordon,1609.0,124.0,355.0,0.0,16.0,76.5,5.9,16.9,0.0,0.8
Gorokan,2660.0,388.0,102.0,3.0,6.0,84.2,12.3,3.2,0.1,0.2
Gosford,184.0,137.0,875.0,20.0,18.0,14.9,11.1,70.9,1.6,1.5
Granville,5125.0,376.0,1204.0,44.0,58.0,75.3,5.5,17.7,0.6,0.9
Grays Point,859.0,16.0,4.0,0.0,7.0,97.0,1.8,0.5,0.0,0.8
Green Point,1697.0,281.0,110.0,260.0,7.0,72.1,11.9,4.7,11.0,0.3
Green Valley,2568.0,468.0,47.0,0.0,64.0,81.6,14.9,1.5,0.0,2.0
Greenacre,4941.0,1046.0,431.0,14.0,35.0,76.4,16.2,6.7,0.2,0.5
Greenfield Park,1369.0,100.0,0.0,0.0,3.0,93.0,6.8,0.0,0.0,0.2
Greenwich,1074.0,66.0,777.0,0.0,19.0,55.5,3.4,40.1,0.0,1.0
Greystanes,6809.0,196.0,71.0,10.0,46.0,95.5,2.7,1.0,0.1,0.6
Guildford,2612.0,323.0,683.0,21.0,24.0,71.3,8.8,18.6,0.6,0.7
Guildford West,1183.0,145.0,23.0,14.0,8.0,86.2,10.6,1.7,1.0,0.6
Gwynneville,475.0,81.0,227.0,4.0,3.0,60.1,10.3,28.7,0.5,0.4
Gymea,1502.0,483.0,667.0,20.0,9.0,56.0,18.0,24.9,0.7,0.3
Gymea Bay,1946.0,124.0,7.0,5.0,0.0,93.5,6.0,0.3,0.2,0.0
Haberfield,1781.0,331.0,236.0,46.0,9.0,74.1,13.8,9.8,1.9,0.4
Halekulani,764.0,0.0,14.0,203.0,12.0,76.9,0.0,1.4,20.4,1.2
Hamilton,1200.0,177.0,411.0,51.0,5.0,65.1,9.6,22.3,2.8,0.3
Hamilton East,331.0,3.0,57.0,6.0,0.0,83.4,0.8,14.4,1.5,0.0
Hamilton North,349.0,17.0,15.0,3.0,0.0,90.9,4.4,3.9,0.8,0.0
Hamilton South,932.0,162.0,629.0,0.0,7.0,53.9,9.4,36.4,0.0,0.4
Hammondville,928.0,164.0,12.0,0.0,0.0,84.1,14.9,1.1,0.0,0.0
Harrington Park,899.0,3.0,0.0,0.0,0.0,99.7,0.3,0.0,0.0,0.0
Harris Park,549.0,136.0,1819.0,4.0,23.0,21.7,5.4,71.9,0.2,0.9
Hassall Grove,1194.0,25.0,3.0,3.0,0.0,97.5,2.0,0.2,0.2,0.0
Haymarket,3.0,0.0,1320.0,10.0,32.0,0.2,0.0,96.7,0.7,2.3
Heathcote,1587.0,198.0,166.0,41.0,5.0,79.5,9.9,8.3,2.1,0.3
Hebersham,1583.0,158.0,31.0,3.0,9.0,88.7,8.9,1.7,0.2,0.5
Heckenberg,800.0,81.0,12.0,0.0,0.0,89.6,9.1,1.3,0.0,0.0
Henley,125.0,0.0,15.0,0.0,3.0,87.4,0.0,10.5,0.0,2.1
Highfields,234.0,11.0,16.0,0.0,0.0,89.7,4.2,6.1,0.0,0.0
Hillsborough,231.0,0.0,0.0,0.0,0.0,100.0,0.0,0.0,0.0,0.0
Hillsdale,363.0,174.0,1653.0,3.0,3.0,16.5,7.9,75.3,0.1,0.1
Hinchinbrook,2551.0,192.0,7.0,0.0,26.0,91.9,6.9,0.3,0.0,0.9
Holmesville,514.0,0.0,8.0,3.0,3.0,97.3,0.0,1.5,0.6,0.6
Holsworthy,775.0,29.0,0.0,0.0,6.0,95.7,3.6,0.0,0.0,0.7
Homebush,799.0,64.0,521.0,32.0,4.0,56.3,4.5,36.7,2.3,0.3
Homebush West,268.0,52.0,645.0,27.0,6.0,26.9,5.2,64.6,2.7,0.6
Horningsea Park,586.0,225.0,0.0,0.0,3.0,72.0,27.6,0.0,0.0,0.4
Hornsby,3221.0,392.0,3730.0,12.0,37.0,43.6,5.3,50.5,0.2,0.5
Hornsby Heights,1878.0,35.0,13.0,3.0,5.0,97.1,1.8,0.7,0.2,0.3
Horsley,1569.0,65.0,4.0,0.0,19.0,94.7,3.9,0.2,0.0,1.1
Hoxton Park,857.0,77.0,6.0,3.0,3.0,90.6,8.1,0.6,0.3,0.3
Hunters Hill,1972.0,188.0,575.0,13.0,26.0,71.1,6.8,20.7,0.5,0.9
Huntleys Point,51.0,0.0,0.0,0.0,0.0,100.0,0.0,0.0,0.0,0.0
Hurlstone Park,1092.0,268.0,402.0,58.0,5.0,59.8,14.7,22.0,3.2,0.3
Hurstville,3300.0,593.0,3469.0,18.0,54.0,44.4,8.0,46.7,0.2,0.7
Hurstville Grove,712.0,24.0,0.0,3.0,3.0,96.0,3.2,0.0,0.4,0.4
Illawong,2078.0,77.0,12.0,0.0,21.0,95.0,3.5,0.5,0.0,1.0
Ingleburn,3590.0,1348.0,149.0,8.0,20.0,70.2,26.4,2.9,0.2,0.4
Ingleside,163.0,132.0,48.0,0.0,5.0,46.8,37.9,13.8,0.0,1.4
Islington,567.0,71.0,50.0,12.0,4.0,80.5,10.1,7.1,1.7,0.6
Jamisontown,1271.0,143.0,300.0,3.0,76.0,70.9,8.0,16.7,0.2,4.2
Jannali,1438.0,101.0,401.0,11.0,16.0,73.1,5.1,20.4,0.6,0.8
Jesmond,549.0,363.0,158.0,0.0,10.0,50.8,33.6,14.6,0.0,0.9
Jewells,866.0,5.0,9.0,3.0,0.0,98.1,0.6,1.0,0.3,0.0
Kahibah,819.0,126.0,51.0,6.0,4.0,81.4,12.5,5.1,0.6,0.4
Kanahooka,1460.0,12.0,101.0,102.0,12.0,86.5,0.7,6.0,6.0,0.7
Kangaroo Point,179.0,0.0,0.0,0.0,3.0,98.4,0.0,0.0,0.0,1.6
Kanwal,1148.0,110.0,35.0,79.0,0.0,83.7,8.0,2.6,5.8,0.0
Kareela,836.0,5.0,0.0,0.0,4.0,98.9,0.6,0.0,0.0,0.5
Kariong,1761.0,150.0,4.0,3.0,7.0,91.5,7.8,0.2,0.2,0.4
Kearns,801.0,31.0,3.0,0.0,0.0,95.9,3.7,0.4,0.0,0.0
Keiraville,939.0,156.0,250.0,6.0,0.0,69.5,11.5,18.5,0.4,0.0
Kellyville,3857.0,101.0,6.0,3.0,45.0,96.1,2.5,0.1,0.1,1.1
Kembla Grange,32.0,8.0,3.0,3.0,0.0,69.6,17.4,6.5,6.5,0.0
Kensington,1030.0,284.0,2595.0,58.0,55.0,25.6,7.1,64.5,1.4,1.4
Kilaben Bay,420.0,9.0,3.0,0.0,4.0,96.3,2.1,0.7,0.0,0.9
Killara,2100.0,30.0,594.0,6.0,7.0,76.7,1.1,21.7,0.2,0.3
Killarney Heights,1321.0,19.0,0.0,0.0,11.0,97.8,1.4,0.0,0.0,0.8
Killarney Vale,2538.0,97.0,60.0,7.0,76.0,91.4,3.5,2.2,0.3,2.7
Kincumber,1686.0,811.0,122.0,6.0,12.0,63.9,30.8,4.6,0.2,0.5
Kincumber South,84.0,6.0,0.0,247.0,0.0,24.9,1.8,0.0,73.3,0.0
Kings Langley,2888.0,129.0,14.0,0.0,4.0,95.2,4.3,0.5,0.0,0.1
Kings Park,1119.0,70.0,8.0,0.0,9.0,92.8,5.8,0.7,0.0,0.7
Kingsford,1969.0,946.0,2497.0,40.0,50.0,35.8,17.2,45.4,0.7,0.9
Kingsgrove,3380.0,132.0,176.0,48.0,105.0,88.0,3.4,4.6,1.2,2.7
Kingswood,1865.0,553.0,695.0,16.0,31.0,59.0,17.5,22.0,0.5,1.0
Kirrawee,2524.0,456.0,563.0,20.0,4.0,70.8,12.8,15.8,0.6,0.1
Kirribilli,77.0,191.0,1696.0,13.0,9.0,3.9,9.6,85.4,0.7,0.5
Kogarah,1472.0,277.0,2269.0,28.0,54.0,35.9,6.8,55.3,0.7,1.3
Kogarah Bay,619.0,21.0,0.0,3.0,4.0,95.7,3.2,0.0,0.5,0.6
Koolewong,331.0,8.0,10.0,0.0,0.0,94.8,2.3,2.9,0.0,0.0
Koonawarra,1197.0,58.0,0.0,3.0,0.0,95.2,4.6,0.0,0.2,0.0
Kotara,1413.0,40.0,28.0,3.0,34.0,93.1,2.6,1.8,0.2,2.2
Kotara South,432.0,5.0,9.0,0.0,0.0,96.9,1.1,2.0,0.0,0.0
Kurnell,718.0,3.0,7.0,47.0,3.0,92.3,0.4,0.9,6.0,0.4
Kyeemagh,284.0,21.0,0.0,3.0,3.0,91.3,6.8,0.0,1.0,1.0
Kyle Bay,404.0,4.0,3.0,0.0,0.0,98.3,1.0,0.7,0.0,0.0
La Perouse,112.0,8.0,0.0,0.0,3.0,91.1,6.5,0.0,0.0,2.4
Lake Haven,1026.0,204.0,154.0,0.0,3.0,74.0,14.7,11.1,0.0,0.2
Lake Heights,1103.0,134.0,152.0,8.0,0.0,79.0,9.6,10.9,0.6,0.0
Lake Illawarra,804.0,254.0,332.0,5.0,8.0,57.3,18.1,23.7,0.4,0.6
Lakelands,438.0,51.0,0.0,3.0,8.0,87.6,10.2,0.0,0.6,1.6
Lakemba,1311.0,137.0,3488.0,24.0,61.0,26.1,2.7,69.5,0.5,1.2
Lalor Park,2570.0,38.0,295.0,14.0,3.0,88.0,1.3,10.1,0.5,0.1
Lambton,1510.0,263.0,111.0,13.0,37.0,78.1,13.6,5.7,0.7,1.9
Lane Cove,1221.0,355.0,1907.0,16.0,33.0,34.6,10.1,54.0,0.5,0.9
Lane Cove North,1279.0,212.0,2260.0,3.0,92.0,33.3,5.5,58.8,0.1,2.4
Lane Cove West,602.0,58.0,143.0,0.0,0.0,75.0,7.2,17.8,0.0,0.0
Lansvale,768.0,0.0,19.0,4.0,4.0,96.6,0.0,2.4,0.5,0.5
Lapstone,322.0,3.0,10.0,0.0,0.0,96.1,0.9,3.0,0.0,0.0
Lavender Bay,40.0,123.0,349.0,3.0,3.0,7.7,23.7,67.4,0.6,0.6
Leichhardt,2536.0,1732.0,1178.0,51.0,49.0,45.7,31.2,21.2,0.9,0.9
Leonay,836.0,3.0,3.0,0.0,13.0,97.8,0.4,0.4,0.0,1.5
Lethbridge Park,1487.0,40.0,120.0,0.0,13.0,89.6,2.4,7.2,0.0,0.8
Leumeah,2632.0,371.0,186.0,3.0,17.0,82.0,11.6,5.8,0.1,0.5
Lewisham,478.0,223.0,433.0,13.0,23.0,40.9,19.1,37.0,1.1,2.0
Liberty Grove,56.0,249.0,230.0,0.0,0.0,10.5,46.5,43.0,0.0,0.0
Lidcombe,2779.0,538.0,615.0,59.0,22.0,69.2,13.4,15.3,1.5,0.5
Lilli Pilli,657.0,17.0,0.0,3.0,18.0,94.5,2.4,0.0,0.4,2.6
Lilyfield,1638.0,577.0,645.0,16.0,13.0,56.7,20.0,22.3,0.6,0.4
Lindfield,2053.0,90.0,724.0,13.0,6.0,71.1,3.1,25.1,0.5,0.2
Linley Point,123.0,0.0,7.0,0.0,0.0,94.6,0.0,5.4,0.0,0.0
Lisarow,1285.0,170.0,12.0,3.0,0.0,87.4,11.6,0.8,0.2,0.0
Little Bay,460.0,71.0,169.0,5.0,4.0,64.9,10.0,23.8,0.7,0.6
Liverpool,2749.0,746.0,3799.0,59.0,84.0,37.0,10.0,51.1,0.8,1.1
Loftus,1230.0,107.0,16.0,5.0,3.0,90.4,7.9,1.2,0.4,0.2
Long Jetty,1504.0,600.0,258.0,60.0,47.0,60.9,24.3,10.4,2.4,1.9
Long Point,93.0,16.0,0.0,0.0,4.0,82.3,14.2,0.0,0.0,3.5
Longueville,579.0,9.0,4.0,0.0,55.0,89.5,1.4,0.6,0.0,8.5
Lugarno,1805.0,36.0,26.0,3.0,0.0,96.5,1.9,1.4,0.2,0.0
Lurnea,2281.0,291.0,58.0,6.0,13.0,86.1,11.0,2.2,0.2,0.5
Macquarie Fields,3197.0,1254.0,109.0,6.0,20.0,69.7,27.3,2.4,0.1,0.4
Macquarie Hills,812.0,13.0,7.0,5.0,3.0,96.7,1.5,0.8,0.6,0.4
Macquarie Links,94.0,0.0,0.0,0.0,0.0,100.0,0.0,0.0,0.0,0.0
Macquarie Park,15.0,574.0,1960.0,71.0,47.0,0.6,21.5,73.5,2.7,1.8
Malabar,873.0,81.0,418.0,5.0,6.0,63.1,5.9,30.2,0.4,0.4
Mangerton,666.0,108.0,309.0,4.0,0.0,61.3,9.9,28.4,0.4,0.0
Manly,793.0,695.0,5010.0,74.0,80.0,11.9,10.4,75.3,1.1,1.2
Manly Vale,853.0,48.0,1157.0,11.0,6.0,41.1,2.3,55.8,0.5,0.3
Marayong,2183.0,109.0,92.0,12.0,5.0,90.9,4.5,3.8,0.5,0.2
Mardi,593.0,229.0,0.0,0.0,12.0,71.1,27.5,0.0,0.0,1.4
Marks Point,395.0,268.0,109.0,3.0,0.0,51.0,34.6,14.1,0.4,0.0
Marmong Point,145.0,0.0,18.0,6.0,3.0,84.3,0.0,10.5,3.5,1.7
Maroubra,3600.0,2058.0,4328.0,129.0,69.0,35.3,20.2,42.5,1.3,0.7
Marrickville,3734.0,1733.0,3579.0,172.0,70.0,40.2,18.7,38.5,1.9,0.8
Marsfield,1655.0,1812.0,1187.0,9.0,39.0,35.2,38.5,25.2,0.2,0.8
Maryland,2146.0,115.0,22.0,0.0,3.0,93.9,5.0,1.0,0.0,0.1
Maryville,422.0,52.0,7.0,3.0,3.0,86.7,10.7,1.4,0.6,0.6
Mascot,1683.0,405.0,592.0,27.0,32.0,61.4,14.8,21.6,1.0,1.2
Matraville,1705.0,854.0,480.0,32.0,13.0,55.3,27.7,15.6,1.0,0.4
Mayfield,3107.0,196.0,573.0,38.0,46.0,78.5,4.9,14.5,1.0,1.2
Mayfield East,560.0,42.0,67.0,0.0,3.0,83.3,6.3,10.0,0.0,0.4
Mayfield West,585.0,64.0,73.0,3.0,3.0,80.4,8.8,10.0,0.4,0.4
Mays Hill,175.0,50.0,6.0,0.0,18.0,70.3,20.1,2.4,0.0,7.2
McMahons Point,128.0,209.0,841.0,6.0,9.0,10.7,17.5,70.5,0.5,0.8
Meadowbank,57.0,14.0,988.0,8.0,24.0,5.2,1.3,90.6,0.7,2.2
Melrose Park,647.0,18.0,6.0,3.0,8.0,94.9,2.6,0.9,0.4,1.2
Menai,2415.0,611.0,216.0,0.0,31.0,73.8,18.7,6.6,0.0,0.9
Merewether,2708.0,558.0,1064.0,16.0,15.0,62.1,12.8,24.4,0.4,0.3
Merewether Heights,497.0,3.0,3.0,0.0,3.0,98.2,0.6,0.6,0.0,0.6
Merrylands,4129.0,792.0,2065.0,15.0,63.0,58.5,11.2,29.2,0.2,0.9
Merrylands West,1186.0,141.0,693.0,0.0,4.0,58.6,7.0,34.2,0.0,0.2
Middle Cove,341.0,7.0,0.0,0.0,0.0,98.0,2.0,0.0,0.0,0.0
Miller,761.0,22.0,336.0,0.0,4.0,67.8,2.0,29.9,0.0,0.4
Millers Point,3.0,115.0,526.0,18.0,9.0,0.4,17.1,78.4,2.7,1.3
Milperra,1256.0,15.0,4.0,0.0,0.0,98.5,1.2,0.3,0.0,0.0
Milsons Point,0.0,0.0,702.0,3.0,3.0,0.0,0.0,99.2,0.4,0.4
Minchinbury,1268.0,198.0,6.0,3.0,14.0,85.2,13.3,0.4,0.2,0.9
Minmi,205.0,4.0,0.0,0.0,0.0,98.1,1.9,0.0,0.0,0.0
Minto,2254.0,1200.0,140.0,0.0,26.0,62.3,33.1,3.9,0.0,0.7
Miranda,2655.0,708.0,1624.0,94.0,11.0,52.1,13.9,31.9,1.8,0.2
Mona Vale,2113.0,363.0,973.0,18.0,12.0,60.7,10.4,28.0,0.5,0.3
Monterey,833.0,268.0,627.0,6.0,10.0,47.8,15.4,36.0,0.3,0.6
Moorebank,1775.0,230.0,54.0,8.0,3.0,85.7,11.1,2.6,0.4,0.1
Mortdale,1903.0,408.0,1433.0,32.0,4.0,50.3,10.8,37.9,0.8,0.1
Mortlake,59.0,49.0,46.0,0.0,9.0,36.2,30.1,28.2,0.0,5.5
Mosman,3986.0,1405.0,5439.0,87.0,149.0,36.0,12.7,49.2,0.8,1.3
Mount Annan,2020.0,3.0,4.0,0.0,0.0,99.7,0.1,0.2,0.0,0.0
Mount Colah,2078.0,96.0,49.0,7.0,5.0,93.0,4.3,2.2,0.3,0.2
Mount Druitt,2357.0,695.0,716.0,3.0,17.0,62.2,18.3,18.9,0.1,0.4
Mount Hutton,809.0,220.0,99.0,3.0,3.0,71.3,19.4,8.7,0.3,0.3
Mount Keira,456.0,6.0,17.0,6.0,0.0,94.0,1.2,3.5,1.2,0.0
Mount Kembla,314.0,3.0,0.0,0.0,0.0,99.1,0.9,0.0,0.0,0.0
Mount Lewis,324.0,4.0,3.0,3.0,0.0,97.0,1.2,0.9,0.9,0.0
Mount Ousley,594.0,11.0,42.0,7.0,6.0,90.0,1.7,6.4,1.1,0.9
Mount Pleasant,320.0,3.0,8.0,0.0,0.0,96.7,0.9,2.4,0.0,0.0
Mount Pritchard,2542.0,217.0,127.0,8.0,40.0,86.6,7.4,4.3,0.3,1.4
Mount Riverview,1045.0,3.0,9.0,0.0,0.0,98.9,0.3,0.9,0.0,0.0
Mount Saint Thomas,566.0,29.0,14.0,3.0,3.0,92.0,4.7,2.3,0.5,0.5
Mount Warrigal,1822.0,8.0,8.0,4.0,12.0,98.3,0.4,0.4,0.2,0.6
Narara,2441.0,233.0,10.0,0.0,13.0,90.5,8.6,0.4,0.0,0.5
Narellan,1092.0,110.0,10.0,5.0,0.0,89.7,9.0,0.8,0.4,0.0
Narellan Vale,2047.0,128.0,3.0,0.0,5.0,93.8,5.9,0.1,0.0,0.2
Naremburn,946.0,411.0,780.0,4.0,21.0,43.8,19.0,36.1,0.2,1.0
Narrabeen,633.0,435.0,1864.0,22.0,9.0,21.4,14.7,62.9,0.7,0.3
Narraweena,1430.0,209.0,335.0,4.0,27.0,71.3,10.4,16.7,0.2,1.3
Narwee,936.0,155.0,407.0,5.0,3.0,62.2,10.3,27.0,0.3,0.2
Neutral Bay,440.0,703.0,3928.0,12.0,30.0,8.6,13.7,76.8,0.2,0.6
New Lambton,3144.0,225.0,569.0,20.0,14.0,79.2,5.7,14.3,0.5,0.4
New Lambton Heights,790.0,9.0,20.0,0.0,17.0,94.5,1.1,2.4,0.0,2.0
Newcastle,44.0,185.0,455.0,11.0,44.0,6.0,25.0,61.6,1.5,6.0
Newcastle East,22.0,185.0,238.0,5.0,3.0,4.9,40.8,52.5,1.1,0.7
Newcastle West,0.0,4.0,29.0,30.0,3.0,0.0,6.1,43.9,45.5,4.5
Newington,74.0,160.0,170.0,0.0,0.0,18.3,39.6,42.1,0.0,0.0
Newport,2505.0,132.0,919.0,12.0,11.0,70.0,3.7,25.7,0.3,0.3
Newtown,282.0,3374.0,2144.0,285.0,34.0,4.6,55.1,35.0,4.7,0.6
Niagara Park,719.0,47.0,54.0,0.0,4.0,87.3,5.7,6.6,0.0,0.5
Norah Head,340.0,15.0,9.0,39.0,3.0,83.7,3.7,2.2,9.6,0.7
Noraville,928.0,29.0,45.0,3.0,0.0,92.3,2.9,4.5,0.3,0.0
Normanhurst,1171.0,197.0,59.0,3.0,120.0,75.5,12.7,3.8,0.2,7.7
North Avoca,752.0,23.0,28.0,0.0,3.0,93.3,2.9,3.5,0.0,0.4
North Balgowlah,1004.0,51.0,45.0,0.0,0.0,91.3,4.6,4.1,0.0,0.0
North Bondi,696.0,955.0,1931.0,43.0,12.0,19.1,26.3,53.1,1.2,0.3
North Curl Curl,955.0,82.0,74.0,0.0,0.0,86.0,7.4,6.7,0.0,0.0
North Epping,1311.0,105.0,10.0,0.0,10.0,91.3,7.3,0.7,0.0,0.7
North Gosford,895.0,203.0,118.0,6.0,3.0,73.1,16.6,9.6,0.5,0.2
North Lambton,1070.0,31.0,120.0,0.0,13.0,86.7,2.5,9.7,0.0,1.1
North Manly,816.0,37.0,47.0,3.0,3.0,90.1,4.1,5.2,0.3,0.3
North Narrabeen,1662.0,36.0,81.0,153.0,27.0,84.8,1.8,4.1,7.8,1.4
North Parramatta,889.0,164.0,2271.0,18.0,21.0,26.4,4.9,67.5,0.5,0.6
North Rocks,2264.0,131.0,9.0,3.0,3.0,93.9,5.4,0.4,0.1,0.1
North Ryde,3006.0,340.0,142.0,8.0,21.0,85.5,9.7,4.0,0.2,0.6
North St Marys,1265.0,5.0,21.0,0.0,12.0,97.1,0.4,1.6,0.0,0.9
North Strathfield,567.0,22.0,546.0,24.0,4.0,48.8,1.9,46.9,2.1,0.3
North Sydney,246.0,375.0,1955.0,14.0,125.0,9.1,13.8,72.0,0.5,4.6
North Turramurra,943.0,42.0,192.0,0.0,18.0,78.9,3.5,16.1,0.0,1.5
North Wahroonga,667.0,16.0,6.0,0.0,3.0,96.4,2.3,0.9,0.0,0.4
North Willoughby,886.0,205.0,361.0,12.0,12.0,60.0,13.9,24.5,0.8,0.8
North Wollongong,208.0,15.0,601.0,14.0,3.0,24.7,1.8,71.5,1.7,0.4
Northbridge,1680.0,104.0,223.0,9.0,5.0,83.1,5.1,11.0,0.4,0.2
Northmead,2025.0,378.0,99.0,5.0,24.0,80.0,14.9,3.9,0.2,0.9
Northwood,292.0,8.0,10.0,0.0,0.0,94.2,2.6,3.2,0.0,0.0
Oak Flats,2092.0,106.0,132.0,12.0,11.0,88.9,4.5,5.6,0.5,0.5
Oakhurst,1764.0,47.0,4.0,3.0,3.0,96.9,2.6,0.2,0.2,0.2
Oatlands,1150.0,436.0,51.0,5.0,3.0,69.9,26.5,3.1,0.3,0.2
Oatley,2662.0,215.0,550.0,30.0,22.0,76.5,6.2,15.8,0.9,0.6
Old Guildford,617.0,24.0,3.0,0.0,4.0,95.2,3.7,0.5,0.0,0.6
Old Toongabbie,1207.0,514.0,60.0,4.0,26.0,66.6,28.4,3.3,0.2,1.4
Ourimbah,668.0,265.0,6.0,30.0,0.0,68.9,27.3,0.6,3.1,0.0
Oxley Park,701.0,157.0,9.0,0.0,4.0,80.5,18.0,1.0,0.0,0.5
Oyster Bay,1717.0,55.0,43.0,3.0,3.0,94.3,3.0,2.4,0.2,0.2
Paddington,142.0,3571.0,1806.0,87.0,105.0,2.5,62.5,31.6,1.5,1.8
Padstow,3465.0,710.0,207.0,35.0,11.0,78.3,16.0,4.7,0.8,0.2
Padstow Heights,932.0,158.0,90.0,0.0,12.0,78.2,13.3,7.6,0.0,1.0
Pagewood,939.0,113.0,153.0,3.0,5.0,77.4,9.3,12.6,0.2,0.4
Palm Beach,696.0,12.0,33.0,0.0,9.0,92.8,1.6,4.4,0.0,1.2
Panania,3379.0,345.0,214.0,30.0,4.0,85.1,8.7,5.4,0.8,0.1
Parramatta,1444.0,711.0,5109.0,64.0,42.0,19.6,9.6,69.3,0.9,0.6
Peakhurst,2370.0,394.0,234.0,7.0,12.0,78.6,13.1,7.8,0.2,0.4
Peakhurst Heights,771.0,21.0,20.0,0.0,4.0,94.5,2.6,2.5,0.0,0.5
Pearl Beach,82.0,0.0,3.0,0.0,0.0,96.5,0.0,3.5,0.0,0.0
Pelican,308.0,7.0,14.0,0.0,0.0,93.6,2.1,4.3,0.0,0.0
Pendle Hill,2195.0,454.0,751.0,17.0,12.0,64.0,13.2,21.9,0.5,0.3
Pennant Hills,1749.0,186.0,193.0,3.0,14.0,81.5,8.7,9.0,0.1,0.7
Penrith,2572.0,1024.0,1273.0,38.0,43.0,52.0,20.7,25.7,0.8,0.9
Penrose,426.0,25.0,106.0,0.0,0.0,76.5,4.5,19.0,0.0,0.0
Penshurst,1956.0,454.0,1788.0,41.0,65.0,45.4,10.5,41.5,1.0,1.5
Petersham,860.0,676.0,1241.0,67.0,23.0,30.0,23.6,43.3,2.3,0.8
Phillip Bay,188.0,15.0,18.0,0.0,3.0,83.9,6.7,8.0,0.0,1.3
Picnic Point,1591.0,159.0,10.0,4.0,23.0,89.0,8.9,0.6,0.2,1.3
Plumpton,1695.0,174.0,3.0,3.0,19.0,89.5,9.2,0.2,0.2,1.0
Point Clare,1057.0,95.0,112.0,0.0,15.0,82.6,7.4,8.8,0.0,1.2
Point Frederick,341.0,174.0,208.0,0.0,61.0,43.5,22.2,26.5,0.0,7.8
Point Piper,155.0,15.0,408.0,0.0,46.0,24.8,2.4,65.4,0.0,7.4
Port Kembla,1441.0,86.0,209.0,29.0,20.0,80.7,4.8,11.7,1.6,1.1
Potts Point,7.0,150.0,3544.0,24.0,111.0,0.2,3.9,92.4,0.6,2.9
Prairiewood,717.0,131.0,30.0,3.0,9.0,80.6,14.7,3.4,0.3,1.0
Prestons,2323.0,176.0,0.0,0.0,0.0,93.0,7.0,0.0,0.0,0.0
Primbee,538.0,28.0,40.0,0.0,9.0,87.5,4.6,6.5,0.0,1.5
Prospect,1263.0,28.0,71.0,3.0,0.0,92.5,2.1,5.2,0.2,0.0
Punchbowl,3536.0,481.0,1146.0,53.0,61.0,67.0,9.1,21.7,1.0,1.2
Putney,887.0,98.0,6.0,4.0,0.0,89.1,9.8,0.6,0.4,0.0
Pymble,2796.0,23.0,183.0,3.0,20.0,92.4,0.8,6.0,0.1,0.7
Pyrmont,5.0,281.0,3507.0,10.0,93.0,0.1,7.2,90.0,0.3,2.4
Quakers Hill,5896.0,1181.0,32.0,6.0,46.0,82.3,16.5,0.4,0.1,0.6
Queens Park,418.0,418.0,299.0,0.0,3.0,36.7,36.7,26.3,0.0,0.3
Raby,1788.0,117.0,5.0,0.0,16.0,92.8,6.1,0.3,0.0,0.8
Ramsgate,229.0,4.0,21.0,0.0,3.0,89.1,1.6,8.2,0.0,1.2
Ramsgate Beach,127.0,230.0,355.0,0.0,3.0,17.8,32.2,49.7,0.0,0.4
Randwick,1801.0,1566.0,7504.0,136.0,211.0,16.1,14.0,66.9,1.2,1.9
Rankin Park,895.0,0.0,0.0,0.0,6.0,99.3,0.0,0.0,0.0,0.7
Redfern,57.0,1746.0,3558.0,41.0,93.0,1.0,31.8,64.7,0.7,1.7
Redhead,911.0,48.0,20.0,318.0,0.0,70.2,3.7,1.5,24.5,0.0
Regents Park,959.0,34.0,326.0,15.0,5.0,71.6,2.5,24.3,1.1,0.4
Regentville,260.0,3.0,0.0,0.0,0.0,98.9,1.1,0.0,0.0,0.0
Revesby,3302.0,444.0,218.0,30.0,18.0,82.3,11.1,5.4,0.7,0.4
Revesby Heights,437.0,17.0,0.0,0.0,0.0,96.3,3.7,0.0,0.0,0.0
Rhodes,168.0,78.0,6.0,0.0,0.0,66.7,31.0,2.4,0.0,0.0
Riverstone,2040.0,31.0,26.0,45.0,11.0,94.8,1.4,1.2,2.1,0.5
Riverview,921.0,58.0,3.0,0.0,3.0,93.5,5.9,0.3,0.0,0.3
Riverwood,2121.0,381.0,1602.0,39.0,11.0,51.1,9.2,38.6,0.9,0.3
Rockdale,1619.0,142.0,2285.0,103.0,24.0,38.8,3.4,54.8,2.5,0.6
Rocky Point,85.0,0.0,0.0,0.0,0.0,100.0,0.0,0.0,0.0,0.0
Rodd Point,456.0,33.0,0.0,3.0,0.0,92.7,6.7,0.0,0.6,0.0
Rooty Hill,3034.0,249.0,22.0,10.0,16.0,91.1,7.5,0.7,0.3,0.5
Rose Bay,905.0,414.0,2426.0,17.0,166.0,23.0,10.5,61.8,0.4,4.2
Rosebery,1281.0,233.0,959.0,41.0,20.0,50.6,9.2,37.8,1.6,0.8
Roselands,2559.0,268.0,600.0,11.0,56.0,73.2,7.7,17.2,0.3,1.6
Rosemeadow,1790.0,547.0,3.0,3.0,14.0,75.9,23.2,0.1,0.1,0.6
Roseville,2219.0,64.0,510.0,16.0,9.0,78.7,2.3,18.1,0.6,0.3
Roseville Chase,507.0,10.0,4.0,3.0,3.0,96.2,1.9,0.8,0.6,0.6
Rouse Hill,970.0,22.0,3.0,0.0,6.0,96.9,2.2,0.3,0.0,0.6
Rozelle,1064.0,1213.0,787.0,47.0,26.0,33.9,38.7,25.1,1.5,0.8
Ruse,1851.0,27.0,23.0,0.0,3.0,97.2,1.4,1.2,0.0,0.2
Rushcutters Bay,6.0,20.0,1355.0,19.0,26.0,0.4,1.4,95.0,1.3,1.8
Russell Lea,1340.0,116.0,565.0,9.0,7.0,65.8,5.7,27.7,0.4,0.3
Russell Vale,370.0,70.0,23.0,3.0,3.0,78.9,14.9,4.9,0.6,0.6
Rydalmere,368.0,27.0,92.0,4.0,8.0,73.7,5.4,18.4,0.8,1.6
Ryde,4733.0,636.0,2404.0,7.0,44.0,60.5,8.1,30.7,0.1,0.6
Sadleir,850.0,10.0,95.0,3.0,17.0,87.2,1.0,9.7,0.3,1.7
San Remo,1353.0,14.0,8.0,3.0,7.0,97.7,1.0,0.6,0.2,0.5
Sandringham,247.0,31.0,230.0,0.0,3.0,48.3,6.1,45.0,0.0,0.6
Sans Souci,2121.0,930.0,768.0,41.0,47.0,54.3,23.8,19.7,1.0,1.2
Saratoga,1334.0,102.0,63.0,0.0,4.0,88.8,6.8,4.2,0.0,0.3
Scarborough,129.0,0.0,4.0,0.0,8.0,91.5,0.0,2.8,0.0,5.7
Schofields,953.0,35.0,15.0,4.0,0.0,94.6,3.5,1.5,0.4,0.0
Scotland Island,271.0,0.0,3.0,3.0,0.0,97.8,0.0,1.1,1.1,0.0
Seaforth,1876.0,130.0,62.0,16.0,3.0,89.9,6.2,3.0,0.8,0.1
Sefton,1465.0,118.0,141.0,7.0,13.0,84.0,6.8,8.1,0.4,0.7
Seven Hills,5785.0,243.0,160.0,7.0,24.0,93.0,3.9,2.6,0.1,0.4
Shalvey,970.0,132.0,0.0,0.0,13.0,87.0,11.8,0.0,0.0,1.2
Shell Cove,379.0,10.0,0.0,0.0,0.0,97.4,2.6,0.0,0.0,0.0
Shellharbour,938.0,194.0,31.0,25.0,0.0,79.0,16.3,2.6,2.1,0.0
Shelly Beach,441.0,49.0,9.0,28.0,3.0,83.2,9.2,1.7,5.3,0.6
Shortland,1297.0,47.0,91.0,4.0,6.0,89.8,3.3,6.3,0.3,0.4
Silverwater,313.0,16.0,37.0,0.0,0.0,85.5,4.4,10.1,0.0,0.0
Smithfield,3018.0,291.0,101.0,79.0,4.0,86.4,8.3,2.9,2.3,0.1
South Coogee,714.0,321.0,954.0,7.0,54.0,34.8,15.7,46.5,0.3,2.6
South Granville,933.0,50.0,10.0,5.0,5.0,93.0,5.0,1.0,0.5,0.5
South Hurstville,944.0,333.0,235.0,7.0,16.0,61.5,21.7,15.3,0.5,1.0
South Penrith,3927.0,199.0,24.0,0.0,10.0,94.4,4.8,0.6,0.0,0.2
South Turramurra,944.0,35.0,0.0,0.0,15.0,95.0,3.5,0.0,0.0,1.5
South Wentworthville,1322.0,297.0,45.0,5.0,0.0,79.2,17.8,2.7,0.3,0.0
Speers Point,1095.0,52.0,123.0,3.0,0.0,86.0,4.1,9.7,0.2,0.0
Springfield,1343.0,13.0,20.0,0.0,3.0,97.4,0.9,1.5,0.0,0.2
Springwood,2391.0,296.0,285.0,0.0,23.0,79.8,9.9,9.5,0.0,0.8
St Andrews,1758.0,50.0,10.0,0.0,6.0,96.4,2.7,0.5,0.0,0.3
St Clair,6059.0,29.0,12.0,0.0,49.0,98.5,0.5,0.2,0.0,0.8
St Helens Park,1594.0,212.0,0.0,0.0,9.0,87.8,11.7,0.0,0.0,0.5
St Huberts Island,431.0,12.0,0.0,0.0,3.0,96.6,2.7,0.0,0.0,0.7
St Ives,4232.0,195.0,212.0,8.0,26.0,90.6,4.2,4.5,0.2,0.6
St Ives Chase,977.0,0.0,6.0,0.0,0.0,99.4,0.0,0.6,0.0,0.0
St Johns Park,1445.0,49.0,12.0,0.0,13.0,95.1,3.2,0.8,0.0,0.9
St Leonards,128.0,44.0,767.0,8.0,3.0,13.5,4.6,80.7,0.8,0.3
St Marys,2596.0,381.0,640.0,24.0,9.0,71.1,10.4,17.5,0.7,0.2
St Peters,384.0,475.0,51.0,40.0,14.0,39.8,49.3,5.3,4.1,1.5
Stanhope Gardens,1082.0,6.0,0.0,0.0,10.0,98.5,0.5,0.0,0.0,0.9
Stanmore,1053.0,742.0,1115.0,70.0,4.0,35.3,24.9,37.4,2.3,0.1
Stockton,1305.0,133.0,137.0,42.0,18.0,79.8,8.1,8.4,2.6,1.1
Strathfield,4078.0,314.0,2648.0,16.0,64.0,57.3,4.4,37.2,0.2,0.9
Strathfield South,718.0,154.0,122.0,6.0,7.0,71.3,15.3,12.1,0.6,0.7
Summer Hill,517.0,480.0,1606.0,33.0,93.0,18.9,17.6,58.8,1.2,3.4
Surry Hills,89.0,1998.0,4891.0,61.0,148.0,1.2,27.8,68.1,0.8,2.1
Sutherland,1218.0,605.0,2212.0,13.0,94.0,29.4,14.6,53.4,0.3,2.3
Swansea,1456.0,425.0,124.0,80.0,3.0,69.7,20.4,5.9,3.8,0.1
Swansea Heads,209.0,10.0,8.0,0.0,0.0,92.1,4.4,3.5,0.0,0.0
Sydenham,141.0,211.0,20.0,16.0,0.0,36.3,54.4,5.2,4.1,0.0
Sydney,3.0,24.0,4215.0,98.0,52.0,0.1,0.5,96.0,2.2,1.2
Sylvania,2323.0,596.0,468.0,14.0,16.0,68.0,17.4,13.7,0.4,0.5
Sylvania Waters,944.0,104.0,140.0,0.0,4.0,79.2,8.7,11.7,0.0,0.3
Tacoma,223.0,0.0,3.0,3.0,3.0,96.1,0.0,1.3,1.3,1.3
Tacoma South,99.0,3.0,0.0,0.0,0.0,97.1,2.9,0.0,0.0,0.0
Tamarama,131.0,79.0,452.0,0.0,3.0,19.7,11.9,68.0,0.0,0.5
Taren Point,337.0,73.0,3.0,8.0,0.0,80.0,17.3,0.7,1.9,0.0
Tarrawanna,411.0,28.0,117.0,3.0,0.0,73.5,5.0,20.9,0.5,0.0
Tascott,618.0,3.0,16.0,4.0,3.0,96.0,0.5,2.5,0.6,0.5
Tempe,936.0,229.0,67.0,3.0,6.0,75.4,18.5,5.4,0.2,0.5
Teralba,444.0,24.0,13.0,65.0,5.0,80.6,4.4,2.4,11.8,0.9
Terrey Hills,827.0,9.0,15.0,35.0,0.0,93.3,1.0,1.7,4.0,0.0
Terrigal,2634.0,457.0,287.0,313.0,16.0,71.1,12.3,7.7,8.4,0.4
The Entrance,579.0,143.0,588.0,38.0,49.0,41.4,10.2,42.1,2.7,3.5
The Entrance North,255.0,105.0,69.0,55.0,10.0,51.6,21.3,14.0,11.1,2.0
The Hill,202.0,230.0,525.0,0.0,7.0,21.0,23.9,54.5,0.0,0.7
The Junction,257.0,163.0,196.0,0.0,3.0,41.5,26.3,31.7,0.0,0.5
Thirroul,1555.0,343.0,184.0,22.0,22.0,73.1,16.1,8.7,1.0,1.0
Thornleigh,2270.0,251.0,91.0,9.0,3.0,86.5,9.6,3.5,0.3,0.1
Tighes Hill,556.0,46.0,65.0,11.0,3.0,81.6,6.8,9.5,1.6,0.4
Tingira Heights,933.0,28.0,8.0,0.0,4.0,95.9,2.9,0.8,0.0,0.4
Toongabbie,3457.0,789.0,231.0,14.0,16.0,76.7,17.5,5.1,0.3,0.4
Toowoon Bay,100.0,88.0,14.0,40.0,0.0,41.3,36.4,5.8,16.5,0.0
Toronto,1712.0,181.0,100.0,24.0,7.0,84.6,8.9,4.9,1.2,0.3
Toukley,1326.0,323.0,181.0,24.0,4.0,71.4,17.4,9.7,1.3,0.2
Towradgi,883.0,111.0,127.0,3.0,146.0,69.5,8.7,10.0,0.2,11.5
Tregear,1129.0,66.0,64.0,0.0,16.0,88.5,5.2,5.0,0.0,1.3
Tuggerah,258.0,81.0,0.0,0.0,0.0,76.1,23.9,0.0,0.0,0.0
Tuggerawong,411.0,10.0,18.0,55.0,0.0,83.2,2.0,3.6,11.1,0.0
Tumbi Umbi,1073.0,111.0,13.0,3.0,3.0,89.2,9.2,1.1,0.2,0.2
Turramurra,3032.0,98.0,500.0,3.0,35.0,82.7,2.7,13.6,0.1,1.0
Turrella,389.0,16.0,24.0,0.0,3.0,90.0,3.7,5.6,0.0,0.7
Ultimo,11.0,259.0,1434.0,3.0,24.0,0.6,15.0,82.8,0.2,1.4
Umina Beach,5021.0,688.0,265.0,160.0,30.0,81.5,11.2,4.3,2.6,0.5
Unanderra,1837.0,239.0,152.0,17.0,5.0,81.6,10.6,6.8,0.8,0.2
Valentine,1618.0,122.0,54.0,0.0,21.0,89.1,6.7,3.0,0.0,1.2
Valley Heights,453.0,17.0,4.0,3.0,3.0,94.4,3.5,0.8,0.6,0.6
Vaucluse,1667.0,311.0,1305.0,18.0,32.0,50.0,9.3,39.2,0.5,1.0
Villawood,1766.0,283.0,338.0,3.0,12.0,73.5,11.8,14.1,0.1,0.5
Voyager Point,229.0,0.0,0.0,0.0,3.0,98.7,0.0,0.0,0.0,1.3
Wahroonga,4003.0,323.0,499.0,4.0,24.0,82.5,6.7,10.3,0.1,0.5
Waitara,346.0,34.0,296.0,4.0,3.0,50.7,5.0,43.3,0.6,0.4
Wakeley,1189.0,197.0,3.0,0.0,3.0,85.4,14.2,0.2,0.0,0.2
Wallsend,3920.0,313.0,330.0,25.0,29.0,84.9,6.8,7.1,0.5,0.6
Wamberal,1721.0,213.0,101.0,11.0,8.0,83.8,10.4,4.9,0.5,0.4
Warabrook,507.0,182.0,32.0,0.0,4.0,69.9,25.1,4.4,0.0,0.6
Waratah,1178.0,229.0,364.0,14.0,0.0,66.0,12.8,20.4,0.8,0.0
Waratah West,1025.0,44.0,43.0,0.0,4.0,91.8,3.9,3.9,0.0,0.4
Wareemba,359.0,121.0,93.0,20.0,4.0,60.1,20.3,15.6,3.4,0.7
Warilla,1728.0,153.0,202.0,119.0,26.0,77.6,6.9,9.1,5.3,1.2
Warners Bay,2081.0,453.0,136.0,4.0,12.0,77.5,16.9,5.1,0.1,0.4
Warrawee,752.0,0.0,5.0,0.0,0.0,99.3,0.0,0.7,0.0,0.0
Warrawong,1280.0,74.0,568.0,8.0,4.0,66.2,3.8,29.4,0.4,0.2
Warriewood,751.0,230.0,26.0,14.0,53.0,69.9,21.4,2.4,1.3,4.9
Warrimoo,784.0,4.0,9.0,3.0,3.0,97.6,0.5,1.1,0.4,0.4
Warwick Farm,535.0,105.0,1009.0,10.0,29.0,31.7,6.2,59.8,0.6,1.7
Watanobbi,1060.0,46.0,20.0,0.0,0.0,94.1,4.1,1.8,0.0,0.0
Waterloo,114.0,498.0,2074.0,10.0,56.0,4.1,18.1,75.4,0.4,2.0
Watsons Bay,120.0,43.0,43.0,21.0,0.0,52.9,18.9,18.9,9.3,0.0
Wattle Grove,2851.0,54.0,13.0,0.0,8.0,97.4,1.8,0.4,0.0,0.3
Waverley,270.0,396.0,643.0,17.0,74.0,19.3,28.3,45.9,1.2,5.3
Waverton,299.0,256.0,1023.0,5.0,8.0,18.8,16.1,64.3,0.3,0.5
Wentworthville,1881.0,624.0,999.0,11.0,24.0,53.2,17.6,28.2,0.3,0.7
Werrington,729.0,299.0,266.0,0.0,18.0,55.6,22.8,20.3,0.0,1.4
Werrington County,1245.0,6.0,3.0,0.0,8.0,98.7,0.5,0.2,0.0,0.6
Werrington Downs,1043.0,0.0,0.0,0.0,11.0,99.0,0.0,0.0,0.0,1.0
West Gosford,350.0,70.0,256.0,4.0,0.0,51.5,10.3,37.6,0.6,0.0
West Hoxton,1279.0,38.0,5.0,0.0,3.0,96.5,2.9,0.4,0.0,0.2
West Pennant Hills,4215.0,355.0,172.0,3.0,43.0,88.0,7.4,3.6,0.1,0.9
West Pymble,1582.0,5.0,31.0,0.0,7.0,97.4,0.3,1.9,0.0,0.4
West Ryde,2256.0,288.0,1753.0,17.0,23.0,52.0,6.6,40.4,0.4,0.5
West Wallsend,575.0,0.0,5.0,7.0,3.0,97.5,0.0,0.8,1.2,0.5
West Wollongong,1236.0,191.0,425.0,17.0,0.0,66.1,10.2,22.7,0.9,0.0
Westleigh,1307.0,3.0,3.0,0.0,0.0,99.5,0.2,0.2,0.0,0.0
Westmead,977.0,151.0,2155.0,12.0,186.0,28.1,4.3,61.9,0.3,5.3
Wetherill Park,1710.0,132.0,11.0,6.0,3.0,91.8,7.1,0.6,0.3,0.2
Whalan,1683.0,31.0,237.0,0.0,9.0,85.9,1.6,12.1,0.0,0.5
Whitebridge,779.0,52.0,15.0,0.0,6.0,91.4,6.1,1.8,0.0,0.7
Wickham,174.0,70.0,75.0,4.0,6.0,52.9,21.3,22.8,1.2,1.8
Wiley Park,972.0,200.0,1707.0,8.0,48.0,33.1,6.8,58.2,0.3,1.6
Willmot,693.0,102.0,16.0,9.0,0.0,84.5,12.4,2.0,1.1,0.0
Willoughby,1236.0,287.0,579.0,10.0,17.0,58.1,13.5,27.2,0.5,0.8
Willoughby East,527.0,38.0,9.0,0.0,0.0,91.8,6.6,1.6,0.0,0.0
Windale,915.0,143.0,94.0,0.0,3.0,79.2,12.4,8.1,0.0,0.3
Windang,586.0,22.0,101.0,385.0,9.0,53.1,2.0,9.2,34.9,0.8
Winmalee,2083.0,18.0,8.0,3.0,8.0,98.3,0.8,0.4,0.1,0.4
Winston Hills,2852.0,79.0,13.0,4.0,51.0,95.1,2.6,0.4,0.1,1.7
Wollongong,1635.0,446.0,4348.0,114.0,75.0,24.7,6.7,65.7,1.7,1.1
Wollstonecraft,226.0,468.0,3146.0,3.0,40.0,5.8,12.1,81.0,0.1,1.0
Wombarra,273.0,6.0,12.0,0.0,11.0,90.4,2.0,4.0,0.0,3.6
Woodbine,787.0,21.0,4.0,0.0,0.0,96.9,2.6,0.5,0.0,0.0
Woodcroft,1151.0,160.0,48.0,0.0,0.0,84.7,11.8,3.5,0.0,0.0
Woodpark,407.0,9.0,0.0,0.0,5.0,96.7,2.1,0.0,0.0,1.2
Woodrising,463.0,12.0,0.0,0.0,5.0,96.5,2.5,0.0,0.0,1.0
Woollahra,758.0,937.0,1539.0,30.0,55.0,22.8,28.2,46.4,0.9,1.7
Woolloomooloo,6.0,434.0,1085.0,34.0,25.0,0.4,27.4,68.5,2.1,1.6
Woolooware,1932.0,265.0,293.0,60.0,27.0,75.0,10.3,11.4,2.3,1.0
Woolwich,188.0,51.0,67.0,4.0,3.0,60.1,16.3,21.4,1.3,1.0
Woonona,2495.0,491.0,644.0,14.0,15.0,68.2,13.4,17.6,0.4,0.4
Woronora,579.0,8.0,0.0,0.0,0.0,98.6,1.4,0.0,0.0,0.0
Woronora Heights,786.0,8.0,0.0,0.0,7.0,98.1,1.0,0.0,0.0,0.9
Woy Woy,2954.0,945.0,343.0,32.0,17.0,68.8,22.0,8.0,0.7,0.4
Woy Woy Bay,193.0,3.0,6.0,0.0,0.0,95.5,1.5,3.0,0.0,0.0
Wyoming,2793.0,219.0,171.0,12.0,63.0,85.7,6.7,5.2,0.4,1.9
Wyong,931.0,184.0,98.0,127.0,5.0,69.2,13.7,7.3,9.4,0.4
Wyongah,612.0,3.0,6.0,3.0,0.0,98.1,0.5,1.0,0.5,0.0
Yagoona,3889.0,466.0,240.0,28.0,47.0,83.3,10.0,5.1,0.6,1.0
Yarrawarrah,413.0,6.0,0.0,0.0,3.0,97.9,1.4,0.0,0.0,0.7
Yattalunga,177.0,3.0,3.0,0.0,6.0,93.7,1.6,1.6,0.0,3.2
Yennora,327.0,115.0,4.0,3.0,0.0,72.8,25.6,0.9,0.7,0.0
Yowie Bay,1149.0,35.0,44.0,0.0,3.0,93.3,2.8,3.6,0.0,0.2
Zetland,17.0,209.0,15.0,0.0,6.0,6.9,84.6,6.1,0.0,2.4
