,0-4 years,5-14 years,15-24 years,25-54 years,55-64 years,65 years and over,0-4 years (%),5-14 years (%),15-24 years (%),25-54 years (%),55-64 years (%),65 years and over (%)
Abbotsbury,238.0,855.0,629.0,1782.0,214.0,130.0,6.2,22.2,16.3,46.3,5.6,3.4
Australia,1243969.0,2668506.0,2566346.0,8159808.0,1759742.0,2370878.0,6.6,14.2,13.7,43.5,9.4,12.6
Abbotsford,249.0,439.0,501.0,2500.0,496.0,665.0,5.1,9.1,10.3,51.6,10.2,13.7
Acacia Gardens,187.0,333.0,231.0,887.0,80.0,60.0,10.5,18.8,13.0,50.0,4.5,3.4
Adamstown,285.0,624.0,651.0,2126.0,386.0,801.0,5.8,12.8,13.4,43.6,7.9,16.4
Adamstown Heights,263.0,660.0,641.0,2012.0,742.0,893.0,5.0,12.7,12.3,38.6,14.2,17.1
Airds,455.0,998.0,682.0,1502.0,312.0,156.0,11.1,24.3,16.6,36.6,7.6,3.8
Albion Park,1008.0,2089.0,1408.0,4746.0,562.0,660.0,9.6,19.9,13.4,45.3,5.4,6.3
Albion Park Rail,590.0,1203.0,1068.0,3071.0,604.0,718.0,8.1,16.6,14.7,42.3,8.3,9.9
Alexandria,210.0,230.0,570.0,2686.0,254.0,254.0,5.0,5.5,13.6,64.0,6.0,6.0
Alfords Point,246.0,887.0,517.0,1598.0,181.0,154.0,6.9,24.9,14.5,44.8,5.1,4.3
Allambie Heights,451.0,851.0,704.0,2732.0,723.0,1287.0,6.7,12.6,10.4,40.5,10.7,19.1
Allawah,312.0,468.0,543.0,2259.0,348.0,411.0,7.2,10.8,12.5,52.0,8.0,9.5
Ambarvale,606.0,1583.0,1356.0,3248.0,442.0,318.0,8.0,21.0,18.0,43.0,5.9,4.2
Annandale,444.0,544.0,991.0,4763.0,634.0,734.0,5.5,6.7,12.2,58.7,7.8,9.0
Argenton,73.0,140.0,171.0,527.0,126.0,241.0,5.7,10.9,13.3,41.1,9.8,18.8
Arncliffe,671.0,1248.0,1299.0,3953.0,834.0,1230.0,7.3,13.5,14.1,42.8,9.0,13.3
Artarmon,450.0,808.0,1093.0,4358.0,572.0,801.0,5.6,10.0,13.5,53.9,7.1,9.9
Ashbury,225.0,430.0,416.0,1418.0,322.0,414.0,7.0,13.3,12.9,44.0,10.0,12.8
Ashcroft,266.0,561.0,506.0,1262.0,307.0,368.0,8.1,17.2,15.5,38.6,9.4,11.3
Ashfield,1093.0,1890.0,2662.0,9986.0,1563.0,3152.0,5.4,9.3,13.1,49.1,7.7,15.5
Asquith,177.0,450.0,442.0,1304.0,268.0,432.0,5.8,14.7,14.4,42.5,8.7,14.1
Auburn,2300.0,4067.0,4295.0,11266.0,1860.0,2679.0,8.7,15.4,16.2,42.6,7.0,10.1
Austinmer,143.0,358.0,262.0,977.0,213.0,265.0,6.5,16.2,11.8,44.1,9.6,12.0
Avoca Beach,284.0,709.0,539.0,1786.0,305.0,468.0,6.9,17.3,13.2,43.7,7.5,11.4
Balgowlah,459.0,650.0,630.0,2982.0,592.0,872.0,7.4,10.5,10.2,48.2,9.6,14.1
Balgowlah Heights,224.0,542.0,342.0,1227.0,268.0,533.0,7.1,17.3,10.9,39.1,8.5,17.0
Balgownie,396.0,881.0,826.0,2554.0,755.0,768.0,6.4,14.3,13.4,41.3,12.2,12.4
Balmain,444.0,632.0,924.0,5270.0,868.0,871.0,4.9,7.0,10.3,58.5,9.6,9.7
Balmain East,74.0,133.0,174.0,985.0,204.0,192.0,4.2,7.6,9.9,56.3,11.7,11.0
Bangor,339.0,920.0,1105.0,2531.0,458.0,317.0,6.0,16.2,19.5,44.6,8.1,5.6
Banksia,213.0,370.0,416.0,1301.0,318.0,383.0,7.1,12.3,13.9,43.4,10.6,12.8
Bankstown,2269.0,3335.0,3661.0,11282.0,1867.0,2877.0,9.0,13.2,14.5,44.6,7.4,11.4
Bar Beach,64.0,148.0,227.0,584.0,126.0,197.0,4.8,11.1,17.0,43.6,9.4,14.7
Barden Ridge,351.0,963.0,526.0,1789.0,158.0,80.0,9.1,24.9,13.6,46.3,4.1,2.1
Bardwell Park,137.0,251.0,323.0,934.0,229.0,348.0,6.2,11.3,14.6,42.1,10.3,15.7
Bardwell Valley,135.0,257.0,252.0,829.0,201.0,241.0,7.1,13.4,13.2,43.3,10.5,12.6
Barnsley,160.0,327.0,314.0,863.0,104.0,77.0,8.7,17.8,17.1,47.0,5.7,4.2
Barrack Heights,397.0,950.0,928.0,2750.0,715.0,654.0,6.2,14.9,14.5,43.0,11.2,10.2
Barrack Point,29.0,62.0,84.0,224.0,75.0,83.0,5.1,10.9,14.7,39.3,13.2,14.6
Bass Hill,648.0,1233.0,1180.0,3469.0,859.0,1215.0,7.5,14.3,13.7,40.3,10.0,14.1
Bateau Bay,621.0,1708.0,1286.0,4050.0,981.0,2493.0,5.6,15.3,11.5,36.4,8.8,22.4
Baulkham Hills,2192.0,4506.0,4881.0,14947.0,3865.0,3071.0,6.6,13.5,14.6,44.7,11.6,9.2
Bayview,143.0,377.0,311.0,1007.0,375.0,922.0,4.6,12.0,9.9,32.1,12.0,29.4
Beacon Hill,434.0,875.0,734.0,2524.0,688.0,735.0,7.2,14.6,12.2,42.1,11.5,12.3
Beaconsfield,41.0,46.0,61.0,430.0,60.0,65.0,6.0,6.7,8.9,62.4,8.7,9.4
Beecroft,414.0,1276.0,1225.0,3257.0,992.0,1348.0,4.9,15.0,14.4,38.3,11.7,15.8
Belfield,390.0,839.0,685.0,2399.0,541.0,822.0,6.9,14.8,12.1,42.2,9.5,14.5
Bella Vista,273.0,914.0,665.0,2099.0,305.0,190.0,6.1,20.5,14.9,47.1,6.8,4.3
Bellambi,350.0,750.0,622.0,1809.0,394.0,430.0,8.0,17.2,14.3,41.5,9.0,9.9
Bellevue Hill,419.0,1223.0,1400.0,4448.0,836.0,1247.0,4.4,12.8,14.6,46.5,8.7,13.0
Belmont,377.0,746.0,620.0,2263.0,636.0,1381.0,6.3,12.4,10.3,37.6,10.6,22.9
Belmont North,355.0,803.0,676.0,2130.0,565.0,901.0,6.5,14.8,12.5,39.2,10.4,16.6
Belmont South,76.0,155.0,132.0,441.0,127.0,205.0,6.7,13.7,11.7,38.9,11.2,18.1
Belmore,842.0,1654.0,1657.0,5413.0,1187.0,1632.0,6.8,13.4,13.4,43.7,9.6,13.2
Belrose,425.0,992.0,911.0,2820.0,1036.0,1396.0,5.6,13.1,12.0,37.2,13.7,18.4
Bensville,149.0,358.0,218.0,799.0,115.0,116.0,8.5,20.4,12.4,45.4,6.5,6.6
Berala,579.0,1078.0,1093.0,3473.0,568.0,937.0,7.5,14.0,14.1,44.9,7.4,12.1
Berkeley,461.0,1245.0,1086.0,2932.0,677.0,1085.0,6.2,16.6,14.5,39.2,9.0,14.5
Berkeley Vale,743.0,1613.0,1207.0,3868.0,669.0,1283.0,7.9,17.2,12.9,41.2,7.1,13.7
Berowra,390.0,722.0,549.0,2015.0,370.0,285.0,9.0,16.7,12.7,46.6,8.6,6.6
Berowra Heights,385.0,766.0,727.0,2435.0,506.0,311.0,7.5,14.9,14.2,47.5,9.9,6.1
Beverley Park,153.0,247.0,235.0,836.0,210.0,399.0,7.4,11.9,11.3,40.3,10.1,19.2
Beverly Hills,530.0,997.0,1113.0,3543.0,819.0,1727.0,6.1,11.4,12.7,40.6,9.4,19.8
Bexley,1313.0,2191.0,2220.0,7637.0,1634.0,2852.0,7.4,12.3,12.4,42.8,9.2,16.0
Bexley North,251.0,483.0,478.0,1570.0,422.0,704.0,6.4,12.3,12.2,40.1,10.8,18.0
Bidwill,462.0,987.0,790.0,1782.0,347.0,202.0,10.1,21.6,17.3,39.0,7.6,4.4
Birchgrove,145.0,287.0,283.0,1649.0,275.0,227.0,5.1,10.0,9.9,57.5,9.6,7.9
Birmingham Gardens,109.0,206.0,324.0,657.0,131.0,330.0,6.2,11.6,18.3,37.1,7.4,18.7
Birrong,165.0,381.0,354.0,1179.0,252.0,534.0,5.8,13.3,12.4,41.2,8.8,18.7
Blackalls Park,197.0,401.0,369.0,1142.0,270.0,379.0,7.1,14.5,13.3,41.3,9.8,13.7
Blackbutt,284.0,506.0,403.0,1358.0,244.0,250.0,9.3,16.6,13.2,44.6,8.0,8.2
Blackett,349.0,714.0,519.0,1352.0,355.0,204.0,10.0,20.4,14.9,38.7,10.2,5.8
Blacksmiths,106.0,195.0,195.0,645.0,220.0,374.0,6.1,11.3,11.3,37.4,12.8,21.7
Blacktown,2880.0,5095.0,5433.0,16026.0,3350.0,4628.0,7.7,13.6,14.5,42.8,9.0,12.4
Blackwall,111.0,210.0,166.0,669.0,166.0,377.0,6.5,12.3,9.7,39.2,9.7,22.1
Blairmount,24.0,121.0,192.0,151.0,33.0,26.0,4.2,21.4,33.9,26.7,5.8,4.6
Blakehurst,316.0,747.0,702.0,2136.0,466.0,959.0,5.9,14.0,13.2,40.1,8.7,18.0
Blaxland,414.0,1144.0,1096.0,3041.0,675.0,646.0,5.9,16.3,15.6,43.3,9.6,9.2
Blue Bay,39.0,81.0,95.0,285.0,95.0,229.0,4.6,9.6,11.3,33.9,11.3,27.2
Blue Haven,560.0,884.0,521.0,2016.0,349.0,368.0,11.9,18.8,11.1,42.9,7.4,7.8
Bolton Point,194.0,459.0,301.0,787.0,233.0,318.0,8.5,20.0,13.1,34.3,10.2,13.9
Bondi,394.0,665.0,1139.0,4523.0,727.0,1307.0,4.5,7.6,13.0,51.7,8.3,14.9
Bondi Beach,478.0,720.0,1411.0,6350.0,724.0,1079.0,4.4,6.7,13.1,59.0,6.7,10.0
Bondi Junction,362.0,543.0,1092.0,3930.0,602.0,1109.0,4.7,7.1,14.3,51.4,7.9,14.5
Bonnet Bay,102.0,324.0,433.0,1058.0,290.0,105.0,4.4,13.9,18.6,45.5,12.5,4.5
Bonnyrigg,636.0,1608.0,1573.0,3878.0,611.0,543.0,7.2,18.2,17.8,43.8,6.9,6.1
Bonnyrigg Heights,552.0,1321.0,1197.0,3264.0,454.0,297.0,7.8,18.7,16.9,46.1,6.4,4.2
Booker Bay,67.0,148.0,108.0,456.0,155.0,391.0,5.1,11.2,8.2,34.4,11.7,29.5
Boolaroo,81.0,167.0,131.0,532.0,117.0,160.0,6.8,14.1,11.0,44.8,9.8,13.5
Booragul,115.0,266.0,174.0,552.0,117.0,414.0,7.0,16.3,10.7,33.8,7.2,25.4
Bossley Park,922.0,2453.0,2524.0,6454.0,1148.0,916.0,6.4,17.0,17.5,44.8,8.0,6.4
Botany,506.0,923.0,913.0,3456.0,725.0,942.0,6.8,12.4,12.2,46.3,9.7,12.6
Bow Bowing,162.0,295.0,216.0,828.0,70.0,59.0,9.9,18.1,13.3,50.8,4.3,3.6
Bradbury,653.0,1254.0,1500.0,3873.0,938.0,818.0,7.2,13.9,16.6,42.8,10.4,9.0
Broadmeadow,81.0,171.0,227.0,675.0,98.0,186.0,5.6,11.8,15.6,46.5,6.7,12.8
Bronte,381.0,670.0,728.0,3566.0,545.0,879.0,5.6,9.9,10.8,52.7,8.1,13.0
Brookvale,135.0,267.0,373.0,1116.0,224.0,380.0,5.4,10.7,15.0,44.8,9.0,15.2
Budgewoi,151.0,362.0,319.0,996.0,376.0,733.0,5.1,12.3,10.9,33.9,12.8,25.0
Buff Point,231.0,585.0,408.0,1302.0,358.0,537.0,6.8,17.1,11.9,38.1,10.5,15.7
Bulli,349.0,825.0,636.0,2338.0,441.0,771.0,6.5,15.4,11.9,43.6,8.2,14.4
Burwood,501.0,1167.0,1817.0,5117.0,874.0,1653.0,4.5,10.5,16.3,46.0,7.9,14.9
Burwood Heights,49.0,105.0,131.0,417.0,99.0,157.0,5.1,10.9,13.6,43.4,10.3,16.3
Busby,292.0,806.0,607.0,1538.0,388.0,413.0,7.2,19.9,15.0,38.1,9.6,10.2
Cabarita,69.0,119.0,138.0,526.0,163.0,144.0,5.9,10.2,11.9,45.3,14.0,12.4
Cabramatta,1704.0,2459.0,2475.0,9043.0,1419.0,2291.0,8.8,12.7,12.8,46.6,7.3,11.8
Cabramatta West,456.0,998.0,929.0,2780.0,491.0,874.0,7.0,15.3,14.2,42.6,7.5,13.4
Cambridge Gardens,154.0,397.0,391.0,1001.0,150.0,88.0,7.1,18.2,17.9,45.9,6.9,4.0
Cambridge Park,468.0,919.0,957.0,2694.0,575.0,519.0,7.6,15.0,15.6,43.9,9.4,8.5
Camden,185.0,381.0,346.0,1192.0,291.0,672.0,6.0,12.4,11.3,38.9,9.5,21.9
Camden South,258.0,692.0,785.0,2075.0,434.0,407.0,5.5,14.9,16.9,44.6,9.3,8.7
Cammeray,311.0,445.0,659.0,3381.0,520.0,596.0,5.3,7.5,11.1,57.2,8.8,10.1
Campbelltown,650.0,1418.0,1581.0,4279.0,901.0,1100.0,6.5,14.3,15.9,43.1,9.1,11.1
Camperdown,226.0,182.0,1669.0,2593.0,309.0,479.0,4.1,3.3,30.6,47.5,5.7,8.8
Campsie,1652.0,2590.0,2728.0,9924.0,1615.0,2343.0,7.9,12.4,13.1,47.6,7.7,11.2
Canada Bay,72.0,135.0,126.0,608.0,108.0,160.0,6.0,11.2,10.4,50.4,8.9,13.3
Canley Heights,771.0,1480.0,1420.0,4192.0,798.0,1026.0,8.0,15.3,14.7,43.3,8.2,10.6
Canley Vale,759.0,1467.0,1371.0,4478.0,731.0,1288.0,7.5,14.5,13.6,44.4,7.2,12.8
Canterbury,346.0,672.0,742.0,2514.0,529.0,634.0,6.4,12.4,13.6,46.2,9.7,11.7
Canton Beach,27.0,70.0,128.0,260.0,166.0,460.0,2.4,6.3,11.4,23.2,14.8,41.1
Cardiff,355.0,616.0,650.0,2080.0,486.0,853.0,7.0,12.2,12.9,41.3,9.6,16.9
Cardiff Heights,84.0,227.0,224.0,694.0,197.0,353.0,4.7,12.8,12.6,39.0,11.1,19.9
Cardiff South,207.0,442.0,321.0,1151.0,211.0,355.0,7.7,16.5,12.0,42.9,7.9,13.2
Caringbah,1249.0,2546.0,2438.0,8692.0,1799.0,3865.0,6.1,12.4,11.8,42.2,8.7,18.8
Carlingford,1180.0,2602.0,2725.0,8127.0,2358.0,2466.0,6.1,13.4,14.0,41.8,12.1,12.7
Carlton,651.0,1113.0,1257.0,4521.0,875.0,1124.0,6.8,11.7,13.2,47.4,9.2,11.8
Carramar,232.0,428.0,339.0,1457.0,266.0,388.0,7.5,13.8,10.9,46.9,8.6,12.5
Carrington,108.0,192.0,172.0,748.0,141.0,246.0,6.7,11.9,10.7,46.5,8.8,15.3
Carss Park,73.0,145.0,142.0,447.0,138.0,219.0,6.3,12.6,12.3,38.9,12.0,19.0
Cartwright,146.0,370.0,261.0,913.0,308.0,264.0,6.5,16.4,11.6,40.4,13.6,11.7
Castle Cove,138.0,308.0,248.0,934.0,249.0,447.0,5.9,13.3,10.7,40.2,10.7,19.2
Castle Hill,1749.0,4865.0,4822.0,13107.0,3146.0,3840.0,5.5,15.4,15.3,41.6,10.0,12.2
Castlecrag,168.0,370.0,306.0,1099.0,259.0,436.0,6.4,14.0,11.6,41.6,9.8,16.5
Casula,929.0,1790.0,1595.0,5050.0,858.0,973.0,8.3,16.0,14.2,45.1,7.7,8.7
Caves Beach,251.0,662.0,508.0,1657.0,506.0,534.0,6.1,16.1,12.3,40.2,12.3,13.0
Cecil Hills,544.0,1067.0,886.0,2815.0,289.0,213.0,9.4,18.3,15.2,48.4,5.0,3.7
Centennial Park,65.0,137.0,300.0,1221.0,215.0,168.0,3.1,6.5,14.3,58.1,10.2,8.0
Charlestown,652.0,1508.0,1581.0,4584.0,1210.0,1805.0,5.8,13.3,13.9,40.4,10.7,15.9
Charmhaven,164.0,399.0,301.0,867.0,189.0,318.0,7.3,17.8,13.4,38.6,8.4,14.2
Chatswood,550.0,1045.0,1662.0,4597.0,769.0,1595.0,5.4,10.2,16.3,45.0,7.5,15.6
Chatswood West,468.0,750.0,1066.0,3607.0,652.0,948.0,6.2,10.0,14.2,48.1,8.7,12.7
Cheltenham,106.0,304.0,292.0,784.0,249.0,236.0,5.4,15.4,14.8,39.7,12.6,11.9
Cherrybrook,1088.0,3385.0,2902.0,8104.0,1507.0,1616.0,5.8,18.2,15.6,43.6,8.1,8.7
Chester Hill,683.0,1372.0,1304.0,4247.0,776.0,1574.0,6.9,13.8,13.1,42.7,7.8,15.8
Chifley,184.0,415.0,381.0,1272.0,263.0,468.0,6.2,13.9,12.8,42.6,8.8,15.7
Chippendale,75.0,103.0,754.0,2024.0,169.0,170.0,2.3,3.1,22.9,61.4,5.1,5.2
Chipping Norton,525.0,1335.0,1503.0,4180.0,794.0,654.0,5.8,14.8,16.7,46.5,8.8,7.3
Chiswick,44.0,97.0,166.0,687.0,117.0,199.0,3.4,7.4,12.7,52.5,8.9,15.2
Chittaway Bay,146.0,352.0,246.0,836.0,147.0,261.0,7.3,17.7,12.4,42.1,7.4,13.1
Chittaway Point,61.0,122.0,80.0,343.0,91.0,90.0,7.7,15.3,10.1,43.1,11.4,11.3
Church Point,42.0,152.0,146.0,494.0,158.0,135.0,3.8,13.6,13.0,44.1,14.1,12.1
Claremont Meadows,415.0,728.0,468.0,1673.0,111.0,82.0,11.9,20.9,13.4,48.0,3.2,2.4
Claymore,493.0,964.0,628.0,1235.0,167.0,81.0,13.8,27.0,17.6,34.6,4.7,2.3
Clontarf,97.0,258.0,183.0,675.0,184.0,238.0,5.9,15.8,11.2,41.3,11.3,14.6
Clovelly,277.0,448.0,439.0,2378.0,357.0,461.0,6.4,10.3,10.1,54.6,8.2,10.6
Coal Point,90.0,239.0,177.0,654.0,216.0,293.0,5.4,14.3,10.6,39.1,12.9,17.5
Coledale,78.0,114.0,108.0,414.0,72.0,112.0,8.7,12.7,12.0,46.1,8.0,12.5
Collaroy,861.0,1671.0,1698.0,5852.0,1310.0,1774.0,6.5,12.7,12.9,44.4,9.9,13.5
Colyton,648.0,1285.0,1305.0,3618.0,750.0,534.0,8.0,15.8,16.0,44.5,9.2,6.6
Como,267.0,604.0,393.0,1690.0,289.0,425.0,7.3,16.4,10.7,46.0,7.9,11.6
Concord,836.0,1598.0,1698.0,5905.0,1333.0,1940.0,6.3,12.0,12.8,44.4,10.0,14.6
Concord West,316.0,727.0,764.0,2489.0,596.0,1033.0,5.3,12.3,12.9,42.0,10.1,17.4
Condell Park,658.0,1290.0,1324.0,3687.0,856.0,1157.0,7.3,14.4,14.8,41.1,9.5,12.9
Coniston,116.0,190.0,245.0,830.0,186.0,293.0,6.2,10.2,13.2,44.6,10.0,15.8
Connells Point,152.0,392.0,337.0,1113.0,325.0,498.0,5.4,13.9,12.0,39.5,11.5,17.7
Coogee,672.0,942.0,1708.0,7713.0,1013.0,1352.0,5.0,7.0,12.7,57.6,7.6,10.1
Cooks Hill,99.0,205.0,549.0,1217.0,170.0,283.0,3.9,8.1,21.8,48.3,6.7,11.2
Copacabana,219.0,552.0,345.0,1257.0,154.0,212.0,8.0,20.1,12.6,45.8,5.6,7.7
Cordeaux Heights,411.0,1069.0,673.0,2281.0,251.0,179.0,8.5,22.0,13.8,46.9,5.2,3.7
Corrimal,592.0,1211.0,1263.0,3930.0,894.0,1603.0,6.2,12.8,13.3,41.4,9.4,16.9
Cranebrook,1361.0,2739.0,1944.0,6002.0,637.0,394.0,10.4,20.9,14.9,45.9,4.9,3.0
Cremorne,462.0,725.0,1083.0,5574.0,973.0,1381.0,4.5,7.1,10.6,54.7,9.5,13.5
Cremorne Point,84.0,103.0,142.0,1027.0,213.0,219.0,4.7,5.8,7.9,57.5,11.9,12.3
Cringila,150.0,307.0,379.0,892.0,312.0,316.0,6.4,13.1,16.1,38.0,13.3,13.4
Cromer,527.0,968.0,846.0,2953.0,755.0,885.0,7.6,14.0,12.2,42.6,10.9,12.8
Cronulla,703.0,1319.0,2315.0,8139.0,1289.0,2516.0,4.3,8.1,14.2,50.0,7.9,15.5
Croudace Bay,15.0,51.0,39.0,153.0,49.0,57.0,3.9,13.3,10.2,39.8,12.8,14.8
Crows Nest,174.0,194.0,414.0,1997.0,246.0,274.0,5.3,5.9,12.6,60.6,7.5,8.3
Croydon,531.0,1089.0,1247.0,4096.0,887.0,1246.0,5.8,12.0,13.7,45.0,9.8,13.7
Croydon Park,689.0,1390.0,1371.0,4861.0,969.0,1271.0,6.5,13.2,13.0,46.1,9.2,12.0
Curl Curl,120.0,318.0,187.0,829.0,127.0,262.0,6.5,17.2,10.1,44.9,6.9,14.2
Currans Hill,604.0,833.0,539.0,2184.0,144.0,103.0,13.7,18.9,12.2,49.6,3.3,2.3
Daceyville,41.0,101.0,179.0,418.0,160.0,318.0,3.4,8.3,14.7,34.2,13.1,26.0
Daleys Point,22.0,28.0,19.0,109.0,60.0,217.0,4.8,6.1,4.2,23.9,13.2,47.6
Dapto,750.0,1536.0,1408.0,4386.0,1207.0,1496.0,7.0,14.2,13.1,40.7,11.2,13.9
Darling Point,126.0,180.0,341.0,1791.0,540.0,1099.0,3.1,4.4,8.4,44.0,13.3,27.0
Darlinghurst,254.0,412.0,1167.0,5680.0,735.0,930.0,2.8,4.5,12.7,61.9,8.0,10.1
Darlington,57.0,78.0,575.0,1130.0,94.0,111.0,2.8,3.8,28.2,55.3,4.6,5.4
Davidson,110.0,356.0,462.0,1098.0,376.0,130.0,4.3,14.0,18.2,43.2,14.8,5.1
Davistown,114.0,306.0,224.0,761.0,200.0,327.0,5.9,15.9,11.6,39.5,10.4,17.0
Dawes Point,6.0,24.0,53.0,203.0,31.0,50.0,1.7,7.0,15.4,58.8,9.0,14.5
Dean Park,289.0,624.0,551.0,1479.0,148.0,183.0,8.8,19.0,16.8,45.1,4.5,5.6
Dee Why,997.0,1477.0,2194.0,8307.0,1336.0,2123.0,6.1,9.0,13.4,50.5,8.1,12.9
Denistone,225.0,476.0,452.0,1480.0,323.0,527.0,6.5,13.7,13.0,42.5,9.3,15.1
Denistone East,104.0,286.0,249.0,830.0,173.0,290.0,5.4,14.8,12.9,42.9,8.9,15.0
Denistone West,53.0,99.0,108.0,308.0,55.0,162.0,6.8,12.7,13.8,39.4,7.0,20.7
Dharruk,218.0,528.0,497.0,1247.0,232.0,134.0,7.6,18.4,17.3,43.5,8.1,4.7
Dolans Bay,70.0,168.0,149.0,468.0,124.0,156.0,6.2,14.8,13.1,41.3,10.9,13.8
Dolls Point,63.0,95.0,120.0,563.0,149.0,232.0,5.2,7.8,9.9,46.4,12.3,19.1
Doonside,1061.0,2586.0,2177.0,5893.0,970.0,967.0,7.8,18.9,15.9,43.2,7.1,7.1
Double Bay,143.0,259.0,375.0,1636.0,331.0,473.0,4.4,8.0,11.6,50.8,10.3,14.7
Dover Heights,177.0,471.0,487.0,1364.0,326.0,523.0,5.3,14.1,14.5,40.7,9.7,15.6
Drummoyne,580.0,881.0,1063.0,5199.0,1023.0,1550.0,5.6,8.6,10.3,50.5,9.9,15.1
Dudley,135.0,319.0,335.0,959.0,225.0,281.0,6.0,14.1,14.8,42.4,10.0,12.4
Dulwich Hill,811.0,1301.0,1477.0,6689.0,1044.0,1151.0,6.5,10.4,11.8,53.6,8.4,9.2
Dundas,667.0,1328.0,1120.0,4457.0,814.0,1192.0,7.0,13.9,11.7,46.5,8.5,12.4
Dundas Valley,427.0,951.0,864.0,2940.0,554.0,1009.0,6.3,14.1,12.8,43.6,8.2,15.0
Dural,260.0,632.0,468.0,1637.0,350.0,440.0,6.9,16.7,12.4,43.2,9.2,11.6
Eagle Vale,543.0,1248.0,931.0,2690.0,268.0,209.0,9.2,21.2,15.8,45.6,4.5,3.5
Earlwood,1051.0,1971.0,2046.0,7170.0,1886.0,2719.0,6.2,11.7,12.1,42.6,11.2,16.1
East Gosford,145.0,341.0,372.0,1190.0,352.0,933.0,4.4,10.2,11.2,35.7,10.6,28.0
East Hills,153.0,354.0,325.0,1051.0,252.0,406.0,6.0,13.9,12.8,41.3,9.9,16.0
East Killara,111.0,427.0,501.0,1097.0,353.0,366.0,3.9,14.9,17.5,38.4,12.4,12.8
East Lindfield,212.0,520.0,434.0,1260.0,336.0,628.0,6.3,15.4,12.8,37.2,9.9,18.5
East Ryde,128.0,288.0,281.0,894.0,287.0,364.0,5.7,12.8,12.5,39.8,12.8,16.2
Eastern Creek,40.0,78.0,106.0,224.0,27.0,59.0,7.3,14.3,19.4,41.1,5.0,10.8
Eastlakes,508.0,831.0,917.0,3111.0,712.0,959.0,7.2,11.8,13.0,44.2,10.1,13.6
Eastwood,840.0,2029.0,2047.0,6188.0,1104.0,1875.0,6.0,14.4,14.5,43.9,7.8,13.3
Edensor Park,628.0,1690.0,1588.0,4275.0,626.0,508.0,6.7,18.1,17.0,45.9,6.7,5.5
Edgecliff,77.0,191.0,331.0,1232.0,285.0,656.0,2.8,6.9,11.9,44.5,10.3,23.7
Edgeworth,622.0,1204.0,1092.0,3352.0,619.0,882.0,8.0,15.5,14.1,43.1,8.0,11.3
Elanora Heights,253.0,561.0,485.0,1562.0,455.0,437.0,6.7,15.0,12.9,41.6,12.1,11.6
Elderslie,190.0,440.0,315.0,1160.0,238.0,300.0,7.2,16.7,11.9,44.0,9.0,11.4
Eleebana,302.0,971.0,837.0,2433.0,632.0,584.0,5.2,16.9,14.5,42.2,11.0,10.1
Elermore Vale,316.0,826.0,797.0,2169.0,358.0,353.0,6.6,17.1,16.5,45.0,7.4,7.3
Elizabeth Bay,108.0,141.0,346.0,2966.0,429.0,787.0,2.3,3.0,7.2,62.1,9.0,16.5
Emerton,215.0,464.0,356.0,902.0,228.0,145.0,9.3,20.1,15.4,39.1,9.9,6.3
Empire Bay,95.0,274.0,165.0,634.0,149.0,206.0,6.2,18.0,10.8,41.6,9.8,13.5
Emu Heights,294.0,632.0,509.0,1472.0,243.0,162.0,8.9,19.1,15.4,44.6,7.4,4.9
Emu Plains,508.0,1095.0,1294.0,3576.0,789.0,854.0,6.3,13.5,15.9,44.1,9.7,10.5
Enfield,142.0,327.0,349.0,1067.0,230.0,334.0,5.8,13.4,14.3,43.6,9.4,13.6
Engadine,1243.0,2490.0,2704.0,8060.0,2089.0,1351.0,6.9,13.9,15.1,44.9,11.6,7.5
Enmore,152.0,232.0,517.0,2072.0,243.0,298.0,4.3,6.6,14.7,59.0,6.9,8.5
Epping,973.0,2296.0,2983.0,7840.0,1514.0,2458.0,5.4,12.7,16.5,43.4,8.4,13.6
Erina,234.0,555.0,376.0,1433.0,427.0,1448.0,5.2,12.4,8.4,32.0,9.5,32.4
Ermington,651.0,1472.0,1280.0,4338.0,947.0,1595.0,6.3,14.3,12.5,42.2,9.2,15.5
Erskine Park,673.0,1532.0,1013.0,3355.0,253.0,182.0,9.6,21.9,14.5,47.9,3.6,2.6
Erskineville,224.0,321.0,637.0,3088.0,268.0,277.0,4.6,6.7,13.2,64.1,5.6,5.7
Eschol Park,223.0,500.0,491.0,1358.0,150.0,74.0,8.0,17.9,17.6,48.6,5.4,2.6
Ettalong Beach,252.0,453.0,373.0,1410.0,435.0,1149.0,6.2,11.1,9.2,34.6,10.7,28.2
Fairfield,1101.0,2046.0,2026.0,6476.0,1194.0,1743.0,7.5,14.0,13.9,44.4,8.2,12.0
Fairfield East,160.0,375.0,332.0,979.0,209.0,262.0,6.9,16.2,14.4,42.3,9.0,11.3
Fairfield Heights,398.0,852.0,766.0,2260.0,455.0,713.0,7.3,15.6,14.1,41.5,8.3,13.1
Fairfield West,704.0,1518.0,1571.0,4416.0,1174.0,924.0,6.8,14.7,15.2,42.8,11.4,9.0
Fairlight,362.0,442.0,542.0,2760.0,469.0,808.0,6.7,8.2,10.1,51.3,8.7,15.0
Fairy Meadow,411.0,805.0,1075.0,2591.0,642.0,1213.0,6.1,11.9,16.0,38.4,9.5,18.0
Farmborough Heights,309.0,632.0,583.0,1740.0,298.0,202.0,8.2,16.8,15.5,46.3,7.9,5.4
Faulconbridge,243.0,627.0,519.0,1707.0,378.0,385.0,6.3,16.2,13.4,44.2,9.8,10.0
Fennell Bay,120.0,320.0,250.0,827.0,244.0,262.0,5.9,15.8,12.3,40.8,12.0,12.9
Figtree,684.0,1384.0,1426.0,4221.0,1198.0,1321.0,6.7,13.5,13.9,41.2,11.7,12.9
Five Dock,438.0,774.0,748.0,3375.0,715.0,1236.0,6.0,10.6,10.3,46.3,9.8,17.0
Fletcher,71.0,137.0,71.0,381.0,36.0,6.0,10.0,19.4,10.0,53.9,5.1,0.8
Flinders,296.0,456.0,301.0,1216.0,171.0,175.0,11.3,17.5,11.5,46.6,6.6,6.7
Floraville,113.0,210.0,164.0,586.0,109.0,120.0,8.7,16.2,12.7,45.2,8.4,9.3
Forest Lodge,85.0,135.0,459.0,1293.0,143.0,144.0,3.8,6.0,20.3,57.3,6.3,6.4
Forestville,501.0,962.0,791.0,3003.0,927.0,1277.0,6.7,12.9,10.6,40.2,12.4,17.1
Forresters Beach,162.0,394.0,303.0,1036.0,181.0,234.0,7.0,17.1,13.1,44.8,7.8,10.1
Frenchs Forest,914.0,1780.0,1536.0,5195.0,1532.0,1336.0,7.4,14.5,12.5,42.3,12.5,10.9
Garden Suburb,137.0,260.0,196.0,660.0,147.0,186.0,8.6,16.4,12.3,41.6,9.3,11.7
Gateshead,232.0,537.0,529.0,1398.0,421.0,548.0,6.3,14.7,14.4,38.2,11.5,15.0
Georges Hall,514.0,1028.0,1217.0,3369.0,1028.0,786.0,6.5,12.9,15.3,42.4,12.9,9.9
Georgetown,116.0,186.0,238.0,808.0,128.0,318.0,6.5,10.4,13.3,45.0,7.1,17.7
Girraween,240.0,453.0,481.0,1650.0,362.0,426.0,6.7,12.6,13.3,45.7,10.0,11.8
Gladesville,685.0,1099.0,1206.0,5182.0,961.0,1478.0,6.5,10.4,11.4,48.8,9.1,13.9
Glebe,419.0,905.0,1915.0,5537.0,962.0,1133.0,3.9,8.3,17.6,50.9,8.8,10.4
Glen Alpine,246.0,818.0,715.0,2004.0,242.0,153.0,5.9,19.6,17.1,48.0,5.8,3.7
Glenbrook,343.0,866.0,713.0,2232.0,432.0,448.0,6.8,17.2,14.2,44.4,8.6,8.9
Glendale,201.0,393.0,409.0,1226.0,329.0,470.0,6.6,13.0,13.5,40.5,10.9,15.5
Glendenning,601.0,974.0,558.0,2273.0,166.0,136.0,12.8,20.7,11.9,48.3,3.5,2.9
Glenfield,422.0,1064.0,1155.0,2892.0,574.0,876.0,6.0,15.2,16.5,41.4,8.2,12.5
Glenhaven,308.0,1110.0,928.0,2521.0,485.0,315.0,5.4,19.6,16.4,44.4,8.6,5.6
Glenmore Park,1936.0,3070.0,2347.0,8327.0,713.0,519.0,11.4,18.2,13.9,49.2,4.2,3.1
Glenning Valley,53.0,160.0,80.0,324.0,53.0,44.0,7.4,22.4,11.2,45.4,7.4,6.2
Glenwood,1115.0,1354.0,1209.0,4820.0,488.0,296.0,12.0,14.6,13.0,51.9,5.3,3.2
Gordon,309.0,874.0,1044.0,2380.0,640.0,1031.0,4.9,13.9,16.6,37.9,10.2,16.4
Gorokan,463.0,908.0,820.0,2567.0,768.0,1658.0,6.4,12.6,11.4,35.7,10.7,23.1
Gosford,130.0,163.0,516.0,1190.0,270.0,484.0,4.7,5.9,18.8,43.3,9.8,17.6
Granville,1663.0,3364.0,3195.0,8725.0,1601.0,2246.0,8.0,16.2,15.4,42.0,7.7,10.8
Grays Point,171.0,463.0,390.0,1221.0,324.0,191.0,6.2,16.8,14.2,44.3,11.8,6.9
Green Point,327.0,1009.0,705.0,2340.0,657.0,1251.0,5.2,16.0,11.2,37.2,10.5,19.9
Green Valley,1132.0,2206.0,1731.0,5376.0,605.0,467.0,9.8,19.2,15.0,46.7,5.3,4.1
Greenacre,1535.0,3606.0,3083.0,8017.0,1635.0,2761.0,7.4,17.5,14.9,38.8,7.9,13.4
Greenfield Park,331.0,895.0,952.0,2470.0,414.0,310.0,6.2,16.7,17.7,46.0,7.7,5.8
Greenwich,275.0,559.0,725.0,2509.0,510.0,732.0,5.2,10.5,13.6,47.2,9.6,13.8
Greystanes,1380.0,2919.0,3259.0,9556.0,2727.0,1850.0,6.4,13.5,15.0,44.1,12.6,8.5
Guildford,834.0,1534.0,1573.0,4449.0,782.0,1403.0,7.9,14.5,14.9,42.1,7.4,13.3
Guildford West,356.0,617.0,592.0,1746.0,349.0,488.0,8.6,14.9,14.3,42.1,8.4,11.8
Gwynneville,109.0,169.0,499.0,770.0,129.0,288.0,5.6,8.6,25.4,39.2,6.6,14.7
Gymea,437.0,776.0,788.0,2865.0,615.0,1063.0,6.7,11.9,12.0,43.8,9.4,16.2
Gymea Bay,463.0,1013.0,840.0,2720.0,660.0,715.0,7.2,15.8,13.1,42.4,10.3,11.1
Haberfield,341.0,855.0,707.0,2886.0,652.0,1293.0,5.1,12.7,10.5,42.9,9.7,19.2
Halekulani,140.0,301.0,244.0,821.0,319.0,476.0,6.1,13.1,10.6,35.7,13.9,20.7
Hamilton,206.0,272.0,684.0,1681.0,325.0,793.0,5.2,6.9,17.3,42.5,8.2,20.0
Hamilton East,53.0,120.0,164.0,425.0,79.0,151.0,5.3,12.0,16.4,42.6,7.9,15.1
Hamilton North,46.0,98.0,119.0,394.0,59.0,135.0,5.4,11.5,14.0,46.4,6.9,15.9
Hamilton South,232.0,441.0,393.0,1560.0,368.0,700.0,6.3,11.9,10.6,42.2,10.0,19.0
Hammondville,312.0,532.0,395.0,1501.0,209.0,494.0,9.1,15.4,11.5,43.6,6.1,14.3
Harrington Park,381.0,543.0,361.0,1459.0,166.0,110.0,12.6,18.0,12.0,48.4,5.5,3.6
Harris Park,489.0,804.0,961.0,3553.0,424.0,682.0,7.1,11.6,13.9,51.4,6.1,9.9
Hassall Grove,527.0,953.0,572.0,2067.0,159.0,117.0,12.0,21.7,13.0,47.1,3.6,2.7
Haymarket,183.0,339.0,1455.0,2325.0,352.0,438.0,3.6,6.7,28.6,45.7,6.9,8.6
Heathcote,443.0,904.0,731.0,2467.0,557.0,819.0,7.5,15.2,12.3,41.6,9.4,13.8
Hebersham,554.0,1114.0,981.0,2555.0,477.0,294.0,9.3,18.7,16.4,42.8,8.0,4.9
Heckenberg,236.0,560.0,504.0,1141.0,274.0,239.0,8.0,19.0,17.1,38.7,9.3,8.1
Henley,27.0,46.0,61.0,194.0,33.0,41.0,6.5,11.1,14.7,46.6,7.9,9.9
Highfields,31.0,70.0,69.0,243.0,58.0,124.0,5.2,11.7,11.6,40.8,9.7,20.8
Hillsborough,46.0,137.0,97.0,299.0,64.0,65.0,6.6,19.6,13.9,42.7,9.1,9.3
Hillsdale,411.0,748.0,902.0,2720.0,449.0,563.0,7.1,12.9,15.6,47.0,7.8,9.7
Hinchinbrook,981.0,1881.0,1434.0,4800.0,469.0,335.0,9.9,19.0,14.5,48.5,4.7,3.4
Holmesville,121.0,246.0,203.0,717.0,115.0,82.0,8.0,16.3,13.5,47.6,7.6,5.4
Holsworthy,359.0,505.0,482.0,1454.0,65.0,60.0,12.4,17.4,16.6,50.1,2.2,2.1
Homebush,227.0,690.0,641.0,1944.0,342.0,495.0,5.2,15.9,14.8,44.8,7.9,11.4
Homebush West,195.0,350.0,358.0,1312.0,162.0,279.0,7.3,13.2,13.5,49.3,6.1,10.5
Horningsea Park,303.0,433.0,381.0,1387.0,99.0,50.0,11.4,16.3,14.3,52.2,3.7,1.9
Hornsby,1122.0,1982.0,2594.0,8762.0,1549.0,2266.0,6.1,10.8,14.2,47.9,8.5,12.4
Hornsby Heights,435.0,902.0,865.0,2718.0,614.0,378.0,7.4,15.3,14.6,46.0,10.4,6.4
Horsley,539.0,987.0,699.0,2570.0,305.0,233.0,10.1,18.5,13.1,48.2,5.7,4.4
Hoxton Park,388.0,615.0,486.0,1627.0,129.0,97.0,11.6,18.4,14.6,48.8,3.9,2.9
Hunters Hill,479.0,1265.0,1429.0,3142.0,810.0,1686.0,5.4,14.4,16.2,35.7,9.2,19.1
Huntleys Point,0.0,27.0,31.0,62.0,22.0,27.0,0.0,16.0,18.3,36.7,13.0,16.0
Hurlstone Park,303.0,574.0,651.0,2382.0,504.0,602.0,6.0,11.5,13.0,47.5,10.1,12.0
Hurstville,1348.0,2446.0,3123.0,9347.0,1634.0,2472.0,6.6,12.0,15.3,45.9,8.0,12.1
Hurstville Grove,127.0,338.0,303.0,909.0,263.0,306.0,5.7,15.1,13.5,40.5,11.7,13.6
Illawong,422.0,1588.0,1364.0,3429.0,582.0,511.0,5.3,20.1,17.3,43.4,7.4,6.5
Ingleburn,982.0,2135.0,2249.0,6442.0,1178.0,1266.0,6.9,15.0,15.8,45.2,8.3,8.9
Ingleside,60.0,112.0,102.0,412.0,93.0,174.0,6.2,11.7,10.6,42.9,9.7,18.1
Islington,76.0,90.0,246.0,682.0,102.0,196.0,5.4,6.4,17.6,48.8,7.3,14.0
Jamisontown,319.0,616.0,930.0,2234.0,350.0,399.0,6.6,12.7,19.2,46.1,7.2,8.2
Jannali,362.0,658.0,610.0,2236.0,400.0,738.0,7.2,13.1,12.2,44.7,8.0,14.7
Jesmond,117.0,224.0,544.0,820.0,165.0,468.0,5.0,9.6,23.2,35.0,7.1,20.0
Jewells,152.0,396.0,454.0,1137.0,248.0,244.0,5.8,15.0,17.2,43.0,9.4,9.2
Kahibah,168.0,287.0,279.0,938.0,261.0,459.0,7.0,12.0,11.7,39.3,10.9,19.2
Kanahooka,246.0,586.0,597.0,1873.0,594.0,635.0,5.4,12.9,13.2,41.4,13.1,14.0
Kangaroo Point,14.0,69.0,103.0,234.0,68.0,77.0,2.4,11.9,17.8,40.5,11.8,13.3
Kanwal,297.0,655.0,374.0,1422.0,391.0,560.0,8.0,17.7,10.1,38.4,10.5,15.1
Kareela,154.0,266.0,366.0,1102.0,467.0,218.0,6.0,10.3,14.2,42.8,18.1,8.5
Kariong,630.0,1327.0,555.0,2770.0,354.0,333.0,10.5,22.2,9.3,46.4,5.9,5.6
Kearns,230.0,694.0,414.0,1302.0,109.0,147.0,8.0,24.1,14.4,45.2,3.8,5.1
Keiraville,173.0,423.0,658.0,1279.0,352.0,564.0,5.0,12.3,19.1,37.1,10.2,16.4
Kellyville,1356.0,2356.0,1760.0,6505.0,853.0,567.0,10.1,17.6,13.1,48.6,6.4,4.2
Kembla Grange,9.0,18.0,30.0,68.0,18.0,3.0,6.8,13.5,22.6,51.1,13.5,2.3
Kensington,457.0,808.0,2987.0,4609.0,724.0,1097.0,4.3,7.6,28.0,43.2,6.8,10.3
Kilaben Bay,59.0,195.0,172.0,511.0,130.0,160.0,4.8,16.0,14.1,41.9,10.7,13.1
Killara,346.0,1205.0,1247.0,2951.0,823.0,1256.0,4.4,15.4,15.9,37.7,10.5,16.0
Killarney Heights,262.0,552.0,491.0,1622.0,539.0,583.0,6.5,13.6,12.1,40.1,13.3,14.4
Killarney Vale,512.0,1033.0,813.0,2652.0,619.0,1495.0,7.2,14.5,11.4,37.2,8.7,21.0
Kincumber,446.0,1098.0,704.0,2381.0,450.0,1606.0,6.7,16.4,10.5,35.6,6.7,24.0
Kincumber South,19.0,49.0,41.0,201.0,118.0,189.0,3.0,7.8,6.5,32.0,18.8,30.0
Kings Langley,588.0,1338.0,1675.0,4508.0,811.0,597.0,6.2,14.1,17.6,47.4,8.5,6.3
Kings Park,302.0,452.0,597.0,1767.0,248.0,157.0,8.6,12.8,16.9,50.1,7.0,4.5
Kingsford,726.0,1290.0,3294.0,6142.0,1056.0,1786.0,5.1,9.0,23.0,43.0,7.4,12.5
Kingsgrove,547.0,1209.0,1512.0,4341.0,1140.0,2051.0,5.1,11.2,14.0,40.2,10.6,19.0
Kingswood,735.0,1153.0,1558.0,3660.0,697.0,852.0,8.5,13.3,18.0,42.3,8.1,9.8
Kirrawee,633.0,1196.0,1295.0,4183.0,1058.0,1253.0,6.6,12.4,13.5,43.5,11.0,13.0
Kirribilli,78.0,111.0,340.0,2005.0,398.0,535.0,2.2,3.2,9.8,57.8,11.5,15.4
Kogarah,731.0,1104.0,1328.0,5025.0,901.0,1754.0,6.7,10.2,12.2,46.3,8.3,16.2
Kogarah Bay,103.0,244.0,215.0,786.0,202.0,320.0,5.5,13.0,11.5,42.0,10.8,17.1
Koolewong,45.0,94.0,101.0,330.0,96.0,112.0,5.7,11.9,12.8,41.9,12.2,14.2
Koonawarra,268.0,700.0,560.0,1594.0,384.0,260.0,7.1,18.6,14.9,42.4,10.2,6.9
Kotara,222.0,512.0,418.0,1468.0,430.0,758.0,5.8,13.4,11.0,38.5,11.3,19.9
Kotara South,71.0,126.0,139.0,417.0,154.0,218.0,6.3,11.2,12.4,37.1,13.7,19.4
Kurnell,168.0,332.0,248.0,1004.0,191.0,190.0,7.9,15.6,11.6,47.0,9.0,8.9
Kyeemagh,36.0,94.0,98.0,343.0,107.0,160.0,4.3,11.2,11.6,40.7,12.7,19.0
Kyle Bay,83.0,180.0,147.0,502.0,142.0,185.0,6.7,14.5,11.9,40.5,11.5,14.9
La Perouse,32.0,65.0,56.0,175.0,39.0,58.0,7.7,15.6,13.4,41.9,9.3,13.9
Lake Haven,191.0,516.0,387.0,1231.0,330.0,808.0,5.5,14.9,11.2,35.6,9.5,23.4
Lake Heights,246.0,460.0,489.0,1435.0,433.0,623.0,6.7,12.5,13.3,38.9,11.7,16.9
Lake Illawarra,206.0,409.0,419.0,1291.0,321.0,613.0,6.3,12.6,12.9,39.6,9.9,18.8
Lakelands,115.0,330.0,208.0,697.0,127.0,95.0,7.3,21.0,13.3,44.4,8.1,6.1
Lakemba,1481.0,2071.0,1866.0,6558.0,992.0,1499.0,10.2,14.3,12.9,45.3,6.9,10.4
Lalor Park,577.0,1070.0,876.0,3183.0,603.0,1133.0,7.8,14.4,11.8,42.8,8.1,15.2
Lambton,303.0,601.0,621.0,1899.0,355.0,766.0,6.7,13.2,13.7,41.8,7.8,16.9
Lane Cove,471.0,811.0,917.0,3789.0,728.0,1334.0,5.9,10.1,11.4,47.1,9.0,16.6
Lane Cove North,519.0,745.0,1178.0,4390.0,668.0,1017.0,6.1,8.7,13.8,51.5,7.8,11.9
Lane Cove West,157.0,285.0,234.0,955.0,189.0,286.0,7.5,13.5,11.1,45.4,9.0,13.6
Lansvale,175.0,362.0,298.0,1064.0,262.0,268.0,7.2,14.9,12.3,43.9,10.8,11.1
Lapstone,61.0,104.0,107.0,347.0,157.0,123.0,6.8,11.6,12.0,38.8,17.6,13.8
Lavender Bay,25.0,39.0,189.0,623.0,125.0,80.0,2.3,3.6,17.7,58.3,11.7,7.5
Leichhardt,654.0,950.0,1593.0,7044.0,959.0,1286.0,5.2,7.6,12.8,56.4,7.7,10.3
Leonay,134.0,305.0,388.0,1180.0,308.0,184.0,5.4,12.2,15.5,47.2,12.3,7.4
Lethbridge Park,462.0,882.0,656.0,1902.0,604.0,359.0,9.5,18.1,13.5,39.1,12.4,7.4
Leumeah,592.0,1304.0,1513.0,4027.0,900.0,708.0,6.5,14.4,16.7,44.5,10.0,7.8
Lewisham,173.0,269.0,394.0,1510.0,248.0,331.0,5.9,9.2,13.4,51.5,8.5,11.3
Liberty Grove,83.0,164.0,242.0,780.0,65.0,53.0,6.1,12.0,17.7,57.0,4.8,3.9
Lidcombe,828.0,1642.0,2057.0,5823.0,978.0,1415.0,6.5,12.9,16.1,45.7,7.7,11.1
Lilli Pilli,115.0,342.0,324.0,835.0,239.0,283.0,5.4,16.0,15.2,39.1,11.2,13.3
Lilyfield,418.0,634.0,652.0,3713.0,583.0,945.0,6.0,9.1,9.4,53.5,8.4,13.6
Lindfield,457.0,1283.0,1112.0,3197.0,693.0,1453.0,5.6,15.7,13.6,39.0,8.5,17.7
Linley Point,21.0,45.0,39.0,155.0,61.0,36.0,5.8,12.5,10.8,43.1,16.9,10.0
Lisarow,398.0,990.0,597.0,2122.0,291.0,336.0,8.4,20.9,12.6,44.9,6.2,7.1
Little Bay,117.0,238.0,236.0,777.0,175.0,358.0,6.2,12.5,12.4,40.9,9.2,18.8
Liverpool,1547.0,2859.0,2923.0,9388.0,1671.0,2098.0,7.6,14.0,14.3,45.8,8.2,10.2
Loftus,298.0,523.0,480.0,1667.0,467.0,462.0,7.6,13.4,12.3,42.7,12.0,11.8
Long Jetty,360.0,600.0,600.0,1903.0,554.0,1303.0,6.8,11.3,11.3,35.8,10.4,24.5
Long Point,10.0,63.0,67.0,161.0,42.0,18.0,2.8,17.6,18.7,45.0,11.7,5.0
Longueville,104.0,352.0,306.0,775.0,217.0,282.0,5.1,17.3,15.0,38.1,10.7,13.9
Lugarno,312.0,787.0,715.0,2223.0,719.0,770.0,5.6,14.2,12.9,40.2,13.0,13.9
Lurnea,660.0,1327.0,1176.0,3259.0,729.0,857.0,8.2,16.6,14.7,40.7,9.1,10.7
Macquarie Fields,1128.0,2669.0,2059.0,5869.0,1123.0,866.0,8.2,19.5,15.0,42.8,8.2,6.3
Macquarie Hills,173.0,427.0,391.0,1212.0,209.0,102.0,6.9,17.0,15.5,48.1,8.3,4.1
Macquarie Links,33.0,53.0,50.0,172.0,15.0,12.0,10.1,16.3,15.3,52.8,4.6,3.7
Macquarie Park,259.0,364.0,1317.0,2933.0,374.0,766.0,4.3,6.1,21.9,48.8,6.2,12.7
Malabar,197.0,477.0,591.0,2122.0,501.0,662.0,4.3,10.5,13.0,46.6,11.0,14.5
Mangerton,161.0,335.0,327.0,1031.0,238.0,440.0,6.4,13.2,12.9,40.7,9.4,17.4
Manly,693.0,918.0,1674.0,7529.0,1170.0,2176.0,4.9,6.5,11.8,53.2,8.3,15.4
Manly Vale,345.0,533.0,591.0,2462.0,342.0,664.0,7.0,10.8,12.0,49.9,6.9,13.5
Marayong,481.0,1090.0,1079.0,3002.0,587.0,833.0,6.8,15.4,15.3,42.4,8.3,11.8
Mardi,265.0,352.0,323.0,1084.0,135.0,246.0,11.0,14.6,13.4,45.1,5.6,10.2
Marks Point,74.0,203.0,207.0,675.0,185.0,333.0,4.4,12.1,12.3,40.1,11.0,19.8
Marmong Point,27.0,60.0,40.0,152.0,57.0,80.0,6.7,15.0,10.0,37.9,14.2,20.0
Maroubra,1323.0,2554.0,4150.0,11110.0,2408.0,3804.0,5.2,10.1,16.4,43.8,9.5,15.0
Marrickville,1466.0,2609.0,3302.0,12320.0,2188.0,2949.0,5.9,10.5,13.3,49.6,8.8,11.9
Marsfield,542.0,1020.0,1811.0,5571.0,999.0,1315.0,4.8,9.1,16.1,49.5,8.9,11.7
Maryland,621.0,1322.0,918.0,3243.0,449.0,320.0,9.0,19.2,13.3,47.2,6.5,4.7
Maryville,52.0,89.0,160.0,478.0,85.0,166.0,5.0,8.6,15.5,46.3,8.2,16.1
Mascot,459.0,950.0,1047.0,3727.0,837.0,983.0,5.7,11.9,13.1,46.6,10.5,12.3
Matraville,517.0,1075.0,1223.0,3652.0,836.0,1333.0,6.0,12.4,14.2,42.3,9.7,15.4
Mayfield,633.0,988.0,1293.0,3748.0,747.0,1610.0,7.0,11.0,14.3,41.6,8.3,17.8
Mayfield East,85.0,185.0,242.0,647.0,124.0,191.0,5.8,12.6,16.5,44.0,8.4,13.0
Mayfield West,96.0,183.0,244.0,709.0,170.0,303.0,5.6,10.7,14.3,41.6,10.0,17.8
Mays Hill,41.0,88.0,95.0,284.0,63.0,82.0,6.2,13.3,14.4,42.9,9.5,12.4
McMahons Point,60.0,95.0,249.0,1209.0,255.0,225.0,2.9,4.5,11.9,57.7,12.2,10.7
Meadowbank,111.0,132.0,303.0,1195.0,132.0,191.0,5.4,6.4,14.7,58.0,6.4,9.3
Melrose Park,170.0,264.0,253.0,903.0,160.0,232.0,8.6,13.3,12.7,45.4,8.0,11.7
Menai,972.0,2150.0,1358.0,5014.0,634.0,429.0,9.2,20.4,12.9,47.5,6.0,4.1
Merewether,481.0,1111.0,1628.0,4237.0,828.0,1678.0,4.8,11.2,16.3,42.5,8.3,16.8
Merewether Heights,65.0,165.0,137.0,500.0,215.0,208.0,5.0,12.7,10.6,38.6,16.6,16.1
Merrylands,1550.0,2660.0,2858.0,8522.0,1606.0,2504.0,7.9,13.5,14.5,43.3,8.2,12.7
Merrylands West,324.0,761.0,803.0,2274.0,416.0,910.0,5.9,13.9,14.6,41.4,7.6,16.6
Middle Cove,56.0,131.0,110.0,371.0,106.0,178.0,5.9,13.8,11.6,39.0,11.1,18.7
Miller,267.0,559.0,457.0,1201.0,312.0,362.0,8.5,17.7,14.5,38.1,9.9,11.5
Millers Point,35.0,112.0,141.0,600.0,172.0,172.0,2.8,9.1,11.5,48.7,14.0,14.0
Milperra,224.0,527.0,562.0,1842.0,544.0,238.0,5.7,13.4,14.3,46.8,13.8,6.0
Milsons Point,44.0,79.0,168.0,814.0,120.0,89.0,3.4,6.1,13.0,62.8,9.3,6.9
Minchinbury,466.0,1147.0,708.0,2475.0,279.0,164.0,8.9,21.9,13.5,47.2,5.3,3.1
Minmi,86.0,110.0,61.0,314.0,48.0,30.0,13.4,17.1,9.5,48.8,7.5,4.7
Minto,1111.0,2230.0,1848.0,4809.0,727.0,576.0,9.8,19.7,16.4,42.5,6.4,5.1
Miranda,774.0,1343.0,1663.0,5275.0,1125.0,2250.0,6.2,10.8,13.4,42.4,9.1,18.1
Mona Vale,497.0,1058.0,1175.0,3954.0,999.0,1598.0,5.4,11.4,12.7,42.6,10.8,17.2
Monterey,205.0,397.0,463.0,1756.0,478.0,752.0,5.1,9.8,11.4,43.4,11.8,18.6
Moorebank,332.0,676.0,930.0,2638.0,833.0,554.0,5.6,11.3,15.6,44.3,14.0,9.3
Mortdale,586.0,1031.0,1250.0,4372.0,759.0,1212.0,6.4,11.2,13.6,47.5,8.2,13.2
Mortlake,19.0,33.0,27.0,182.0,67.0,48.0,5.3,9.2,7.5,50.6,18.6,13.3
Mosman,1444.0,2699.0,2706.0,11856.0,2576.0,3538.0,5.8,10.9,10.9,47.8,10.4,14.3
Mount Annan,813.0,1254.0,787.0,3317.0,303.0,172.0,12.2,18.9,11.8,49.9,4.6,2.6
Mount Colah,513.0,1252.0,820.0,3131.0,562.0,579.0,7.5,18.2,11.9,45.6,8.2,8.4
Mount Druitt,1092.0,1779.0,1780.0,5028.0,908.0,969.0,9.5,15.4,15.4,43.5,7.9,8.4
Mount Hutton,213.0,505.0,381.0,1224.0,258.0,429.0,7.1,16.8,12.6,40.6,8.6,14.2
Mount Keira,77.0,190.0,193.0,578.0,178.0,154.0,5.6,13.7,13.9,41.7,12.8,11.1
Mount Kembla,69.0,166.0,118.0,413.0,74.0,83.0,7.5,18.0,12.8,44.8,8.0,9.0
Mount Lewis,79.0,194.0,170.0,401.0,115.0,152.0,7.1,17.5,15.4,36.3,10.4,13.7
Mount Ousley,102.0,237.0,210.0,672.0,168.0,353.0,5.8,13.5,12.0,38.4,9.6,20.2
Mount Pleasant,61.0,127.0,124.0,376.0,88.0,151.0,6.6,13.7,13.4,40.5,9.5,16.3
Mount Pritchard,689.0,1372.0,1338.0,3625.0,870.0,1054.0,7.7,15.3,15.0,40.5,9.7,11.8
Mount Riverview,174.0,441.0,472.0,1385.0,387.0,240.0,5.6,14.2,15.2,44.7,12.5,7.8
Mount Saint Thomas,105.0,229.0,168.0,662.0,116.0,262.0,6.8,14.8,10.8,42.7,7.5,16.9
Mount Warrigal,358.0,802.0,814.0,2283.0,727.0,572.0,6.4,14.4,14.6,41.1,13.1,10.3
Narara,575.0,1455.0,1190.0,3543.0,646.0,683.0,7.1,18.0,14.7,43.8,8.0,8.4
Narellan,286.0,647.0,546.0,1612.0,269.0,281.0,7.8,17.8,15.0,44.2,7.4,7.7
Narellan Vale,792.0,1407.0,797.0,3417.0,334.0,214.0,11.4,20.2,11.4,49.1,4.8,3.1
Naremburn,345.0,407.0,514.0,2814.0,377.0,405.0,7.1,8.4,10.6,57.9,7.8,8.3
Narrabeen,277.0,440.0,652.0,2652.0,485.0,1856.0,4.4,6.9,10.2,41.7,7.6,29.2
Narraweena,347.0,658.0,603.0,2095.0,540.0,1015.0,6.6,12.5,11.5,39.9,10.3,19.3
Narwee,224.0,441.0,487.0,1605.0,406.0,784.0,5.7,11.2,12.4,40.7,10.3,19.9
Neutral Bay,368.0,465.0,1115.0,5893.0,811.0,951.0,3.8,4.8,11.6,61.4,8.4,9.9
New Lambton,573.0,1070.0,1100.0,3823.0,720.0,1723.0,6.4,11.9,12.2,42.4,8.0,19.1
New Lambton Heights,201.0,466.0,384.0,1241.0,243.0,366.0,6.9,16.1,13.2,42.8,8.4,12.6
Newcastle,63.0,85.0,370.0,735.0,176.0,321.0,3.6,4.9,21.2,42.0,10.1,18.4
Newcastle East,22.0,51.0,186.0,422.0,100.0,123.0,2.4,5.6,20.4,46.2,10.9,13.5
Newcastle West,0.0,3.0,22.0,98.0,12.0,21.0,0.0,1.7,12.6,56.3,6.9,12.1
Newington,82.0,109.0,590.0,1998.0,117.0,61.0,2.8,3.7,20.0,67.9,4.0,2.1
Newport,574.0,1113.0,1070.0,4093.0,993.0,1095.0,6.4,12.5,12.0,45.8,11.1,12.2
Newtown,539.0,656.0,1910.0,7823.0,743.0,782.0,4.3,5.3,15.3,62.8,6.0,6.3
Niagara Park,176.0,453.0,309.0,1079.0,151.0,195.0,7.4,19.1,13.0,45.6,6.4,8.2
Norah Head,38.0,143.0,163.0,438.0,104.0,222.0,3.4,13.0,14.8,39.7,9.4,20.1
Noraville,160.0,352.0,271.0,945.0,247.0,518.0,6.4,14.1,10.9,37.9,9.9,20.8
Normanhurst,318.0,574.0,690.0,1683.0,454.0,737.0,7.1,12.9,15.5,37.7,10.2,16.5
North Avoca,137.0,306.0,323.0,1034.0,145.0,212.0,6.4,14.2,15.0,48.1,6.7,9.9
North Balgowlah,268.0,478.0,340.0,1438.0,282.0,350.0,8.5,15.2,10.8,45.6,8.9,11.1
North Bondi,495.0,813.0,947.0,4451.0,607.0,905.0,6.0,9.9,11.5,54.2,7.4,11.0
North Curl Curl,228.0,407.0,393.0,1440.0,291.0,412.0,7.2,12.8,12.4,45.4,9.2,13.0
North Epping,250.0,601.0,568.0,1660.0,466.0,599.0,6.0,14.5,13.7,40.0,11.2,14.5
North Gosford,239.0,504.0,441.0,1359.0,307.0,391.0,7.4,15.6,13.6,42.0,9.5,12.1
North Lambton,171.0,339.0,535.0,1118.0,304.0,522.0,5.7,11.3,17.9,37.4,10.2,17.5
North Manly,186.0,300.0,288.0,1120.0,225.0,488.0,7.1,11.5,11.1,43.0,8.6,18.7
North Narrabeen,436.0,708.0,669.0,2600.0,489.0,543.0,8.0,13.0,12.3,47.8,9.0,10.0
North Parramatta,521.0,981.0,1468.0,4108.0,600.0,1033.0,6.0,11.3,16.9,47.2,6.9,11.9
North Rocks,426.0,920.0,1029.0,3171.0,975.0,695.0,5.9,12.7,14.2,43.9,13.5,9.6
North Ryde,652.0,1194.0,1123.0,4234.0,956.0,1701.0,6.6,12.1,11.4,42.9,9.7,17.3
North St Marys,307.0,664.0,501.0,1565.0,388.0,374.0,8.1,17.5,13.2,41.2,10.2,9.8
North Strathfield,229.0,307.0,447.0,1535.0,221.0,312.0,7.5,10.1,14.6,50.3,7.2,10.2
North Sydney,170.0,284.0,873.0,2980.0,481.0,700.0,3.1,5.2,15.9,54.3,8.8,12.8
North Turramurra,156.0,450.0,358.0,1132.0,422.0,1173.0,4.2,12.2,9.7,30.8,11.5,31.9
North Wahroonga,85.0,373.0,384.0,885.0,277.0,229.0,3.8,16.7,17.2,39.7,12.4,10.3
North Willoughby,288.0,361.0,427.0,1730.0,364.0,539.0,7.8,9.7,11.5,46.6,9.8,14.5
North Wollongong,43.0,108.0,664.0,861.0,123.0,221.0,2.1,5.4,32.9,42.7,6.1,11.0
Northbridge,402.0,874.0,683.0,2431.0,530.0,876.0,6.9,15.1,11.8,41.9,9.1,15.1
Northmead,504.0,765.0,857.0,3083.0,625.0,784.0,7.6,11.6,12.9,46.6,9.4,11.8
Northwood,41.0,147.0,131.0,347.0,108.0,145.0,4.4,15.8,14.1,37.2,11.6,15.6
Oak Flats,490.0,1050.0,968.0,2759.0,606.0,791.0,7.4,15.8,14.5,41.4,9.1,11.9
Oakhurst,691.0,1331.0,863.0,2988.0,258.0,223.0,10.9,21.0,13.6,47.1,4.1,3.5
Oatlands,311.0,731.0,656.0,2090.0,480.0,642.0,6.3,14.9,13.4,42.5,9.8,13.1
Oatley,499.0,1275.0,1249.0,3822.0,859.0,1687.0,5.3,13.6,13.3,40.7,9.1,18.0
Old Guildford,191.0,387.0,309.0,885.0,166.0,237.0,8.8,17.9,14.3,40.9,7.7,11.0
Old Toongabbie,358.0,761.0,621.0,2141.0,572.0,558.0,7.1,15.2,12.4,42.7,11.4,11.1
Ourimbah,261.0,499.0,327.0,1257.0,192.0,164.0,9.7,18.5,12.2,46.7,7.1,6.1
Oxley Park,187.0,332.0,365.0,1041.0,245.0,245.0,7.7,13.7,15.1,43.1,10.1,10.1
Oyster Bay,403.0,849.0,720.0,2430.0,466.0,594.0,7.4,15.5,13.2,44.5,8.5,10.9
Paddington,493.0,738.0,1254.0,6791.0,1149.0,1077.0,4.3,6.4,10.9,59.0,10.0,9.4
Padstow,772.0,1551.0,1591.0,5104.0,1031.0,2052.0,6.4,12.8,13.1,42.2,8.5,17.0
Padstow Heights,219.0,422.0,376.0,1359.0,420.0,615.0,6.4,12.4,11.0,39.9,12.3,18.0
Pagewood,198.0,388.0,429.0,1402.0,386.0,548.0,5.9,11.6,12.8,41.9,11.5,16.4
Palm Beach,89.0,189.0,142.0,675.0,244.0,261.0,5.6,11.8,8.9,42.2,15.2,16.3
Panania,721.0,1555.0,1315.0,4492.0,927.0,1798.0,6.7,14.4,12.2,41.6,8.6,16.6
Parramatta,1195.0,1793.0,2776.0,9401.0,1137.0,1679.0,6.6,10.0,15.4,52.3,6.3,9.3
Peakhurst,451.0,1041.0,977.0,3112.0,848.0,1613.0,5.6,12.9,12.2,38.7,10.5,20.1
Peakhurst Heights,131.0,279.0,304.0,880.0,460.0,306.0,5.6,11.8,12.9,37.3,19.5,13.0
Pearl Beach,9.0,3.0,15.0,43.0,18.0,62.0,5.6,1.9,9.4,26.9,11.3,38.8
Pelican,57.0,116.0,87.0,323.0,89.0,159.0,6.9,14.1,10.6,39.3,10.8,19.3
Pendle Hill,580.0,1136.0,1119.0,3999.0,795.0,1430.0,6.4,12.5,12.4,44.1,8.8,15.8
Pennant Hills,312.0,837.0,928.0,2459.0,658.0,930.0,5.1,13.7,15.2,40.2,10.8,15.2
Penrith,793.0,1323.0,1813.0,4738.0,950.0,1944.0,6.9,11.4,15.7,41.0,8.2,16.8
Penrose,123.0,262.0,217.0,676.0,127.0,105.0,8.1,17.2,14.3,44.5,8.4,6.9
Penshurst,759.0,1347.0,1400.0,5068.0,869.0,1449.0,7.0,12.4,12.9,46.5,8.0,13.3
Petersham,352.0,505.0,945.0,3572.0,555.0,638.0,5.4,7.7,14.4,54.4,8.5,9.7
Phillip Bay,49.0,83.0,88.0,275.0,82.0,132.0,7.0,11.8,12.5,39.2,11.7,18.8
Picnic Point,342.0,752.0,662.0,2248.0,527.0,669.0,6.6,14.5,12.7,43.2,10.1,12.9
Plumpton,663.0,1369.0,975.0,3168.0,294.0,314.0,9.8,20.2,14.4,46.6,4.3,4.6
Point Clare,190.0,385.0,291.0,1143.0,354.0,827.0,6.0,12.1,9.1,35.9,11.1,25.9
Point Frederick,73.0,188.0,186.0,623.0,181.0,371.0,4.5,11.5,11.4,38.3,11.1,22.8
Point Piper,61.0,147.0,142.0,579.0,161.0,280.0,4.4,10.7,10.3,42.1,11.7,20.4
Port Kembla,233.0,548.0,532.0,1851.0,512.0,894.0,5.1,12.0,11.6,40.5,11.2,19.5
Potts Point,182.0,337.0,888.0,4544.0,603.0,611.0,2.5,4.7,12.4,63.4,8.4,8.5
Prairiewood,183.0,488.0,545.0,1363.0,351.0,368.0,5.5,14.8,16.5,41.3,10.6,11.1
Prestons,987.0,1432.0,1140.0,4182.0,395.0,325.0,11.7,16.9,13.5,49.4,4.7,3.8
Primbee,107.0,176.0,184.0,611.0,177.0,312.0,6.8,11.3,11.8,39.1,11.3,20.0
Prospect,299.0,651.0,712.0,2075.0,336.0,203.0,7.0,15.2,16.6,48.5,7.9,4.7
Punchbowl,1442.0,2859.0,2702.0,6985.0,1325.0,1811.0,8.4,16.7,15.8,40.8,7.7,10.6
Putney,219.0,394.0,319.0,1259.0,287.0,399.0,7.6,13.7,11.1,43.8,10.0,13.9
Pymble,495.0,1536.0,1501.0,3537.0,945.0,1242.0,5.3,16.6,16.2,38.2,10.2,13.4
Pyrmont,294.0,412.0,1585.0,4656.0,515.0,398.0,3.7,5.2,20.2,59.2,6.6,5.1
Quakers Hill,2272.0,4048.0,3476.0,10907.0,1201.0,989.0,9.9,17.7,15.2,47.6,5.2,4.3
Queens Park,177.0,280.0,246.0,1353.0,271.0,334.0,6.7,10.5,9.2,50.8,10.2,12.6
Raby,442.0,1254.0,1163.0,2968.0,307.0,223.0,7.0,19.7,18.3,46.7,4.8,3.5
Ramsgate,50.0,83.0,66.0,304.0,91.0,128.0,6.9,11.4,9.1,41.9,12.6,17.7
Ramsgate Beach,54.0,104.0,123.0,499.0,144.0,427.0,4.0,7.7,9.1,36.9,10.7,31.6
Randwick,1455.0,1982.0,4001.0,13457.0,2114.0,3325.0,5.5,7.5,15.2,51.1,8.0,12.6
Rankin Park,148.0,333.0,409.0,1185.0,324.0,147.0,5.8,13.0,16.0,46.4,12.7,5.8
Redfern,370.0,585.0,1584.0,5992.0,978.0,1458.0,3.4,5.3,14.4,54.6,8.9,13.3
Redhead,170.0,434.0,373.0,1199.0,426.0,603.0,5.3,13.6,11.7,37.5,13.3,18.9
Regents Park,261.0,567.0,508.0,1664.0,309.0,512.0,6.8,14.8,13.3,43.5,8.1,13.4
Regentville,61.0,125.0,119.0,365.0,48.0,56.0,7.8,16.1,15.3,46.9,6.2,7.2
Revesby,692.0,1463.0,1446.0,4608.0,964.0,2007.0,6.2,13.1,12.9,41.2,8.6,18.0
Revesby Heights,90.0,190.0,150.0,516.0,64.0,257.0,7.1,15.0,11.9,40.8,5.1,20.3
Rhodes,37.0,87.0,100.0,298.0,52.0,141.0,5.0,11.9,13.6,40.6,7.1,19.2
Riverstone,495.0,1066.0,920.0,2719.0,536.0,588.0,7.8,16.9,14.5,43.0,8.5,9.3
Riverview,200.0,568.0,560.0,1201.0,307.0,393.0,6.2,17.6,17.3,37.1,9.5,12.1
Riverwood,694.0,1326.0,1272.0,4349.0,1017.0,1759.0,6.7,12.7,12.2,41.8,9.8,16.9
Rockdale,811.0,1173.0,1721.0,5488.0,929.0,1308.0,7.1,10.3,15.1,48.0,8.1,11.4
Rocky Point,20.0,25.0,26.0,85.0,15.0,28.0,9.0,11.3,11.8,38.5,6.8,12.7
Rodd Point,80.0,142.0,104.0,541.0,131.0,237.0,6.4,11.4,8.4,43.6,10.6,19.1
Rooty Hill,898.0,1751.0,1662.0,4870.0,851.0,1093.0,8.1,15.7,14.9,43.8,7.6,9.8
Rose Bay,514.0,969.0,1062.0,4156.0,818.0,1323.0,5.8,11.0,12.0,47.0,9.3,15.0
Rosebery,421.0,730.0,1194.0,3099.0,692.0,826.0,6.0,10.5,17.1,44.5,9.9,11.9
Roselands,735.0,1356.0,1286.0,4228.0,910.0,1404.0,7.4,13.7,13.0,42.6,9.2,14.2
Rosemeadow,795.0,1663.0,1320.0,3515.0,390.0,264.0,10.0,20.9,16.6,44.3,4.9,3.3
Roseville,550.0,1173.0,1158.0,3307.0,801.0,1026.0,6.9,14.6,14.5,41.3,10.0,12.8
Roseville Chase,86.0,244.0,180.0,608.0,158.0,248.0,5.7,16.0,11.8,39.9,10.4,16.3
Rouse Hill,417.0,465.0,319.0,1707.0,146.0,96.0,13.2,14.8,10.1,54.2,4.6,3.0
Rozelle,416.0,462.0,674.0,4226.0,540.0,475.0,6.1,6.8,9.9,62.2,7.9,7.0
Ruse,330.0,822.0,1126.0,2703.0,512.0,316.0,5.7,14.1,19.4,46.5,8.8,5.4
Rushcutters Bay,51.0,90.0,203.0,1371.0,203.0,298.0,2.3,4.1,9.2,61.9,9.2,13.5
Russell Lea,329.0,571.0,556.0,2392.0,436.0,829.0,6.4,11.2,10.9,46.8,8.5,16.2
Russell Vale,78.0,180.0,151.0,522.0,116.0,186.0,6.3,14.6,12.2,42.3,9.4,15.1
Rydalmere,88.0,139.0,165.0,672.0,130.0,236.0,6.2,9.8,11.7,47.5,9.2,16.7
Ryde,1224.0,2297.0,2605.0,9043.0,1723.0,3358.0,6.0,11.3,12.9,44.7,8.5,16.6
Sadleir,239.0,529.0,421.0,1132.0,258.0,341.0,8.2,18.1,14.4,38.8,8.8,11.7
San Remo,349.0,724.0,462.0,1661.0,283.0,405.0,9.0,18.6,11.9,42.8,7.3,10.4
Sandringham,60.0,96.0,79.0,505.0,119.0,257.0,5.4,8.6,7.1,45.2,10.7,23.0
Sans Souci,544.0,899.0,895.0,3835.0,1102.0,2012.0,5.9,9.7,9.6,41.3,11.9,21.7
Saratoga,209.0,595.0,381.0,1421.0,374.0,801.0,5.5,15.7,10.1,37.6,9.9,21.2
Scarborough,41.0,48.0,25.0,183.0,29.0,31.0,11.8,13.9,7.2,52.9,8.4,9.0
Schofields,257.0,492.0,445.0,1370.0,238.0,197.0,8.6,16.4,14.8,45.7,7.9,6.6
Scotland Island,48.0,137.0,73.0,386.0,63.0,22.0,6.5,18.7,9.9,52.6,8.6,3.0
Seaforth,485.0,957.0,704.0,2567.0,560.0,771.0,8.0,15.8,11.6,42.5,9.3,12.8
Sefton,365.0,797.0,695.0,2094.0,358.0,813.0,7.1,15.6,13.6,40.9,7.0,15.9
Seven Hills,1263.0,2303.0,2487.0,7846.0,1768.0,2005.0,7.1,13.0,14.1,44.4,10.0,11.3
Shalvey,365.0,783.0,625.0,1554.0,290.0,127.0,9.7,20.9,16.7,41.4,7.7,3.4
Shell Cove,134.0,183.0,115.0,578.0,106.0,81.0,11.2,15.3,9.6,48.4,8.9,6.8
Shellharbour,225.0,566.0,410.0,1448.0,286.0,395.0,6.8,17.0,12.3,43.5,8.6,11.9
Shelly Beach,60.0,159.0,164.0,454.0,130.0,332.0,4.6,12.2,12.6,34.9,10.0,25.6
Shortland,197.0,492.0,1176.0,1407.0,348.0,683.0,4.6,11.4,27.3,32.7,8.1,15.9
Silverwater,104.0,165.0,156.0,469.0,88.0,118.0,9.4,14.9,14.1,42.4,8.0,10.7
Smithfield,689.0,1421.0,1465.0,4264.0,1071.0,1446.0,6.7,13.7,14.1,41.2,10.3,14.0
South Coogee,289.0,565.0,681.0,2078.0,495.0,863.0,5.8,11.4,13.7,41.8,10.0,17.4
South Granville,312.0,552.0,483.0,1292.0,269.0,375.0,9.5,16.8,14.7,39.4,8.2,11.4
South Hurstville,257.0,607.0,554.0,1852.0,389.0,637.0,6.0,14.1,12.9,43.1,9.0,14.8
South Penrith,820.0,1655.0,2016.0,5439.0,1221.0,905.0,6.8,13.7,16.7,45.1,10.1,7.5
South Turramurra,210.0,379.0,343.0,1143.0,392.0,398.0,7.3,13.2,12.0,39.9,13.7,13.9
South Wentworthville,374.0,684.0,701.0,2023.0,411.0,621.0,7.8,14.2,14.6,42.0,8.5,12.9
Speers Point,164.0,384.0,333.0,1229.0,341.0,587.0,5.4,12.7,11.0,40.6,11.3,19.4
Springfield,341.0,681.0,503.0,1748.0,319.0,328.0,8.7,17.4,12.8,44.6,8.1,8.4
Springwood,449.0,1155.0,1060.0,3203.0,671.0,1465.0,5.6,14.4,13.2,40.0,8.4,18.3
St Andrews,485.0,1239.0,1078.0,2895.0,315.0,234.0,7.8,19.8,17.3,46.3,5.0,3.7
St Clair,1654.0,4099.0,3658.0,9944.0,1010.0,749.0,7.8,19.4,17.3,47.1,4.8,3.5
St Helens Park,723.0,1120.0,827.0,2703.0,245.0,143.0,12.6,19.5,14.4,47.0,4.3,2.5
St Huberts Island,45.0,128.0,95.0,318.0,170.0,343.0,4.1,11.7,8.7,29.1,15.6,31.4
St Ives,748.0,2138.0,1885.0,5203.0,1667.0,2274.0,5.4,15.4,13.5,37.4,12.0,16.3
St Ives Chase,150.0,555.0,424.0,1200.0,414.0,317.0,4.9,18.1,13.9,39.2,13.5,10.4
St Johns Park,369.0,841.0,965.0,2559.0,497.0,529.0,6.4,14.6,16.8,44.4,8.6,9.2
St Leonards,169.0,137.0,408.0,1384.0,177.0,385.0,6.4,5.1,15.3,52.0,6.7,14.5
St Marys,673.0,1214.0,1297.0,3905.0,886.0,1234.0,7.3,13.2,14.1,42.4,9.6,13.4
St Peters,116.0,150.0,320.0,1253.0,194.0,247.0,5.1,6.6,14.1,55.1,8.5,10.9
Stanhope Gardens,282.0,301.0,314.0,1406.0,216.0,213.0,10.3,11.0,11.5,51.5,7.9,7.8
Stanmore,341.0,477.0,1084.0,3777.0,578.0,721.0,4.9,6.8,15.5,54.1,8.3,10.3
Stockton,189.0,541.0,451.0,1905.0,447.0,823.0,4.3,12.4,10.4,43.7,10.3,18.9
Strathfield,900.0,2512.0,3583.0,8538.0,1829.0,3204.0,4.4,12.2,17.4,41.5,8.9,15.6
Strathfield South,206.0,450.0,415.0,1355.0,273.0,342.0,6.8,14.8,13.6,44.5,9.0,11.2
Summer Hill,331.0,602.0,763.0,3416.0,429.0,718.0,5.3,9.6,12.2,54.6,6.9,11.5
Surry Hills,421.0,669.0,2136.0,8602.0,956.0,1389.0,3.0,4.7,15.1,60.7,6.7,9.8
Sutherland,546.0,749.0,1351.0,4476.0,658.0,1364.0,6.0,8.2,14.8,48.9,7.2,14.9
Swansea,250.0,543.0,418.0,1647.0,574.0,1237.0,5.4,11.6,8.9,35.3,12.3,26.5
Swansea Heads,40.0,74.0,88.0,253.0,77.0,69.0,6.6,12.3,14.6,42.0,12.8,11.5
Sydenham,37.0,97.0,154.0,519.0,91.0,108.0,3.7,9.7,15.4,52.1,9.1,10.8
Sydney,441.0,839.0,2716.0,8132.0,1375.0,1225.0,3.0,5.7,18.4,55.2,9.3,8.3
Sylvania,493.0,975.0,1050.0,3504.0,1228.0,1666.0,5.5,10.9,11.8,39.3,13.8,18.7
Sylvania Waters,195.0,410.0,447.0,1408.0,417.0,459.0,5.8,12.3,13.4,42.2,12.5,13.7
Tacoma,61.0,159.0,99.0,303.0,45.0,55.0,8.1,21.2,13.2,40.4,6.0,7.3
Tacoma South,19.0,45.0,32.0,127.0,19.0,30.0,6.1,14.6,10.4,41.1,6.1,9.7
Tamarama,73.0,110.0,158.0,906.0,106.0,109.0,5.0,7.6,10.9,62.4,7.3,7.5
Taren Point,58.0,118.0,128.0,439.0,180.0,187.0,5.2,10.6,11.6,39.6,16.2,16.9
Tarrawanna,94.0,217.0,160.0,537.0,125.0,291.0,6.6,15.3,11.3,37.9,8.8,20.5
Tascott,115.0,207.0,204.0,757.0,184.0,191.0,6.9,12.5,12.3,45.6,11.1,11.5
Tempe,198.0,356.0,429.0,1650.0,314.0,378.0,5.9,10.7,12.9,49.6,9.4,11.4
Teralba,83.0,213.0,182.0,567.0,133.0,261.0,5.8,14.8,12.7,39.5,9.3,18.2
Terrey Hills,188.0,447.0,382.0,1224.0,368.0,285.0,6.5,15.4,13.2,42.3,12.7,9.8
Terrigal,534.0,1304.0,1210.0,3925.0,1035.0,1406.0,5.7,13.9,12.9,41.7,11.0,14.9
The Entrance,146.0,271.0,271.0,940.0,358.0,768.0,5.3,9.8,9.8,34.1,13.0,27.9
The Entrance North,53.0,103.0,125.0,402.0,162.0,217.0,5.0,9.8,11.8,38.1,15.3,20.5
The Hill,64.0,130.0,489.0,874.0,149.0,215.0,3.3,6.8,25.4,45.4,7.7,11.2
The Junction,67.0,116.0,251.0,519.0,104.0,203.0,5.3,9.2,19.9,41.1,8.2,16.1
Thirroul,338.0,769.0,704.0,2510.0,499.0,758.0,6.1,13.8,12.6,45.0,8.9,13.6
Thornleigh,593.0,1057.0,1009.0,3349.0,834.0,796.0,7.8,13.8,13.2,43.8,10.9,10.4
Tighes Hill,97.0,187.0,193.0,654.0,128.0,191.0,6.7,12.9,13.3,45.1,8.8,13.2
Tingira Heights,267.0,459.0,321.0,1298.0,265.0,321.0,9.1,15.6,10.9,44.1,9.0,10.9
Toongabbie,918.0,1792.0,1901.0,5748.0,1253.0,1189.0,7.2,14.0,14.9,44.9,9.8,9.3
Toowoon Bay,24.0,47.0,39.0,185.0,83.0,154.0,4.6,9.0,7.4,35.3,15.8,29.4
Toronto,317.0,701.0,594.0,1862.0,546.0,1107.0,6.2,13.7,11.6,36.3,10.6,21.6
Toukley,228.0,498.0,335.0,1296.0,445.0,1330.0,5.5,12.1,8.1,31.4,10.8,32.2
Towradgi,185.0,357.0,328.0,1158.0,254.0,766.0,6.1,11.7,10.8,38.0,8.3,25.2
Tregear,377.0,877.0,566.0,1469.0,436.0,267.0,9.4,22.0,14.2,36.8,10.9,6.7
Tuggerah,119.0,146.0,103.0,403.0,56.0,83.0,12.9,15.9,11.2,43.8,6.1,9.0
Tuggerawong,80.0,226.0,149.0,509.0,100.0,167.0,6.5,18.2,12.0,41.0,8.1,13.5
Tumbi Umbi,247.0,594.0,447.0,1327.0,299.0,473.0,7.3,17.5,13.2,39.2,8.8,14.0
Turramurra,541.0,1521.0,1483.0,3894.0,1058.0,1782.0,5.3,14.8,14.4,37.9,10.3,17.3
Turrella,101.0,191.0,175.0,604.0,117.0,154.0,7.5,14.2,13.0,44.8,8.7,11.4
Ultimo,156.0,251.0,1060.0,2059.0,235.0,293.0,3.8,6.2,26.1,50.8,5.8,7.2
Umina Beach,1017.0,1890.0,1672.0,5823.0,1624.0,3175.0,6.7,12.4,11.0,38.3,10.7,20.9
Unanderra,439.0,828.0,784.0,2320.0,508.0,1054.0,7.4,14.0,13.2,39.1,8.6,17.8
Valentine,297.0,845.0,665.0,2175.0,635.0,557.0,5.7,16.3,12.9,42.1,12.3,10.8
Valley Heights,89.0,210.0,178.0,616.0,152.0,114.0,6.6,15.5,13.1,45.5,11.2,8.4
Vaucluse,526.0,1217.0,1184.0,3807.0,903.0,1287.0,5.9,13.6,13.3,42.7,10.1,14.4
Villawood,459.0,1123.0,944.0,2674.0,519.0,1088.0,6.7,16.5,13.9,39.3,7.6,16.0
Voyager Point,79.0,135.0,93.0,412.0,28.0,9.0,10.4,17.8,12.2,54.2,3.7,1.2
Wahroonga,756.0,2179.0,2304.0,5496.0,1591.0,2720.0,5.0,14.5,15.3,36.5,10.6,18.1
Waitara,92.0,213.0,271.0,674.0,133.0,301.0,5.4,12.6,16.0,39.9,7.9,17.8
Wakeley,354.0,761.0,837.0,2181.0,415.0,331.0,7.3,15.6,17.2,44.7,8.5,6.8
Wallsend,755.0,1440.0,1575.0,4618.0,1082.0,2024.0,6.6,12.5,13.7,40.2,9.4,17.6
Wamberal,336.0,768.0,767.0,2213.0,468.0,888.0,6.2,14.1,14.1,40.7,8.6,16.3
Warabrook,104.0,264.0,331.0,813.0,169.0,339.0,5.2,13.1,16.4,40.4,8.4,16.8
Waratah,224.0,431.0,626.0,1588.0,343.0,1192.0,5.1,9.8,14.2,36.0,7.8,27.1
Waratah West,177.0,309.0,495.0,1061.0,293.0,462.0,6.3,11.0,17.7,37.9,10.5,16.5
Wareemba,74.0,128.0,132.0,655.0,150.0,280.0,5.2,9.0,9.3,46.1,10.5,19.7
Warilla,404.0,903.0,703.0,2200.0,650.0,941.0,7.0,15.6,12.1,37.9,11.2,16.2
Warners Bay,419.0,841.0,785.0,2626.0,759.0,1157.0,6.4,12.8,11.9,39.8,11.5,17.6
Warrawee,142.0,408.0,393.0,910.0,276.0,299.0,5.9,16.8,16.2,37.6,11.4,12.3
Warrawong,267.0,501.0,596.0,1765.0,570.0,1026.0,5.7,10.6,12.6,37.4,12.1,21.7
Warriewood,219.0,369.0,388.0,1401.0,305.0,329.0,7.3,12.2,12.9,46.5,10.1,10.9
Warrimoo,194.0,363.0,290.0,1092.0,157.0,168.0,8.6,16.1,12.8,48.4,7.0,7.4
Warwick Farm,372.0,587.0,609.0,2005.0,426.0,588.0,8.1,12.8,13.3,43.7,9.3,12.8
Watanobbi,318.0,607.0,402.0,1394.0,227.0,267.0,9.9,18.8,12.5,43.3,7.0,8.3
Waterloo,209.0,519.0,608.0,1913.0,708.0,1209.0,4.0,10.1,11.8,37.0,13.7,23.4
Watsons Bay,32.0,63.0,123.0,309.0,67.0,69.0,4.9,9.6,18.8,47.2,10.2,10.6
Wattle Grove,1238.0,1747.0,1195.0,4779.0,371.0,255.0,12.9,18.2,12.5,49.9,3.9,2.7
Waverley,173.0,292.0,341.0,1602.0,299.0,842.0,4.9,8.2,9.6,45.1,8.4,23.7
Waverton,125.0,194.0,413.0,1737.0,332.0,379.0,3.9,6.1,13.0,54.6,10.4,11.9
Wentworthville,768.0,1198.0,1233.0,4452.0,713.0,1180.0,8.0,12.6,12.9,46.7,7.5,12.4
Werrington,296.0,488.0,695.0,1552.0,252.0,218.0,8.5,13.9,19.8,44.3,7.2,6.2
Werrington County,257.0,641.0,822.0,1886.0,288.0,208.0,6.3,15.6,20.0,45.9,7.0,5.1
Werrington Downs,287.0,687.0,626.0,1679.0,151.0,133.0,8.1,19.3,17.6,47.2,4.2,3.7
West Gosford,86.0,170.0,167.0,581.0,134.0,496.0,5.3,10.4,10.2,35.5,8.2,30.3
West Hoxton,529.0,880.0,632.0,2353.0,204.0,129.0,11.2,18.6,13.4,49.8,4.3,2.7
West Pennant Hills,852.0,2779.0,2677.0,6785.0,1470.0,1305.0,5.4,17.5,16.9,42.8,9.3,8.2
West Pymble,373.0,757.0,541.0,1849.0,439.0,747.0,7.9,16.1,11.5,39.3,9.3,15.9
West Ryde,663.0,1221.0,1387.0,5201.0,872.0,1399.0,6.2,11.4,12.9,48.4,8.1,13.0
West Wallsend,124.0,284.0,213.0,669.0,136.0,212.0,7.6,17.4,13.0,40.9,8.3,13.0
West Wollongong,291.0,486.0,718.0,1881.0,383.0,704.0,6.5,10.9,16.1,42.2,8.6,15.8
Westleigh,221.0,662.0,682.0,1696.0,549.0,316.0,5.4,16.0,16.5,41.1,13.3,7.7
Westmead,752.0,1092.0,1300.0,4857.0,661.0,1350.0,7.5,10.9,13.0,48.5,6.6,13.5
Wetherill Park,361.0,951.0,1215.0,2853.0,568.0,441.0,5.6,14.9,19.0,44.6,8.9,6.9
Whalan,459.0,1092.0,849.0,2293.0,693.0,473.0,7.8,18.6,14.5,39.1,11.8,8.1
Whitebridge,174.0,437.0,303.0,1058.0,211.0,247.0,7.2,18.0,12.5,43.5,8.7,10.2
Wickham,33.0,58.0,134.0,306.0,41.0,89.0,5.1,9.0,20.7,47.3,6.3,13.8
Wiley Park,815.0,1329.0,1276.0,3859.0,629.0,718.0,9.4,15.4,14.8,44.7,7.3,8.3
Willmot,271.0,507.0,369.0,1018.0,246.0,129.0,10.7,20.0,14.6,40.2,9.7,5.1
Willoughby,402.0,600.0,556.0,2624.0,476.0,735.0,7.5,11.1,10.3,48.7,8.8,13.6
Willoughby East,167.0,257.0,144.0,766.0,142.0,191.0,10.0,15.4,8.6,46.0,8.5,11.5
Windale,216.0,508.0,363.0,1153.0,291.0,396.0,7.4,17.3,12.4,39.4,9.9,13.5
Windang,134.0,240.0,200.0,873.0,383.0,536.0,5.7,10.1,8.5,36.9,16.2,22.7
Winmalee,455.0,1092.0,952.0,2747.0,503.0,568.0,7.2,17.3,15.1,43.5,8.0,9.0
Winston Hills,569.0,1094.0,1191.0,3887.0,1197.0,946.0,6.4,12.3,13.4,43.7,13.5,10.6
Wollongong,577.0,907.0,2750.0,5668.0,1262.0,2360.0,4.3,6.7,20.3,41.9,9.3,17.4
Wollstonecraft,256.0,332.0,987.0,4359.0,682.0,956.0,3.4,4.4,13.0,57.6,9.0,12.6
Wombarra,50.0,111.0,103.0,390.0,63.0,122.0,6.0,13.2,12.3,46.5,7.5,14.5
Woodbine,189.0,441.0,524.0,1254.0,201.0,113.0,6.9,16.2,19.3,46.1,7.4,4.2
Woodcroft,402.0,837.0,856.0,2383.0,208.0,226.0,8.2,17.0,17.4,48.5,4.2,4.6
Woodpark,104.0,171.0,156.0,557.0,164.0,106.0,8.2,13.5,12.4,44.1,13.0,8.4
Woodrising,169.0,337.0,156.0,740.0,75.0,41.0,11.1,22.1,10.2,48.6,4.9,2.7
Woollahra,350.0,552.0,721.0,3442.0,852.0,1116.0,5.0,7.8,10.3,48.9,12.1,15.9
Woolloomooloo,117.0,235.0,375.0,1718.0,285.0,315.0,3.9,7.7,12.3,56.6,9.4,10.4
Woolooware,443.0,1012.0,957.0,3008.0,633.0,1064.0,6.2,14.2,13.5,42.3,8.9,15.0
Woolwich,30.0,97.0,111.0,347.0,116.0,104.0,3.8,12.1,13.9,43.4,14.5,13.0
Woonona,690.0,1424.0,1251.0,4006.0,867.0,1476.0,7.1,14.7,12.9,41.2,8.9,15.2
Woronora,109.0,274.0,256.0,847.0,172.0,128.0,6.1,15.3,14.3,47.2,9.6,7.1
Woronora Heights,205.0,767.0,466.0,1422.0,134.0,49.0,6.8,25.3,15.4,46.9,4.4,1.6
Woy Woy,565.0,1125.0,1003.0,3528.0,1097.0,2573.0,5.7,11.4,10.1,35.7,11.1,26.0
Woy Woy Bay,41.0,80.0,34.0,238.0,48.0,44.0,8.4,16.3,6.9,48.5,9.8,9.0
Wyoming,691.0,1429.0,1196.0,3772.0,781.0,1099.0,7.7,15.9,13.3,42.1,8.7,12.3
Wyong,195.0,417.0,383.0,1181.0,378.0,612.0,6.2,13.2,12.1,37.3,11.9,19.3
Wyongah,157.0,308.0,197.0,709.0,120.0,236.0,9.0,17.7,11.3,40.8,6.9,13.6
Yagoona,1059.0,2146.0,1986.0,5875.0,1156.0,2290.0,7.3,14.8,13.7,40.5,8.0,15.8
Yarrawarrah,71.0,282.0,333.0,702.0,85.0,49.0,4.6,18.5,21.8,45.9,5.6,3.2
Yattalunga,35.0,57.0,60.0,251.0,52.0,94.0,6.4,10.4,10.9,45.8,9.5,17.2
Yennora,83.0,171.0,174.0,471.0,133.0,243.0,6.5,13.3,13.6,36.8,10.4,19.0
Yowie Bay,224.0,515.0,482.0,1468.0,359.0,571.0,6.2,14.2,13.3,40.6,9.9,15.8
Zetland,28.0,55.0,60.0,341.0,46.0,56.0,4.8,9.5,10.3,58.7,7.9,9.6
