,Couple family without children,Couple family with children,One parent family,Other family,Total families,Couple family without children (%),Couple family with children (%),One parent family (%),Other family (%),Total families (%)
Abbotsbury,158.0,736.0,78.0,4.0,976.0,16.2,75.4,8.0,0.4,--
Australia,1764167.0,2321165.0,762632.0,88864.0,4936828.0,35.7,47.0,15.4,1.8,--
Abbotsford,654.0,522.0,176.0,45.0,1397.0,46.8,37.4,12.6,3.2,--
Acacia Gardens,107.0,333.0,43.0,5.0,488.0,21.9,68.2,8.8,1.0,--
Adamstown,480.0,480.0,280.0,32.0,1272.0,37.7,37.7,22.0,2.5,--
Adamstown Heights,691.0,734.0,172.0,17.0,1614.0,42.8,45.5,10.7,1.1,--
Airds,114.0,361.0,498.0,14.0,987.0,11.6,36.6,50.5,1.4,--
Albion Park,784.0,1747.0,337.0,13.0,2881.0,27.2,60.6,11.7,0.5,--
Albion Park Rail,600.0,1031.0,340.0,26.0,1997.0,30.0,51.6,17.0,1.3,--
Alexandria,592.0,241.0,129.0,43.0,1005.0,58.9,24.0,12.8,4.3,--
Alfords Point,132.0,723.0,33.0,5.0,893.0,14.8,81.0,3.7,0.6,--
Allambie Heights,648.0,971.0,206.0,22.0,1847.0,35.1,52.6,11.2,1.2,--
Allawah,390.0,526.0,211.0,44.0,1171.0,33.3,44.9,18.0,3.8,--
Ambarvale,381.0,1066.0,498.0,12.0,1957.0,19.5,54.5,25.4,0.6,--
Annandale,959.0,661.0,229.0,68.0,1917.0,50.0,34.5,11.9,3.5,--
Argenton,142.0,141.0,74.0,12.0,369.0,38.5,38.2,20.1,3.3,--
Arncliffe,653.0,1205.0,402.0,52.0,2312.0,28.2,52.1,17.4,2.2,--
Artarmon,859.0,818.0,271.0,90.0,2038.0,42.1,40.1,13.3,4.4,--
Ashbury,241.0,526.0,111.0,11.0,889.0,27.1,59.2,12.5,1.2,--
Ashcroft,184.0,385.0,221.0,15.0,805.0,22.9,47.8,27.5,1.9,--
Ashfield,1692.0,2104.0,733.0,192.0,4721.0,35.8,44.6,15.5,4.1,--
Asquith,262.0,458.0,103.0,20.0,843.0,31.1,54.3,12.2,2.4,--
Auburn,1432.0,3738.0,904.0,182.0,6256.0,22.9,59.8,14.5,2.9,--
Austinmer,224.0,295.0,76.0,8.0,603.0,37.1,48.9,12.6,1.3,--
Avoca Beach,353.0,574.0,161.0,8.0,1096.0,32.2,52.4,14.7,0.7,--
Balgowlah,652.0,731.0,266.0,47.0,1696.0,38.4,43.1,15.7,2.8,--
Balgowlah Heights,280.0,521.0,82.0,8.0,891.0,31.4,58.5,9.2,0.9,--
Balgownie,605.0,886.0,229.0,17.0,1737.0,34.8,51.0,13.2,1.0,--
Balmain,1159.0,727.0,313.0,58.0,2257.0,51.4,32.2,13.9,2.6,--
Balmain East,239.0,152.0,56.0,13.0,460.0,52.0,33.0,12.2,2.8,--
Bangor,341.0,1046.0,118.0,13.0,1518.0,22.5,68.9,7.8,0.9,--
Banksia,231.0,443.0,119.0,16.0,809.0,28.6,54.8,14.7,2.0,--
Bankstown,1675.0,3353.0,1145.0,157.0,6330.0,26.5,53.0,18.1,2.5,--
Bar Beach,119.0,108.0,60.0,13.0,300.0,39.7,36.0,20.0,4.3,--
Barden Ridge,140.0,776.0,79.0,6.0,1001.0,14.0,77.5,7.9,0.6,--
Bardwell Park,205.0,345.0,59.0,6.0,615.0,33.3,56.1,9.6,1.0,--
Bardwell Valley,148.0,281.0,71.0,12.0,512.0,28.9,54.9,13.9,2.3,--
Barnsley,129.0,297.0,81.0,7.0,514.0,25.1,57.8,15.8,1.4,--
Barrack Heights,589.0,897.0,346.0,17.0,1849.0,31.9,48.5,18.7,0.9,--
Barrack Point,69.0,64.0,21.0,0.0,154.0,44.8,41.6,13.6,0.0,--
Bass Hill,618.0,1196.0,372.0,43.0,2229.0,27.7,53.7,16.7,1.9,--
Bateau Bay,1220.0,1255.0,564.0,36.0,3075.0,39.7,40.8,18.3,1.2,--
Baulkham Hills,3013.0,5482.0,952.0,113.0,9560.0,31.5,57.3,10.0,1.2,--
Bayview,369.0,415.0,60.0,4.0,848.0,43.5,48.9,7.1,0.5,--
Beacon Hill,551.0,944.0,190.0,26.0,1711.0,32.2,55.2,11.1,1.5,--
Beaconsfield,100.0,66.0,13.0,4.0,183.0,54.6,36.1,7.1,2.2,--
Beecroft,773.0,1375.0,197.0,22.0,2367.0,32.7,58.1,8.3,0.9,--
Belfield,385.0,840.0,263.0,26.0,1514.0,25.4,55.5,17.4,1.7,--
Bella Vista,266.0,851.0,79.0,7.0,1203.0,22.1,70.7,6.6,0.6,--
Bellambi,310.0,472.0,346.0,22.0,1150.0,27.0,41.0,30.1,1.9,--
Bellevue Hill,945.0,1028.0,261.0,65.0,2299.0,41.1,44.7,11.4,2.8,--
Belmont,710.0,628.0,312.0,33.0,1683.0,42.2,37.3,18.5,2.0,--
Belmont North,559.0,708.0,272.0,21.0,1560.0,35.8,45.4,17.4,1.3,--
Belmont South,120.0,113.0,87.0,5.0,325.0,36.9,34.8,26.8,1.5,--
Belmore,809.0,1673.0,518.0,82.0,3082.0,26.2,54.3,16.8,2.7,--
Belrose,714.0,1186.0,186.0,24.0,2110.0,33.8,56.2,8.8,1.1,--
Bensville,127.0,297.0,60.0,0.0,484.0,26.2,61.4,12.4,0.0,--
Berala,499.0,1127.0,333.0,42.0,2001.0,24.9,56.3,16.6,2.1,--
Berkeley,630.0,930.0,464.0,25.0,2049.0,30.7,45.4,22.6,1.2,--
Berkeley Vale,778.0,1287.0,468.0,22.0,2555.0,30.5,50.4,18.3,0.9,--
Berowra,331.0,737.0,111.0,12.0,1191.0,27.8,61.9,9.3,1.0,--
Berowra Heights,434.0,908.0,156.0,8.0,1506.0,28.8,60.3,10.4,0.5,--
Beverley Park,191.0,293.0,71.0,8.0,563.0,33.9,52.0,12.6,1.4,--
Beverly Hills,817.0,1211.0,347.0,45.0,2420.0,33.8,50.0,14.3,1.9,--
Bexley,1382.0,2406.0,678.0,105.0,4571.0,30.2,52.6,14.8,2.3,--
Bexley North,367.0,543.0,153.0,15.0,1078.0,34.0,50.4,14.2,1.4,--
Bidwill,140.0,471.0,504.0,14.0,1129.0,12.4,41.7,44.6,1.2,--
Birchgrove,358.0,310.0,105.0,13.0,786.0,45.5,39.4,13.4,1.7,--
Birmingham Gardens,193.0,182.0,69.0,13.0,457.0,42.2,39.8,15.1,2.8,--
Birrong,236.0,376.0,98.0,21.0,731.0,32.3,51.4,13.4,2.9,--
Blackalls Park,289.0,374.0,135.0,10.0,808.0,35.8,46.3,16.7,1.2,--
Blackbutt,251.0,477.0,108.0,5.0,841.0,29.8,56.7,12.8,0.6,--
Blackett,179.0,379.0,331.0,16.0,905.0,19.8,41.9,36.6,1.8,--
Blacksmiths,205.0,176.0,94.0,11.0,486.0,42.2,36.2,19.3,2.3,--
Blacktown,2964.0,5063.0,1800.0,226.0,10053.0,29.5,50.4,17.9,2.2,--
Blackwall,197.0,157.0,112.0,11.0,477.0,41.3,32.9,23.5,2.3,--
Blairmount,21.0,53.0,8.0,0.0,82.0,25.6,64.6,9.8,0.0,--
Blakehurst,450.0,802.0,144.0,20.0,1416.0,31.8,56.6,10.2,1.4,--
Blaxland,614.0,1054.0,268.0,21.0,1957.0,31.4,53.9,13.7,1.1,--
Blue Bay,121.0,66.0,52.0,7.0,246.0,49.2,26.8,21.1,2.8,--
Blue Haven,452.0,650.0,233.0,8.0,1343.0,33.7,48.4,17.3,0.6,--
Bolton Point,166.0,226.0,194.0,3.0,589.0,28.2,38.4,32.9,0.5,--
Bondi,909.0,599.0,267.0,95.0,1870.0,48.6,32.0,14.3,5.1,--
Bondi Beach,1136.0,538.0,357.0,90.0,2121.0,53.6,25.4,16.8,4.2,--
Bondi Junction,855.0,512.0,269.0,99.0,1735.0,49.3,29.5,15.5,5.7,--
Bonnet Bay,185.0,429.0,46.0,5.0,665.0,27.8,64.5,6.9,0.8,--
Bonnyrigg,390.0,1263.0,601.0,42.0,2296.0,17.0,55.0,26.2,1.8,--
Bonnyrigg Heights,303.0,1270.0,208.0,20.0,1801.0,16.8,70.5,11.5,1.1,--
Booker Bay,177.0,111.0,77.0,8.0,373.0,47.5,29.8,20.6,2.1,--
Boolaroo,100.0,148.0,74.0,9.0,331.0,30.2,44.7,22.4,2.7,--
Booragul,112.0,162.0,110.0,11.0,395.0,28.4,41.0,27.8,2.8,--
Bossley Park,711.0,2548.0,510.0,37.0,3806.0,18.7,66.9,13.4,1.0,--
Botany,670.0,936.0,308.0,47.0,1961.0,34.2,47.7,15.7,2.4,--
Bow Bowing,87.0,297.0,60.0,5.0,449.0,19.4,66.1,13.4,1.1,--
Bradbury,747.0,1216.0,512.0,21.0,2496.0,29.9,48.7,20.5,0.8,--
Broadmeadow,126.0,135.0,86.0,14.0,361.0,34.9,37.4,23.8,3.9,--
Bronte,696.0,718.0,210.0,47.0,1671.0,41.7,43.0,12.6,2.8,--
Brookvale,217.0,298.0,92.0,22.0,629.0,34.5,47.4,14.6,3.5,--
Budgewoi,410.0,246.0,171.0,4.0,831.0,49.3,29.6,20.6,0.5,--
Buff Point,354.0,403.0,170.0,9.0,936.0,37.8,43.1,18.2,1.0,--
Bulli,525.0,706.0,244.0,22.0,1497.0,35.1,47.2,16.3,1.5,--
Burwood,821.0,1252.0,425.0,136.0,2634.0,31.2,47.5,16.1,5.2,--
Burwood Heights,78.0,127.0,27.0,3.0,235.0,33.2,54.0,11.5,1.3,--
Busby,240.0,510.0,286.0,20.0,1056.0,22.7,48.3,27.1,1.9,--
Cabarita,140.0,170.0,39.0,4.0,353.0,39.7,48.2,11.0,1.1,--
Cabramatta,1175.0,2408.0,1194.0,142.0,4919.0,23.9,49.0,24.3,2.9,--
Cabramatta West,422.0,871.0,393.0,37.0,1723.0,24.5,50.6,22.8,2.1,--
Cambridge Gardens,133.0,349.0,106.0,3.0,591.0,22.5,59.1,17.9,0.5,--
Cambridge Park,480.0,845.0,348.0,13.0,1686.0,28.5,50.1,20.6,0.8,--
Camden,280.0,337.0,122.0,7.0,746.0,37.5,45.2,16.4,0.9,--
Camden South,412.0,730.0,188.0,13.0,1343.0,30.7,54.4,14.0,1.0,--
Cammeray,725.0,494.0,196.0,63.0,1478.0,49.1,33.4,13.3,4.3,--
Campbelltown,826.0,1194.0,528.0,53.0,2601.0,31.8,45.9,20.3,2.0,--
Camperdown,451.0,192.0,96.0,38.0,777.0,58.0,24.7,12.4,4.9,--
Campsie,1420.0,2966.0,928.0,123.0,5437.0,26.1,54.6,17.1,2.3,--
Canada Bay,132.0,145.0,54.0,3.0,334.0,39.5,43.4,16.2,0.9,--
Canley Heights,523.0,1423.0,534.0,67.0,2547.0,20.5,55.9,21.0,2.6,--
Canley Vale,551.0,1297.0,573.0,62.0,2483.0,22.2,52.2,23.1,2.5,--
Canterbury,375.0,758.0,204.0,40.0,1377.0,27.2,55.0,14.8,2.9,--
Canton Beach,177.0,39.0,36.0,3.0,255.0,69.4,15.3,14.1,1.2,--
Cardiff,525.0,594.0,268.0,20.0,1407.0,37.3,42.2,19.0,1.4,--
Cardiff Heights,213.0,232.0,66.0,0.0,511.0,41.7,45.4,12.9,0.0,--
Cardiff South,251.0,358.0,138.0,12.0,759.0,33.1,47.2,18.2,1.6,--
Caringbah,2199.0,2643.0,801.0,106.0,5749.0,38.3,46.0,13.9,1.8,--
Carlingford,1612.0,3216.0,570.0,74.0,5472.0,29.5,58.8,10.4,1.4,--
Carlton,842.0,1329.0,334.0,56.0,2561.0,32.9,51.9,13.0,2.2,--
Carramar,178.0,339.0,172.0,22.0,711.0,25.0,47.7,24.2,3.1,--
Carrington,118.0,100.0,143.0,15.0,376.0,31.4,26.6,38.0,4.0,--
Carss Park,108.0,179.0,35.0,3.0,325.0,33.2,55.1,10.8,0.9,--
Cartwright,178.0,211.0,162.0,6.0,557.0,32.0,37.9,29.1,1.1,--
Castle Cove,243.0,358.0,59.0,9.0,669.0,36.3,53.5,8.8,1.3,--
Castle Hill,2423.0,5167.0,791.0,88.0,8469.0,28.6,61.0,9.3,1.0,--
Castlecrag,276.0,415.0,78.0,11.0,780.0,35.4,53.2,10.0,1.4,--
Casula,808.0,1733.0,490.0,41.0,3072.0,26.3,56.4,16.0,1.3,--
Caves Beach,455.0,611.0,125.0,8.0,1199.0,37.9,51.0,10.4,0.7,--
Cecil Hills,271.0,1080.0,122.0,13.0,1486.0,18.2,72.7,8.2,0.9,--
Centennial Park,217.0,120.0,50.0,26.0,413.0,52.5,29.1,12.1,6.3,--
Charlestown,1274.0,1420.0,539.0,34.0,3267.0,39.0,43.5,16.5,1.0,--
Charmhaven,224.0,276.0,122.0,9.0,631.0,35.5,43.7,19.3,1.4,--
Chatswood,882.0,1142.0,416.0,121.0,2561.0,34.4,44.6,16.2,4.7,--
Chatswood West,794.0,965.0,253.0,62.0,2074.0,38.3,46.5,12.2,3.0,--
Cheltenham,185.0,333.0,54.0,3.0,575.0,32.2,57.9,9.4,0.5,--
Cherrybrook,1235.0,3367.0,462.0,46.0,5110.0,24.2,65.9,9.0,0.9,--
Chester Hill,728.0,1252.0,451.0,54.0,2485.0,29.3,50.4,18.1,2.2,--
Chifley,228.0,436.0,145.0,7.0,816.0,27.9,53.4,17.8,0.9,--
Chippendale,369.0,57.0,47.0,51.0,524.0,70.4,10.9,9.0,9.7,--
Chipping Norton,648.0,1487.0,291.0,31.0,2457.0,26.4,60.5,11.8,1.3,--
Chiswick,191.0,124.0,42.0,8.0,365.0,52.3,34.0,11.5,2.2,--
Chittaway Bay,178.0,260.0,118.0,7.0,563.0,31.6,46.2,21.0,1.2,--
Chittaway Point,90.0,97.0,22.0,3.0,212.0,42.5,45.8,10.4,1.4,--
Church Point,148.0,174.0,17.0,4.0,343.0,43.1,50.7,5.0,1.2,--
Claremont Meadows,198.0,588.0,144.0,15.0,945.0,21.0,62.2,15.2,1.6,--
Claymore,72.0,297.0,450.0,5.0,824.0,8.7,36.0,54.6,0.6,--
Clontarf,152.0,259.0,27.0,10.0,448.0,33.9,57.8,6.0,2.2,--
Clovelly,471.0,498.0,149.0,29.0,1147.0,41.1,43.4,13.0,2.5,--
Coal Point,229.0,235.0,43.0,3.0,510.0,44.9,46.1,8.4,0.6,--
Coledale,98.0,117.0,45.0,4.0,264.0,37.1,44.3,17.0,1.5,--
Collaroy,1313.0,1788.0,435.0,65.0,3601.0,36.5,49.7,12.1,1.8,--
Colyton,568.0,1205.0,428.0,20.0,2221.0,25.6,54.3,19.3,0.9,--
Como,352.0,597.0,104.0,10.0,1063.0,33.1,56.2,9.8,0.9,--
Concord,1096.0,2007.0,428.0,75.0,3606.0,30.4,55.7,11.9,2.1,--
Concord West,449.0,842.0,178.0,41.0,1510.0,29.7,55.8,11.8,2.7,--
Condell Park,653.0,1336.0,334.0,33.0,2356.0,27.7,56.7,14.2,1.4,--
Coniston,186.0,214.0,63.0,7.0,470.0,39.6,45.5,13.4,1.5,--
Connells Point,287.0,456.0,73.0,4.0,820.0,35.0,55.6,8.9,0.5,--
Coogee,1561.0,1019.0,370.0,144.0,3094.0,50.5,32.9,12.0,4.7,--
Cooks Hill,233.0,152.0,133.0,18.0,536.0,43.5,28.4,24.8,3.4,--
Copacabana,201.0,404.0,148.0,7.0,760.0,26.4,53.2,19.5,0.9,--
Cordeaux Heights,297.0,917.0,98.0,5.0,1317.0,22.6,69.6,7.4,0.4,--
Corrimal,1006.0,1134.0,479.0,45.0,2664.0,37.8,42.6,18.0,1.7,--
Cranebrook,773.0,1998.0,717.0,32.0,3520.0,22.0,56.8,20.4,0.9,--
Cremorne,1336.0,783.0,277.0,80.0,2476.0,54.0,31.6,11.2,3.2,--
Cremorne Point,295.0,120.0,27.0,7.0,449.0,65.7,26.7,6.0,1.6,--
Cringila,181.0,323.0,97.0,16.0,617.0,29.3,52.4,15.7,2.6,--
Cromer,609.0,1089.0,225.0,23.0,1946.0,31.3,56.0,11.6,1.2,--
Cronulla,2091.0,1289.0,685.0,117.0,4182.0,50.0,30.8,16.4,2.8,--
Croudace Bay,56.0,52.0,15.0,0.0,123.0,45.5,42.3,12.2,0.0,--
Crows Nest,442.0,245.0,94.0,32.0,813.0,54.4,30.1,11.6,3.9,--
Croydon,718.0,1223.0,313.0,63.0,2317.0,31.0,52.8,13.5,2.7,--
Croydon Park,799.0,1493.0,459.0,52.0,2803.0,28.5,53.3,16.4,1.9,--
Curl Curl,170.0,240.0,48.0,12.0,470.0,36.2,51.1,10.2,2.6,--
Currans Hill,350.0,668.0,194.0,12.0,1224.0,28.6,54.6,15.8,1.0,--
Daceyville,75.0,80.0,120.0,7.0,282.0,26.6,28.4,42.6,2.5,--
Daleys Point,113.0,34.0,10.0,3.0,160.0,70.6,21.3,6.3,1.9,--
Dapto,1101.0,1466.0,514.0,41.0,3122.0,35.3,47.0,16.5,1.3,--
Darling Point,607.0,220.0,108.0,29.0,964.0,63.0,22.8,11.2,3.0,--
Darlinghurst,960.0,176.0,99.0,45.0,1280.0,75.0,13.8,7.7,3.5,--
Darlington,190.0,84.0,46.0,32.0,352.0,54.0,23.9,13.1,9.1,--
Davidson,187.0,470.0,63.0,8.0,728.0,25.7,64.6,8.7,1.1,--
Davistown,222.0,233.0,88.0,9.0,552.0,40.2,42.2,15.9,1.6,--
Dawes Point,8.0,6.0,17.0,3.0,34.0,23.5,17.6,50.0,8.8,--
Dean Park,151.0,544.0,138.0,7.0,840.0,18.0,64.8,16.4,0.8,--
Dee Why,1818.0,1666.0,743.0,132.0,4359.0,41.7,38.2,17.0,3.0,--
Denistone,289.0,535.0,106.0,17.0,947.0,30.5,56.5,11.2,1.8,--
Denistone East,184.0,292.0,54.0,10.0,540.0,34.1,54.1,10.0,1.9,--
Denistone West,69.0,117.0,16.0,3.0,205.0,33.7,57.1,7.8,1.5,--
Dharruk,162.0,404.0,166.0,13.0,745.0,21.7,54.2,22.3,1.7,--
Dolans Bay,88.0,200.0,29.0,3.0,320.0,27.5,62.5,9.1,0.9,--
Dolls Point,146.0,91.0,61.0,8.0,306.0,47.7,29.7,19.9,2.6,--
Doonside,757.0,1903.0,864.0,64.0,3588.0,21.1,53.0,24.1,1.8,--
Double Bay,339.0,242.0,98.0,35.0,714.0,47.5,33.9,13.7,4.9,--
Dover Heights,304.0,503.0,97.0,6.0,910.0,33.4,55.3,10.7,0.7,--
Drummoyne,1236.0,970.0,281.0,74.0,2561.0,48.3,37.9,11.0,2.9,--
Dudley,251.0,312.0,101.0,12.0,676.0,37.1,46.2,14.9,1.8,--
Dulwich Hill,1161.0,1430.0,559.0,91.0,3241.0,35.8,44.1,17.2,2.8,--
Dundas,796.0,1244.0,448.0,55.0,2543.0,31.3,48.9,17.6,2.2,--
Dundas Valley,572.0,936.0,243.0,22.0,1773.0,32.3,52.8,13.7,1.2,--
Dural,298.0,598.0,105.0,11.0,1012.0,29.4,59.1,10.4,1.1,--
Eagle Vale,296.0,919.0,257.0,18.0,1490.0,19.9,61.7,17.2,1.2,--
Earlwood,1440.0,2558.0,553.0,80.0,4631.0,31.1,55.2,11.9,1.7,--
East Gosford,412.0,283.0,170.0,12.0,877.0,47.0,32.3,19.4,1.4,--
East Hills,241.0,336.0,118.0,12.0,707.0,34.1,47.5,16.7,1.7,--
East Killara,228.0,502.0,75.0,18.0,823.0,27.7,61.0,9.1,2.2,--
East Lindfield,287.0,542.0,100.0,7.0,936.0,30.7,57.9,10.7,0.7,--
East Ryde,239.0,358.0,77.0,3.0,677.0,35.3,52.9,11.4,0.4,--
Eastern Creek,37.0,79.0,29.0,0.0,145.0,25.5,54.5,20.0,0.0,--
Eastlakes,480.0,937.0,379.0,56.0,1852.0,25.9,50.6,20.5,3.0,--
Eastwood,1039.0,2134.0,523.0,99.0,3795.0,27.4,56.2,13.8,2.6,--
Edensor Park,476.0,1593.0,326.0,36.0,2431.0,19.6,65.5,13.4,1.5,--
Edgecliff,313.0,128.0,73.0,25.0,539.0,58.1,23.7,13.5,4.6,--
Edgeworth,673.0,1116.0,343.0,20.0,2152.0,31.3,51.9,15.9,0.9,--
Elanora Heights,352.0,583.0,114.0,14.0,1063.0,33.1,54.8,10.7,1.3,--
Elderslie,261.0,372.0,123.0,4.0,760.0,34.3,48.9,16.2,0.5,--
Eleebana,582.0,957.0,136.0,6.0,1681.0,34.6,56.9,8.1,0.4,--
Elermore Vale,343.0,755.0,232.0,12.0,1342.0,25.6,56.3,17.3,0.9,--
Elizabeth Bay,586.0,93.0,41.0,23.0,743.0,78.9,12.5,5.5,3.1,--
Emerton,126.0,269.0,184.0,14.0,593.0,21.2,45.4,31.0,2.4,--
Empire Bay,130.0,206.0,69.0,3.0,408.0,31.9,50.5,16.9,0.7,--
Emu Heights,232.0,539.0,131.0,6.0,908.0,25.6,59.4,14.4,0.7,--
Emu Plains,713.0,1089.0,341.0,25.0,2168.0,32.9,50.2,15.7,1.2,--
Enfield,177.0,350.0,88.0,10.0,625.0,28.3,56.0,14.1,1.6,--
Engadine,1580.0,2987.0,619.0,65.0,5251.0,30.1,56.9,11.8,1.2,--
Enmore,379.0,220.0,89.0,47.0,735.0,51.6,29.9,12.1,6.4,--
Epping,1628.0,2631.0,564.0,156.0,4979.0,32.7,52.8,11.3,3.1,--
Erina,615.0,438.0,161.0,14.0,1228.0,50.1,35.7,13.1,1.1,--
Ermington,827.0,1259.0,547.0,63.0,2696.0,30.7,46.7,20.3,2.3,--
Erskine Park,337.0,1297.0,189.0,12.0,1835.0,18.4,70.7,10.3,0.7,--
Erskineville,604.0,285.0,182.0,47.0,1118.0,54.0,25.5,16.3,4.2,--
Eschol Park,158.0,446.0,130.0,4.0,738.0,21.4,60.4,17.6,0.5,--
Ettalong Beach,516.0,300.0,256.0,30.0,1102.0,46.8,27.2,23.2,2.7,--
Fairfield,950.0,1915.0,765.0,122.0,3752.0,25.3,51.0,20.4,3.3,--
Fairfield East,152.0,314.0,111.0,10.0,587.0,25.9,53.5,18.9,1.7,--
Fairfield Heights,340.0,714.0,327.0,33.0,1414.0,24.0,50.5,23.1,2.3,--
Fairfield West,729.0,1577.0,475.0,33.0,2814.0,25.9,56.0,16.9,1.2,--
Fairlight,687.0,540.0,191.0,28.0,1446.0,47.5,37.3,13.2,1.9,--
Fairy Meadow,698.0,674.0,368.0,36.0,1776.0,39.3,38.0,20.7,2.0,--
Farmborough Heights,302.0,636.0,108.0,10.0,1056.0,28.6,60.2,10.2,0.9,--
Faulconbridge,378.0,556.0,153.0,9.0,1096.0,34.5,50.7,14.0,0.8,--
Fennell Bay,229.0,254.0,120.0,11.0,614.0,37.3,41.4,19.5,1.8,--
Figtree,1008.0,1537.0,286.0,28.0,2859.0,35.3,53.8,10.0,1.0,--
Five Dock,765.0,895.0,328.0,45.0,2033.0,37.6,44.0,16.1,2.2,--
Fletcher,68.0,133.0,10.0,0.0,211.0,32.2,63.0,4.7,0.0,--
Flinders,252.0,397.0,108.0,6.0,763.0,33.0,52.0,14.2,0.8,--
Floraville,116.0,209.0,46.0,3.0,374.0,31.0,55.9,12.3,0.8,--
Forest Lodge,236.0,127.0,71.0,33.0,467.0,50.5,27.2,15.2,7.1,--
Forestville,755.0,1117.0,198.0,20.0,2090.0,36.1,53.4,9.5,1.0,--
Forresters Beach,213.0,341.0,93.0,7.0,654.0,32.6,52.1,14.2,1.1,--
Frenchs Forest,1148.0,2042.0,375.0,30.0,3595.0,31.9,56.8,10.4,0.8,--
Garden Suburb,161.0,252.0,48.0,0.0,461.0,34.9,54.7,10.4,0.0,--
Gateshead,308.0,391.0,257.0,12.0,968.0,31.8,40.4,26.5,1.2,--
Georges Hall,638.0,1284.0,274.0,28.0,2224.0,28.7,57.7,12.3,1.3,--
Georgetown,186.0,184.0,106.0,10.0,486.0,38.3,37.9,21.8,2.1,--
Girraween,331.0,504.0,151.0,21.0,1007.0,32.9,50.0,15.0,2.1,--
Gladesville,1049.0,1290.0,364.0,96.0,2799.0,37.5,46.1,13.0,3.4,--
Glebe,1021.0,607.0,521.0,93.0,2242.0,45.5,27.1,23.2,4.1,--
Glen Alpine,257.0,812.0,53.0,3.0,1125.0,22.8,72.2,4.7,0.3,--
Glenbrook,406.0,785.0,148.0,15.0,1354.0,30.0,58.0,10.9,1.1,--
Glendale,333.0,374.0,174.0,7.0,888.0,37.5,42.1,19.6,0.8,--
Glendenning,248.0,805.0,162.0,9.0,1224.0,20.3,65.8,13.2,0.7,--
Glenfield,430.0,936.0,314.0,21.0,1701.0,25.3,55.0,18.5,1.2,--
Glenhaven,364.0,1061.0,119.0,18.0,1562.0,23.3,67.9,7.6,1.2,--
Glenmore Park,1234.0,2888.0,470.0,31.0,4623.0,26.7,62.5,10.2,0.7,--
Glenning Valley,44.0,121.0,31.0,4.0,200.0,22.0,60.5,15.5,2.0,--
Glenwood,737.0,1639.0,207.0,31.0,2614.0,28.2,62.7,7.9,1.2,--
Gordon,505.0,962.0,174.0,29.0,1670.0,30.2,57.6,10.4,1.7,--
Gorokan,841.0,691.0,438.0,39.0,2009.0,41.9,34.4,21.8,1.9,--
Gosford,278.0,116.0,125.0,26.0,545.0,51.0,21.3,22.9,4.8,--
Granville,1175.0,2795.0,921.0,119.0,5010.0,23.5,55.8,18.4,2.4,--
Grays Point,241.0,488.0,64.0,3.0,796.0,30.3,61.3,8.0,0.4,--
Green Point,702.0,811.0,254.0,13.0,1780.0,39.4,45.6,14.3,0.7,--
Green Valley,527.0,1958.0,457.0,33.0,2975.0,17.7,65.8,15.4,1.1,--
Greenacre,1184.0,2986.0,796.0,82.0,5048.0,23.5,59.2,15.8,1.6,--
Greenfield Park,248.0,927.0,207.0,18.0,1400.0,17.7,66.2,14.8,1.3,--
Greenwich,484.0,611.0,138.0,29.0,1262.0,38.4,48.4,10.9,2.3,--
Greystanes,1793.0,3455.0,814.0,74.0,6136.0,29.2,56.3,13.3,1.2,--
Guildford,749.0,1342.0,490.0,67.0,2648.0,28.3,50.7,18.5,2.5,--
Guildford West,287.0,585.0,193.0,22.0,1087.0,26.4,53.8,17.8,2.0,--
Gwynneville,160.0,185.0,63.0,19.0,427.0,37.5,43.3,14.8,4.4,--
Gymea,736.0,796.0,287.0,28.0,1847.0,39.8,43.1,15.5,1.5,--
Gymea Bay,540.0,1078.0,168.0,11.0,1797.0,30.1,60.0,9.3,0.6,--
Haberfield,625.0,965.0,242.0,35.0,1867.0,33.5,51.7,13.0,1.9,--
Halekulani,308.0,228.0,112.0,8.0,656.0,47.0,34.8,17.1,1.2,--
Hamilton,377.0,290.0,184.0,31.0,882.0,42.7,32.9,20.9,3.5,--
Hamilton East,81.0,129.0,40.0,5.0,255.0,31.8,50.6,15.7,2.0,--
Hamilton North,78.0,74.0,59.0,4.0,215.0,36.3,34.4,27.4,1.9,--
Hamilton South,322.0,386.0,193.0,23.0,924.0,34.8,41.8,20.9,2.5,--
Hammondville,253.0,488.0,137.0,7.0,885.0,28.6,55.1,15.5,0.8,--
Harrington Park,225.0,563.0,71.0,5.0,864.0,26.0,65.2,8.2,0.6,--
Harris Park,462.0,745.0,304.0,39.0,1550.0,29.8,48.1,19.6,2.5,--
Hassall Grove,166.0,789.0,152.0,14.0,1121.0,14.8,70.4,13.6,1.2,--
Haymarket,189.0,101.0,61.0,141.0,492.0,38.4,20.5,12.4,28.7,--
Heathcote,489.0,948.0,169.0,7.0,1613.0,30.3,58.8,10.5,0.4,--
Hebersham,271.0,817.0,376.0,38.0,1502.0,18.0,54.4,25.0,2.5,--
Heckenberg,168.0,372.0,207.0,19.0,766.0,21.9,48.6,27.0,2.5,--
Henley,33.0,70.0,5.0,3.0,111.0,29.7,63.1,4.5,2.7,--
Highfields,79.0,68.0,31.0,3.0,181.0,43.6,37.6,17.1,1.7,--
Hillsborough,59.0,107.0,32.0,3.0,201.0,29.4,53.2,15.9,1.5,--
Hillsdale,384.0,801.0,314.0,38.0,1537.0,25.0,52.1,20.4,2.5,--
Hinchinbrook,509.0,1756.0,301.0,40.0,2606.0,19.5,67.4,11.6,1.5,--
Holmesville,130.0,231.0,72.0,5.0,438.0,29.7,52.7,16.4,1.1,--
Holsworthy,183.0,458.0,83.0,3.0,727.0,25.2,63.0,11.4,0.4,--
Homebush,256.0,660.0,154.0,26.0,1096.0,23.4,60.2,14.1,2.4,--
Homebush West,168.0,368.0,132.0,18.0,686.0,24.5,53.6,19.2,2.6,--
Horningsea Park,219.0,454.0,80.0,9.0,762.0,28.7,59.6,10.5,1.2,--
Hornsby,1829.0,2181.0,828.0,127.0,4965.0,36.8,43.9,16.7,2.6,--
Hornsby Heights,469.0,1011.0,188.0,16.0,1684.0,27.9,60.0,11.2,1.0,--
Horsley,416.0,953.0,131.0,7.0,1507.0,27.6,63.2,8.7,0.5,--
Hoxton Park,164.0,593.0,115.0,6.0,878.0,18.7,67.5,13.1,0.7,--
Hunters Hill,657.0,1052.0,252.0,43.0,2004.0,32.8,52.5,12.6,2.1,--
Huntleys Point,12.0,34.0,6.0,0.0,52.0,23.1,65.4,11.5,0.0,--
Hurlstone Park,431.0,704.0,215.0,31.0,1381.0,31.2,51.0,15.6,2.2,--
Hurstville,1569.0,2652.0,832.0,195.0,5248.0,29.9,50.5,15.9,3.7,--
Hurstville Grove,192.0,371.0,60.0,6.0,629.0,30.5,59.0,9.5,1.0,--
Illawong,417.0,1455.0,151.0,12.0,2035.0,20.5,71.5,7.4,0.6,--
Ingleburn,1074.0,2027.0,728.0,63.0,3892.0,27.6,52.1,18.7,1.6,--
Ingleside,84.0,106.0,39.0,5.0,234.0,35.9,45.3,16.7,2.1,--
Islington,134.0,73.0,97.0,18.0,322.0,41.6,22.7,30.1,5.6,--
Jamisontown,367.0,672.0,226.0,17.0,1282.0,28.6,52.4,17.6,1.3,--
Jannali,466.0,641.0,256.0,34.0,1397.0,33.4,45.9,18.3,2.4,--
Jesmond,222.0,158.0,132.0,24.0,536.0,41.4,29.5,24.6,4.5,--
Jewells,254.0,439.0,82.0,7.0,782.0,32.5,56.1,10.5,0.9,--
Kahibah,298.0,286.0,117.0,19.0,720.0,41.4,39.7,16.3,2.6,--
Kanahooka,547.0,650.0,135.0,7.0,1339.0,40.9,48.5,10.1,0.5,--
Kangaroo Point,58.0,103.0,9.0,0.0,170.0,34.1,60.6,5.3,0.0,--
Kanwal,401.0,456.0,177.0,12.0,1046.0,38.3,43.6,16.9,1.1,--
Kareela,254.0,459.0,65.0,5.0,783.0,32.4,58.6,8.3,0.6,--
Kariong,456.0,945.0,230.0,7.0,1638.0,27.8,57.7,14.0,0.4,--
Kearns,121.0,512.0,76.0,5.0,714.0,16.9,71.7,10.6,0.7,--
Keiraville,375.0,374.0,131.0,25.0,905.0,41.4,41.3,14.5,2.8,--
Kellyville,929.0,2427.0,268.0,18.0,3642.0,25.5,66.6,7.4,0.5,--
Kembla Grange,13.0,13.0,6.0,0.0,32.0,40.6,40.6,18.8,0.0,--
Kensington,830.0,892.0,274.0,213.0,2209.0,37.6,40.4,12.4,9.6,--
Kilaben Bay,134.0,181.0,52.0,3.0,370.0,36.2,48.9,14.1,0.8,--
Killara,637.0,1225.0,213.0,30.0,2105.0,30.3,58.2,10.1,1.4,--
Killarney Heights,382.0,674.0,106.0,13.0,1175.0,32.5,57.4,9.0,1.1,--
Killarney Vale,719.0,804.0,422.0,38.0,1983.0,36.3,40.5,21.3,1.9,--
Kincumber,677.0,813.0,318.0,15.0,1823.0,37.1,44.6,17.4,0.8,--
Kincumber South,83.0,51.0,30.0,3.0,167.0,49.7,30.5,18.0,1.8,--
Kings Langley,738.0,1670.0,273.0,29.0,2710.0,27.2,61.6,10.1,1.1,--
Kings Park,302.0,569.0,132.0,20.0,1023.0,29.5,55.6,12.9,2.0,--
Kingsford,1046.0,1505.0,471.0,299.0,3321.0,31.5,45.3,14.2,9.0,--
Kingsgrove,1005.0,1542.0,416.0,56.0,3019.0,33.3,51.1,13.8,1.9,--
Kingswood,616.0,884.0,592.0,60.0,2152.0,28.6,41.1,27.5,2.8,--
Kirrawee,969.0,1321.0,420.0,42.0,2752.0,35.2,48.0,15.3,1.5,--
Kirribilli,499.0,141.0,70.0,19.0,729.0,68.4,19.3,9.6,2.6,--
Kogarah,883.0,1231.0,447.0,104.0,2665.0,33.1,46.2,16.8,3.9,--
Kogarah Bay,165.0,293.0,59.0,7.0,524.0,31.5,55.9,11.3,1.3,--
Koolewong,79.0,78.0,26.0,3.0,186.0,42.5,41.9,14.0,1.6,--
Koonawarra,317.0,481.0,277.0,15.0,1090.0,29.1,44.1,25.4,1.4,--
Kotara,504.0,473.0,173.0,13.0,1163.0,43.3,40.7,14.9,1.1,--
Kotara South,155.0,138.0,54.0,6.0,353.0,43.9,39.1,15.3,1.7,--
Kurnell,183.0,285.0,102.0,8.0,578.0,31.7,49.3,17.6,1.4,--
Kyeemagh,99.0,110.0,28.0,3.0,240.0,41.3,45.8,11.7,1.3,--
Kyle Bay,115.0,217.0,21.0,4.0,357.0,32.2,60.8,5.9,1.1,--
La Perouse,27.0,43.0,29.0,4.0,103.0,26.2,41.7,28.2,3.9,--
Lake Haven,405.0,379.0,179.0,15.0,978.0,41.4,38.8,18.3,1.5,--
Lake Heights,393.0,449.0,207.0,16.0,1065.0,36.9,42.2,19.4,1.5,--
Lake Illawarra,326.0,339.0,200.0,19.0,884.0,36.9,38.3,22.6,2.1,--
Lakelands,104.0,276.0,37.0,4.0,421.0,24.7,65.6,8.8,1.0,--
Lakemba,821.0,1896.0,624.0,103.0,3444.0,23.8,55.1,18.1,3.0,--
Lalor Park,644.0,861.0,482.0,41.0,2028.0,31.8,42.5,23.8,2.0,--
Lambton,443.0,518.0,247.0,27.0,1235.0,35.9,41.9,20.0,2.2,--
Lane Cove,814.0,854.0,270.0,69.0,2007.0,40.6,42.6,13.5,3.4,--
Lane Cove North,908.0,877.0,309.0,93.0,2187.0,41.5,40.1,14.1,4.3,--
Lane Cove West,181.0,315.0,69.0,10.0,575.0,31.5,54.8,12.0,1.7,--
Lansvale,175.0,363.0,108.0,17.0,663.0,26.4,54.8,16.3,2.6,--
Lapstone,126.0,128.0,30.0,3.0,287.0,43.9,44.6,10.5,1.0,--
Lavender Bay,145.0,56.0,29.0,5.0,235.0,61.7,23.8,12.3,2.1,--
Leichhardt,1429.0,1106.0,512.0,155.0,3202.0,44.6,34.5,16.0,4.8,--
Leonay,252.0,430.0,53.0,8.0,743.0,33.9,57.9,7.1,1.1,--
Lethbridge Park,296.0,483.0,426.0,23.0,1228.0,24.1,39.3,34.7,1.9,--
Leumeah,693.0,1277.0,483.0,33.0,2486.0,27.9,51.4,19.4,1.3,--
Lewisham,268.0,258.0,130.0,20.0,676.0,39.6,38.2,19.2,3.0,--
Liberty Grove,157.0,172.0,59.0,12.0,400.0,39.3,43.0,14.8,3.0,--
Lidcombe,804.0,1808.0,485.0,106.0,3203.0,25.1,56.4,15.1,3.3,--
Lilli Pilli,192.0,364.0,48.0,4.0,608.0,31.6,59.9,7.9,0.7,--
Lilyfield,710.0,666.0,293.0,53.0,1722.0,41.2,38.7,17.0,3.1,--
Lindfield,608.0,1188.0,269.0,43.0,2108.0,28.8,56.4,12.8,2.0,--
Linley Point,33.0,65.0,8.0,0.0,106.0,31.1,61.3,7.5,0.0,--
Lisarow,315.0,747.0,172.0,13.0,1247.0,25.3,59.9,13.8,1.0,--
Little Bay,138.0,265.0,75.0,11.0,489.0,28.2,54.2,15.3,2.2,--
Liverpool,1358.0,2769.0,1003.0,135.0,5265.0,25.8,52.6,19.1,2.6,--
Loftus,393.0,624.0,123.0,14.0,1154.0,34.1,54.1,10.7,1.2,--
Long Jetty,554.0,456.0,325.0,20.0,1355.0,40.9,33.7,24.0,1.5,--
Long Point,18.0,61.0,19.0,3.0,101.0,17.8,60.4,18.8,3.0,--
Longueville,147.0,342.0,44.0,7.0,540.0,27.2,63.3,8.1,1.3,--
Lugarno,559.0,914.0,142.0,16.0,1631.0,34.3,56.0,8.7,1.0,--
Lurnea,555.0,1076.0,481.0,42.0,2154.0,25.8,50.0,22.3,1.9,--
Macquarie Fields,739.0,1742.0,1087.0,50.0,3618.0,20.4,48.1,30.0,1.4,--
Macquarie Hills,226.0,418.0,89.0,9.0,742.0,30.5,56.3,12.0,1.2,--
Macquarie Links,21.0,65.0,0.0,0.0,86.0,24.4,75.6,0.0,0.0,--
Macquarie Park,513.0,340.0,194.0,62.0,1109.0,46.3,30.7,17.5,5.6,--
Malabar,293.0,452.0,176.0,17.0,938.0,31.2,48.2,18.8,1.8,--
Mangerton,246.0,311.0,92.0,15.0,664.0,37.0,46.8,13.9,2.3,--
Manly,1748.0,895.0,333.0,93.0,3069.0,57.0,29.2,10.9,3.0,--
Manly Vale,503.0,568.0,235.0,29.0,1335.0,37.7,42.5,17.6,2.2,--
Marayong,481.0,1003.0,375.0,24.0,1883.0,25.5,53.3,19.9,1.3,--
Mardi,243.0,311.0,128.0,7.0,689.0,35.3,45.1,18.6,1.0,--
Marks Point,189.0,143.0,112.0,12.0,456.0,41.4,31.4,24.6,2.6,--
Marmong Point,56.0,50.0,16.0,0.0,122.0,45.9,41.0,13.1,0.0,--
Maroubra,2187.0,2873.0,1231.0,308.0,6599.0,33.1,43.5,18.7,4.7,--
Marrickville,1951.0,2743.0,1064.0,186.0,5944.0,32.8,46.1,17.9,3.1,--
Marsfield,1177.0,1316.0,358.0,101.0,2952.0,39.9,44.6,12.1,3.4,--
Maryland,553.0,1090.0,318.0,15.0,1976.0,28.0,55.2,16.1,0.8,--
Maryville,101.0,71.0,79.0,8.0,259.0,39.0,27.4,30.5,3.1,--
Mascot,586.0,1044.0,371.0,60.0,2061.0,28.4,50.7,18.0,2.9,--
Matraville,666.0,1178.0,444.0,60.0,2348.0,28.4,50.2,18.9,2.6,--
Mayfield,723.0,805.0,565.0,71.0,2164.0,33.4,37.2,26.1,3.3,--
Mayfield East,107.0,128.0,103.0,14.0,352.0,30.4,36.4,29.3,4.0,--
Mayfield West,161.0,161.0,97.0,13.0,432.0,37.3,37.3,22.5,3.0,--
Mays Hill,55.0,70.0,18.0,3.0,146.0,37.7,47.9,12.3,2.1,--
McMahons Point,335.0,119.0,41.0,8.0,503.0,66.6,23.7,8.2,1.6,--
Meadowbank,199.0,167.0,88.0,30.0,484.0,41.1,34.5,18.2,6.2,--
Melrose Park,146.0,307.0,77.0,19.0,549.0,26.6,55.9,14.0,3.5,--
Menai,635.0,1833.0,385.0,13.0,2866.0,22.2,64.0,13.4,0.5,--
Merewether,1044.0,1022.0,364.0,56.0,2486.0,42.0,41.1,14.6,2.3,--
Merewether Heights,199.0,182.0,37.0,4.0,422.0,47.2,43.1,8.8,0.9,--
Merrylands,1466.0,2604.0,917.0,136.0,5123.0,28.6,50.8,17.9,2.7,--
Merrylands West,380.0,681.0,271.0,38.0,1370.0,27.7,49.7,19.8,2.8,--
Middle Cove,101.0,143.0,28.0,4.0,276.0,36.6,51.8,10.1,1.4,--
Miller,164.0,343.0,244.0,18.0,769.0,21.3,44.6,31.7,2.3,--
Millers Point,121.0,52.0,72.0,13.0,258.0,46.9,20.2,27.9,5.0,--
Milperra,343.0,701.0,111.0,7.0,1162.0,29.5,60.3,9.6,0.6,--
Milsons Point,207.0,89.0,26.0,17.0,339.0,61.1,26.3,7.7,5.0,--
Minchinbury,265.0,934.0,160.0,10.0,1369.0,19.4,68.2,11.7,0.7,--
Minmi,52.0,115.0,26.0,0.0,193.0,26.9,59.6,13.5,0.0,--
Minto,551.0,1435.0,870.0,48.0,2904.0,19.0,49.4,30.0,1.7,--
Miranda,1417.0,1421.0,560.0,72.0,3470.0,40.8,41.0,16.1,2.1,--
Mona Vale,945.0,1187.0,299.0,31.0,2462.0,38.4,48.2,12.1,1.3,--
Monterey,417.0,475.0,162.0,25.0,1079.0,38.6,44.0,15.0,2.3,--
Moorebank,543.0,899.0,248.0,21.0,1711.0,31.7,52.5,14.5,1.2,--
Mortdale,846.0,1151.0,393.0,56.0,2446.0,34.6,47.1,16.1,2.3,--
Mortlake,60.0,40.0,7.0,3.0,110.0,54.5,36.4,6.4,2.7,--
Mosman,2764.0,2873.0,687.0,133.0,6457.0,42.8,44.5,10.6,2.1,--
Mount Annan,489.0,1168.0,193.0,13.0,1863.0,26.2,62.7,10.4,0.7,--
Mount Colah,514.0,1181.0,205.0,17.0,1917.0,26.8,61.6,10.7,0.9,--
Mount Druitt,713.0,1597.0,552.0,81.0,2943.0,24.2,54.3,18.8,2.8,--
Mount Hutton,267.0,376.0,177.0,8.0,828.0,32.2,45.4,21.4,1.0,--
Mount Keira,146.0,222.0,39.0,5.0,412.0,35.4,53.9,9.5,1.2,--
Mount Kembla,86.0,154.0,20.0,3.0,263.0,32.7,58.6,7.6,1.1,--
Mount Lewis,58.0,158.0,56.0,8.0,280.0,20.7,56.4,20.0,2.9,--
Mount Ousley,194.0,246.0,66.0,11.0,517.0,37.5,47.6,12.8,2.1,--
Mount Pleasant,102.0,141.0,21.0,3.0,267.0,38.2,52.8,7.9,1.1,--
Mount Pritchard,632.0,1243.0,453.0,37.0,2365.0,26.7,52.6,19.2,1.6,--
Mount Riverview,307.0,506.0,82.0,3.0,898.0,34.2,56.3,9.1,0.3,--
Mount Saint Thomas,144.0,192.0,79.0,6.0,421.0,34.2,45.6,18.8,1.4,--
Mount Warrigal,550.0,795.0,257.0,8.0,1610.0,34.2,49.4,16.0,0.5,--
Narara,623.0,1201.0,367.0,16.0,2207.0,28.2,54.4,16.6,0.7,--
Narellan,291.0,529.0,161.0,15.0,996.0,29.2,53.1,16.2,1.5,--
Narellan Vale,496.0,1179.0,250.0,20.0,1945.0,25.5,60.6,12.9,1.0,--
Naremburn,578.0,537.0,167.0,35.0,1317.0,43.9,40.8,12.7,2.7,--
Narrabeen,835.0,463.0,231.0,33.0,1562.0,53.5,29.6,14.8,2.1,--
Narraweena,519.0,652.0,255.0,17.0,1443.0,36.0,45.2,17.7,1.2,--
Narwee,359.0,512.0,192.0,18.0,1081.0,33.2,47.4,17.8,1.7,--
Neutral Bay,1351.0,551.0,237.0,76.0,2215.0,61.0,24.9,10.7,3.4,--
New Lambton,967.0,996.0,436.0,55.0,2454.0,39.4,40.6,17.8,2.2,--
New Lambton Heights,221.0,425.0,55.0,3.0,704.0,31.4,60.4,7.8,0.4,--
Newcastle,139.0,59.0,21.0,12.0,231.0,60.2,25.5,9.1,5.2,--
Newcastle East,67.0,30.0,54.0,3.0,154.0,43.5,19.5,35.1,1.9,--
Newcastle West,7.0,0.0,0.0,3.0,10.0,70.0,0.0,0.0,30.0,--
Newington,122.0,154.0,26.0,7.0,309.0,39.5,49.8,8.4,2.3,--
Newport,990.0,1173.0,302.0,41.0,2506.0,39.5,46.8,12.1,1.6,--
Newtown,1514.0,711.0,301.0,119.0,2645.0,57.2,26.9,11.4,4.5,--
Niagara Park,179.0,360.0,98.0,5.0,642.0,27.9,56.1,15.3,0.8,--
Norah Head,128.0,124.0,40.0,4.0,296.0,43.2,41.9,13.5,1.4,--
Noraville,269.0,277.0,129.0,9.0,684.0,39.3,40.5,18.9,1.3,--
Normanhurst,385.0,610.0,149.0,17.0,1161.0,33.2,52.5,12.8,1.5,--
North Avoca,212.0,316.0,67.0,10.0,605.0,35.0,52.2,11.1,1.7,--
North Balgowlah,262.0,500.0,131.0,20.0,913.0,28.7,54.8,14.3,2.2,--
North Bondi,821.0,858.0,288.0,57.0,2024.0,40.6,42.4,14.2,2.8,--
North Curl Curl,272.0,464.0,120.0,18.0,874.0,31.1,53.1,13.7,2.1,--
North Epping,372.0,682.0,113.0,14.0,1181.0,31.5,57.7,9.6,1.2,--
North Gosford,289.0,383.0,178.0,8.0,858.0,33.7,44.6,20.7,0.9,--
North Lambton,333.0,309.0,141.0,23.0,806.0,41.3,38.3,17.5,2.9,--
North Manly,242.0,379.0,72.0,16.0,709.0,34.1,53.5,10.2,2.3,--
North Narrabeen,477.0,792.0,183.0,22.0,1474.0,32.4,53.7,12.4,1.5,--
North Parramatta,674.0,715.0,330.0,64.0,1783.0,37.8,40.1,18.5,3.6,--
North Rocks,658.0,1240.0,211.0,31.0,2140.0,30.7,57.9,9.9,1.4,--
North Ryde,921.0,1383.0,361.0,60.0,2725.0,33.8,50.8,13.2,2.2,--
North St Marys,276.0,440.0,302.0,19.0,1037.0,26.6,42.4,29.1,1.8,--
North Strathfield,297.0,390.0,108.0,36.0,831.0,35.7,46.9,13.0,4.3,--
North Sydney,633.0,276.0,121.0,46.0,1076.0,58.8,25.7,11.2,4.3,--
North Turramurra,412.0,458.0,79.0,8.0,957.0,43.1,47.9,8.3,0.8,--
North Wahroonga,179.0,402.0,62.0,5.0,648.0,27.6,62.0,9.6,0.8,--
North Willoughby,353.0,488.0,149.0,34.0,1024.0,34.5,47.7,14.6,3.3,--
North Wollongong,155.0,81.0,52.0,24.0,312.0,49.7,26.0,16.7,7.7,--
Northbridge,480.0,906.0,147.0,34.0,1567.0,30.6,57.8,9.4,2.2,--
Northmead,690.0,876.0,295.0,33.0,1894.0,36.4,46.3,15.6,1.7,--
Northwood,86.0,150.0,17.0,0.0,253.0,34.0,59.3,6.7,0.0,--
Oak Flats,599.0,977.0,302.0,22.0,1900.0,31.5,51.4,15.9,1.2,--
Oakhurst,301.0,1090.0,226.0,13.0,1630.0,18.5,66.9,13.9,0.8,--
Oatlands,393.0,749.0,143.0,16.0,1301.0,30.2,57.6,11.0,1.2,--
Oatley,963.0,1369.0,263.0,51.0,2646.0,36.4,51.7,9.9,1.9,--
Old Guildford,130.0,317.0,88.0,9.0,544.0,23.9,58.3,16.2,1.7,--
Old Toongabbie,455.0,625.0,264.0,12.0,1356.0,33.6,46.1,19.5,0.9,--
Ourimbah,207.0,378.0,135.0,11.0,731.0,28.3,51.7,18.5,1.5,--
Oxley Park,187.0,308.0,160.0,16.0,671.0,27.9,45.9,23.8,2.4,--
Oyster Bay,442.0,938.0,179.0,15.0,1574.0,28.1,59.6,11.4,1.0,--
Paddington,1362.0,775.0,270.0,86.0,2493.0,54.6,31.1,10.8,3.4,--
Padstow,1111.0,1660.0,547.0,59.0,3377.0,32.9,49.2,16.2,1.7,--
Padstow Heights,335.0,512.0,100.0,9.0,956.0,35.0,53.6,10.5,0.9,--
Pagewood,266.0,487.0,151.0,24.0,928.0,28.7,52.5,16.3,2.6,--
Palm Beach,188.0,162.0,42.0,4.0,396.0,47.5,40.9,10.6,1.0,--
Panania,1006.0,1494.0,449.0,59.0,3008.0,33.4,49.7,14.9,2.0,--
Parramatta,1441.0,1773.0,743.0,188.0,4145.0,34.8,42.8,17.9,4.5,--
Peakhurst,730.0,1079.0,339.0,25.0,2173.0,33.6,49.7,15.6,1.2,--
Peakhurst Heights,251.0,382.0,84.0,5.0,722.0,34.8,52.9,11.6,0.7,--
Pearl Beach,29.0,7.0,5.0,0.0,41.0,70.7,17.1,12.2,0.0,--
Pelican,92.0,117.0,37.0,4.0,250.0,36.8,46.8,14.8,1.6,--
Pendle Hill,797.0,1079.0,409.0,64.0,2349.0,33.9,45.9,17.4,2.7,--
Pennant Hills,547.0,927.0,196.0,34.0,1704.0,32.1,54.4,11.5,2.0,--
Penrith,1021.0,1012.0,674.0,90.0,2797.0,36.5,36.2,24.1,3.2,--
Penrose,121.0,238.0,63.0,3.0,425.0,28.5,56.0,14.8,0.7,--
Penshurst,890.0,1480.0,473.0,93.0,2936.0,30.3,50.4,16.1,3.2,--
Petersham,630.0,582.0,244.0,55.0,1511.0,41.7,38.5,16.1,3.6,--
Phillip Bay,48.0,100.0,31.0,5.0,184.0,26.1,54.3,16.8,2.7,--
Picnic Point,482.0,805.0,198.0,18.0,1503.0,32.1,53.6,13.2,1.2,--
Plumpton,306.0,1169.0,218.0,24.0,1717.0,17.8,68.1,12.7,1.4,--
Point Clare,360.0,366.0,132.0,9.0,867.0,41.5,42.2,15.2,1.0,--
Point Frederick,183.0,151.0,67.0,11.0,412.0,44.4,36.7,16.3,2.7,--
Point Piper,171.0,134.0,27.0,7.0,339.0,50.4,39.5,8.0,2.1,--
Port Kembla,450.0,560.0,219.0,19.0,1248.0,36.1,44.9,17.5,1.5,--
Potts Point,755.0,104.0,55.0,23.0,937.0,80.6,11.1,5.9,2.5,--
Prairiewood,204.0,500.0,127.0,9.0,840.0,24.3,59.5,15.1,1.1,--
Prestons,575.0,1495.0,206.0,22.0,2298.0,25.0,65.1,9.0,1.0,--
Primbee,158.0,206.0,75.0,5.0,444.0,35.6,46.4,16.9,1.1,--
Prospect,294.0,749.0,139.0,7.0,1189.0,24.7,63.0,11.7,0.6,--
Punchbowl,964.0,2470.0,742.0,78.0,4254.0,22.7,58.1,17.4,1.8,--
Putney,242.0,464.0,101.0,9.0,816.0,29.7,56.9,12.4,1.1,--
Pymble,737.0,1567.0,222.0,35.0,2561.0,28.8,61.2,8.7,1.4,--
Pyrmont,952.0,302.0,207.0,156.0,1617.0,58.9,18.7,12.8,9.6,--
Quakers Hill,1459.0,3679.0,932.0,67.0,6137.0,23.8,59.9,15.2,1.1,--
Queens Park,279.0,319.0,92.0,22.0,712.0,39.2,44.8,12.9,3.1,--
Raby,341.0,1105.0,251.0,13.0,1710.0,19.9,64.6,14.7,0.8,--
Ramsgate,58.0,112.0,29.0,4.0,203.0,28.6,55.2,14.3,2.0,--
Ramsgate Beach,178.0,97.0,74.0,13.0,362.0,49.2,26.8,20.4,3.6,--
Randwick,2530.0,2177.0,842.0,303.0,5852.0,43.2,37.2,14.4,5.2,--
Rankin Park,268.0,413.0,84.0,12.0,777.0,34.5,53.2,10.8,1.5,--
Redfern,1137.0,503.0,404.0,127.0,2171.0,52.4,23.2,18.6,5.8,--
Redhead,374.0,406.0,105.0,16.0,901.0,41.5,45.1,11.7,1.8,--
Regents Park,241.0,530.0,169.0,31.0,971.0,24.8,54.6,17.4,3.2,--
Regentville,60.0,116.0,32.0,5.0,213.0,28.2,54.5,15.0,2.3,--
Revesby,962.0,1495.0,533.0,56.0,3046.0,31.6,49.1,17.5,1.8,--
Revesby Heights,126.0,182.0,44.0,3.0,355.0,35.5,51.3,12.4,0.8,--
Rhodes,62.0,92.0,25.0,4.0,183.0,33.9,50.3,13.7,2.2,--
Riverstone,455.0,832.0,364.0,32.0,1683.0,27.0,49.4,21.6,1.9,--
Riverview,256.0,488.0,69.0,9.0,822.0,31.1,59.4,8.4,1.1,--
Riverwood,833.0,1252.0,599.0,64.0,2748.0,30.3,45.6,21.8,2.3,--
Rockdale,975.0,1415.0,437.0,102.0,2929.0,33.3,48.3,14.9,3.5,--
Rocky Point,31.0,25.0,6.0,0.0,62.0,50.0,40.3,9.7,0.0,--
Rodd Point,143.0,167.0,37.0,10.0,357.0,40.1,46.8,10.4,2.8,--
Rooty Hill,622.0,1673.0,465.0,53.0,2813.0,22.1,59.5,16.5,1.9,--
Rose Bay,861.0,918.0,276.0,49.0,2104.0,40.9,43.6,13.1,2.3,--
Rosebery,536.0,930.0,284.0,75.0,1825.0,29.4,51.0,15.6,4.1,--
Roselands,801.0,1422.0,410.0,54.0,2687.0,29.8,52.9,15.3,2.0,--
Rosemeadow,358.0,1190.0,486.0,28.0,2062.0,17.4,57.7,23.6,1.4,--
Roseville,651.0,1243.0,215.0,45.0,2154.0,30.2,57.7,10.0,2.1,--
Roseville Chase,134.0,253.0,31.0,5.0,423.0,31.7,59.8,7.3,1.2,--
Rouse Hill,306.0,558.0,51.0,8.0,923.0,33.2,60.5,5.5,0.9,--
Rozelle,913.0,573.0,210.0,43.0,1739.0,52.5,32.9,12.1,2.5,--
Ruse,410.0,959.0,249.0,22.0,1640.0,25.0,58.5,15.2,1.3,--
Rushcutters Bay,198.0,45.0,29.0,11.0,283.0,70.0,15.9,10.2,3.9,--
Russell Lea,534.0,640.0,179.0,36.0,1389.0,38.4,46.1,12.9,2.6,--
Russell Vale,129.0,163.0,51.0,5.0,348.0,37.1,46.8,14.7,1.4,--
Rydalmere,99.0,148.0,48.0,8.0,303.0,32.7,48.8,15.8,2.6,--
Ryde,1801.0,2617.0,759.0,155.0,5332.0,33.8,49.1,14.2,2.9,--
Sadleir,160.0,347.0,200.0,16.0,723.0,22.1,48.0,27.7,2.2,--
San Remo,331.0,485.0,243.0,17.0,1076.0,30.8,45.1,22.6,1.6,--
Sandringham,140.0,121.0,38.0,10.0,309.0,45.3,39.2,12.3,3.2,--
Sans Souci,1015.0,1110.0,375.0,49.0,2549.0,39.8,43.5,14.7,1.9,--
Saratoga,472.0,452.0,143.0,13.0,1080.0,43.7,41.9,13.2,1.2,--
Scarborough,38.0,42.0,16.0,0.0,96.0,39.6,43.8,16.7,0.0,--
Schofields,270.0,452.0,112.0,11.0,845.0,32.0,53.5,13.3,1.3,--
Scotland Island,74.0,115.0,14.0,0.0,203.0,36.5,56.7,6.9,0.0,--
Seaforth,493.0,978.0,203.0,23.0,1697.0,29.1,57.6,12.0,1.4,--
Sefton,362.0,723.0,243.0,23.0,1351.0,26.8,53.5,18.0,1.7,--
Seven Hills,1494.0,2586.0,810.0,73.0,4963.0,30.1,52.1,16.3,1.5,--
Shalvey,164.0,452.0,330.0,9.0,955.0,17.2,47.3,34.6,0.9,--
Shell Cove,145.0,204.0,22.0,3.0,374.0,38.8,54.5,5.9,0.8,--
Shellharbour,320.0,482.0,144.0,8.0,954.0,33.5,50.5,15.1,0.8,--
Shelly Beach,173.0,142.0,59.0,6.0,380.0,45.5,37.4,15.5,1.6,--
Shortland,400.0,380.0,192.0,11.0,983.0,40.7,38.7,19.5,1.1,--
Silverwater,60.0,143.0,49.0,7.0,259.0,23.2,55.2,18.9,2.7,--
Smithfield,778.0,1415.0,491.0,60.0,2744.0,28.4,51.6,17.9,2.2,--
South Coogee,399.0,537.0,254.0,26.0,1216.0,32.8,44.2,20.9,2.1,--
South Granville,198.0,481.0,129.0,14.0,822.0,24.1,58.5,15.7,1.7,--
South Hurstville,345.0,597.0,187.0,14.0,1143.0,30.2,52.2,16.4,1.2,--
South Penrith,990.0,1779.0,607.0,44.0,3420.0,28.9,52.0,17.7,1.3,--
South Turramurra,290.0,457.0,110.0,7.0,864.0,33.6,52.9,12.7,0.8,--
South Wentworthville,383.0,622.0,234.0,22.0,1261.0,30.4,49.3,18.6,1.7,--
Speers Point,358.0,364.0,159.0,12.0,893.0,40.1,40.8,17.8,1.3,--
Springfield,300.0,545.0,241.0,15.0,1101.0,27.2,49.5,21.9,1.4,--
Springwood,752.0,1020.0,307.0,16.0,2095.0,35.9,48.7,14.7,0.8,--
St Andrews,299.0,1064.0,246.0,19.0,1628.0,18.4,65.4,15.1,1.2,--
St Clair,1075.0,3659.0,801.0,41.0,5576.0,19.3,65.6,14.4,0.7,--
St Helens Park,339.0,905.0,288.0,10.0,1542.0,22.0,58.7,18.7,0.6,--
St Huberts Island,211.0,122.0,25.0,0.0,358.0,58.9,34.1,7.0,0.0,--
St Ives,1298.0,2387.0,256.0,46.0,3987.0,32.6,59.9,6.4,1.2,--
St Ives Chase,275.0,549.0,73.0,9.0,906.0,30.4,60.6,8.1,1.0,--
St Johns Park,311.0,965.0,157.0,16.0,1449.0,21.5,66.6,10.8,1.1,--
St Leonards,243.0,150.0,55.0,35.0,483.0,50.3,31.1,11.4,7.2,--
St Marys,722.0,1050.0,595.0,60.0,2427.0,29.7,43.3,24.5,2.5,--
St Peters,255.0,169.0,74.0,22.0,520.0,49.0,32.5,14.2,4.2,--
Stanhope Gardens,332.0,353.0,94.0,11.0,790.0,42.0,44.7,11.9,1.4,--
Stanmore,710.0,631.0,213.0,76.0,1630.0,43.6,38.7,13.1,4.7,--
Stockton,380.0,408.0,223.0,29.0,1040.0,36.5,39.2,21.4,2.8,--
Strathfield,1425.0,2684.0,680.0,192.0,4981.0,28.6,53.9,13.7,3.9,--
Strathfield South,204.0,473.0,95.0,21.0,793.0,25.7,59.6,12.0,2.6,--
Summer Hill,573.0,577.0,241.0,62.0,1453.0,39.4,39.7,16.6,4.3,--
Surry Hills,1532.0,363.0,267.0,144.0,2306.0,66.4,15.7,11.6,6.2,--
Sutherland,1157.0,823.0,439.0,87.0,2506.0,46.2,32.8,17.5,3.5,--
Swansea,602.0,449.0,242.0,19.0,1312.0,45.9,34.2,18.4,1.4,--
Swansea Heads,69.0,81.0,25.0,0.0,175.0,39.4,46.3,14.3,0.0,--
Sydenham,81.0,94.0,54.0,14.0,243.0,33.3,38.7,22.2,5.8,--
Sydney,765.0,241.0,141.0,214.0,1361.0,56.2,17.7,10.4,15.7,--
Sylvania,957.0,1193.0,334.0,37.0,2521.0,38.0,47.3,13.2,1.5,--
Sylvania Waters,345.0,521.0,118.0,17.0,1001.0,34.5,52.0,11.8,1.7,--
Tacoma,47.0,101.0,36.0,0.0,184.0,25.5,54.9,19.6,0.0,--
Tacoma South,21.0,38.0,14.0,3.0,76.0,27.6,50.0,18.4,3.9,--
Tamarama,168.0,126.0,49.0,15.0,358.0,46.9,35.2,13.7,4.2,--
Taren Point,135.0,160.0,38.0,3.0,336.0,40.2,47.6,11.3,0.9,--
Tarrawanna,152.0,177.0,52.0,5.0,386.0,39.4,45.9,13.5,1.3,--
Tascott,195.0,226.0,72.0,5.0,498.0,39.2,45.4,14.5,1.0,--
Tempe,265.0,395.0,135.0,29.0,824.0,32.2,47.9,16.4,3.5,--
Teralba,137.0,158.0,65.0,7.0,367.0,37.3,43.1,17.7,1.9,--
Terrey Hills,209.0,467.0,86.0,7.0,769.0,27.2,60.7,11.2,0.9,--
Terrigal,1064.0,1137.0,387.0,36.0,2624.0,40.5,43.3,14.7,1.4,--
The Entrance,297.0,132.0,183.0,11.0,623.0,47.7,21.2,29.4,1.8,--
The Entrance North,125.0,88.0,63.0,5.0,281.0,44.5,31.3,22.4,1.8,--
The Hill,174.0,126.0,56.0,15.0,371.0,46.9,34.0,15.1,4.0,--
The Junction,120.0,96.0,61.0,12.0,289.0,41.5,33.2,21.1,4.2,--
Thirroul,561.0,747.0,215.0,26.0,1549.0,36.2,48.2,13.9,1.7,--
Thornleigh,634.0,1240.0,273.0,33.0,2180.0,29.1,56.9,12.5,1.5,--
Tighes Hill,135.0,115.0,122.0,9.0,381.0,35.4,30.2,32.0,2.4,--
Tingira Heights,262.0,439.0,114.0,6.0,821.0,31.9,53.5,13.9,0.7,--
Toongabbie,1009.0,1841.0,645.0,69.0,3564.0,28.3,51.7,18.1,1.9,--
Toowoon Bay,65.0,37.0,13.0,3.0,118.0,55.1,31.4,11.0,2.5,--
Toronto,598.0,507.0,302.0,22.0,1429.0,41.8,35.5,21.1,1.5,--
Toukley,499.0,316.0,218.0,18.0,1051.0,47.5,30.1,20.7,1.7,--
Towradgi,279.0,338.0,128.0,17.0,762.0,36.6,44.4,16.8,2.2,--
Tregear,224.0,377.0,378.0,17.0,996.0,22.5,37.9,38.0,1.7,--
Tuggerah,83.0,130.0,49.0,3.0,265.0,31.3,49.1,18.5,1.1,--
Tuggerawong,115.0,156.0,62.0,5.0,338.0,34.0,46.2,18.3,1.5,--
Tumbi Umbi,345.0,470.0,155.0,10.0,980.0,35.2,48.0,15.8,1.0,--
Turramurra,872.0,1596.0,296.0,32.0,2796.0,31.2,57.1,10.6,1.1,--
Turrella,100.0,201.0,51.0,7.0,359.0,27.9,56.0,14.2,1.9,--
Ultimo,345.0,162.0,111.0,64.0,682.0,50.6,23.8,16.3,9.4,--
Umina Beach,1674.0,1658.0,822.0,70.0,4224.0,39.6,39.3,19.5,1.7,--
Unanderra,544.0,734.0,330.0,22.0,1630.0,33.4,45.0,20.2,1.3,--
Valentine,572.0,842.0,130.0,7.0,1551.0,36.9,54.3,8.4,0.5,--
Valley Heights,128.0,221.0,36.0,3.0,388.0,33.0,57.0,9.3,0.8,--
Vaucluse,840.0,1210.0,296.0,32.0,2378.0,35.3,50.9,12.4,1.3,--
Villawood,374.0,753.0,523.0,44.0,1694.0,22.1,44.5,30.9,2.6,--
Voyager Point,78.0,144.0,9.0,0.0,231.0,33.8,62.3,3.9,0.0,--
Wahroonga,1259.0,2145.0,376.0,54.0,3834.0,32.8,55.9,9.8,1.4,--
Waitara,125.0,178.0,88.0,7.0,398.0,31.4,44.7,22.1,1.8,--
Wakeley,289.0,827.0,192.0,19.0,1327.0,21.8,62.3,14.5,1.4,--
Wallsend,1175.0,1333.0,611.0,63.0,3182.0,36.9,41.9,19.2,2.0,--
Wamberal,605.0,698.0,209.0,20.0,1532.0,39.5,45.6,13.6,1.3,--
Warabrook,196.0,238.0,71.0,7.0,512.0,38.3,46.5,13.9,1.4,--
Waratah,345.0,335.0,227.0,33.0,940.0,36.7,35.6,24.1,3.5,--
Waratah West,302.0,296.0,145.0,15.0,758.0,39.8,39.1,19.1,2.0,--
Wareemba,173.0,165.0,55.0,9.0,402.0,43.0,41.0,13.7,2.2,--
Warilla,523.0,616.0,377.0,27.0,1543.0,33.9,39.9,24.4,1.7,--
Warners Bay,805.0,774.0,343.0,22.0,1944.0,41.4,39.8,17.6,1.1,--
Warrawee,211.0,425.0,43.0,7.0,686.0,30.8,62.0,6.3,1.0,--
Warrawong,473.0,496.0,287.0,9.0,1265.0,37.4,39.2,22.7,0.7,--
Warriewood,279.0,424.0,129.0,14.0,846.0,33.0,50.1,15.2,1.7,--
Warrimoo,206.0,335.0,91.0,5.0,637.0,32.3,52.6,14.3,0.8,--
Warwick Farm,259.0,450.0,290.0,23.0,1022.0,25.3,44.0,28.4,2.3,--
Watanobbi,260.0,405.0,230.0,11.0,906.0,28.7,44.7,25.4,1.2,--
Waterloo,361.0,199.0,518.0,43.0,1121.0,32.2,17.8,46.2,3.8,--
Watsons Bay,62.0,68.0,21.0,3.0,154.0,40.3,44.2,13.6,1.9,--
Wattle Grove,694.0,1698.0,227.0,10.0,2629.0,26.4,64.6,8.6,0.4,--
Waverley,304.0,294.0,128.0,18.0,744.0,40.9,39.5,17.2,2.4,--
Waverton,440.0,249.0,86.0,30.0,805.0,54.7,30.9,10.7,3.7,--
Wentworthville,732.0,1142.0,441.0,73.0,2388.0,30.7,47.8,18.5,3.1,--
Werrington,224.0,393.0,246.0,10.0,873.0,25.7,45.0,28.2,1.1,--
Werrington County,269.0,695.0,164.0,7.0,1135.0,23.7,61.2,14.4,0.6,--
Werrington Downs,194.0,632.0,115.0,9.0,950.0,20.4,66.5,12.1,0.9,--
West Gosford,197.0,149.0,69.0,9.0,424.0,46.5,35.1,16.3,2.1,--
West Hoxton,289.0,878.0,106.0,8.0,1281.0,22.6,68.5,8.3,0.6,--
West Pennant Hills,985.0,2895.0,315.0,44.0,4239.0,23.2,68.3,7.4,1.0,--
West Pymble,439.0,751.0,136.0,11.0,1337.0,32.8,56.2,10.2,0.8,--
West Ryde,1028.0,1366.0,358.0,72.0,2824.0,36.4,48.4,12.7,2.5,--
West Wallsend,147.0,225.0,77.0,7.0,456.0,32.2,49.3,16.9,1.5,--
West Wollongong,484.0,538.0,183.0,18.0,1223.0,39.6,44.0,15.0,1.5,--
Westleigh,361.0,719.0,106.0,15.0,1201.0,30.1,59.9,8.8,1.2,--
Westmead,711.0,949.0,325.0,87.0,2072.0,34.3,45.8,15.7,4.2,--
Wetherill Park,362.0,1126.0,191.0,29.0,1708.0,21.2,65.9,11.2,1.7,--
Whalan,344.0,623.0,485.0,32.0,1484.0,23.2,42.0,32.7,2.2,--
Whitebridge,219.0,385.0,78.0,5.0,687.0,31.9,56.0,11.4,0.7,--
Wickham,46.0,29.0,60.0,5.0,140.0,32.9,20.7,42.9,3.6,--
Wiley Park,440.0,1165.0,370.0,57.0,2032.0,21.7,57.3,18.2,2.8,--
Willmot,156.0,267.0,243.0,11.0,677.0,23.0,39.4,35.9,1.6,--
Willoughby,484.0,685.0,203.0,31.0,1403.0,34.5,48.8,14.5,2.2,--
Willoughby East,136.0,264.0,60.0,10.0,470.0,28.9,56.2,12.8,2.1,--
Windale,203.0,257.0,287.0,18.0,765.0,26.5,33.6,37.5,2.4,--
Windang,344.0,237.0,80.0,11.0,672.0,51.2,35.3,11.9,1.6,--
Winmalee,522.0,1014.0,214.0,8.0,1758.0,29.7,57.7,12.2,0.5,--
Winston Hills,842.0,1435.0,280.0,27.0,2584.0,32.6,55.5,10.8,1.0,--
Wollongong,1427.0,874.0,519.0,110.0,2930.0,48.7,29.8,17.7,3.8,--
Wollstonecraft,1124.0,425.0,216.0,87.0,1852.0,60.7,22.9,11.7,4.7,--
Wombarra,73.0,111.0,27.0,3.0,214.0,34.1,51.9,12.6,1.4,--
Woodbine,179.0,452.0,93.0,6.0,730.0,24.5,61.9,12.7,0.8,--
Woodcroft,271.0,899.0,118.0,18.0,1306.0,20.8,68.8,9.0,1.4,--
Woodpark,108.0,193.0,56.0,7.0,364.0,29.7,53.0,15.4,1.9,--
Woodrising,114.0,233.0,60.0,4.0,411.0,27.7,56.7,14.6,1.0,--
Woollahra,765.0,567.0,201.0,47.0,1580.0,48.4,35.9,12.7,3.0,--
Woolloomooloo,294.0,119.0,172.0,20.0,605.0,48.6,19.7,28.4,3.3,--
Woolooware,640.0,1097.0,198.0,45.0,1980.0,32.3,55.4,10.0,2.3,--
Woolwich,97.0,107.0,13.0,0.0,217.0,44.7,49.3,6.0,0.0,--
Woonona,934.0,1260.0,445.0,33.0,2672.0,35.0,47.2,16.7,1.2,--
Woronora,155.0,310.0,43.0,6.0,514.0,30.2,60.3,8.4,1.2,--
Woronora Heights,91.0,646.0,43.0,3.0,783.0,11.6,82.5,5.5,0.4,--
Woy Woy,1102.0,920.0,555.0,38.0,2615.0,42.1,35.2,21.2,1.5,--
Woy Woy Bay,59.0,67.0,15.0,3.0,144.0,41.0,46.5,10.4,2.1,--
Wyoming,799.0,1139.0,488.0,25.0,2451.0,32.6,46.5,19.9,1.0,--
Wyong,337.0,307.0,197.0,19.0,860.0,39.2,35.7,22.9,2.2,--
Wyongah,169.0,236.0,80.0,4.0,489.0,34.6,48.3,16.4,0.8,--
Yagoona,1083.0,2035.0,573.0,71.0,3762.0,28.8,54.1,15.2,1.9,--
Yarrawarrah,71.0,297.0,35.0,3.0,406.0,17.5,73.2,8.6,0.7,--
Yattalunga,54.0,70.0,18.0,3.0,145.0,37.2,48.3,12.4,2.1,--
Yennora,77.0,148.0,69.0,8.0,302.0,25.5,49.0,22.8,2.6,--
Yowie Bay,374.0,574.0,82.0,10.0,1040.0,36.0,55.2,7.9,1.0,--
Zetland,62.0,55.0,17.0,3.0,137.0,45.3,40.1,12.4,2.2,--
