,Worked full-time,Worked part-time,Away from work,Hours worked not stated,Unemployed,Not in the labour force,Total labour force (includes employed and unemployed people),Worked full-time (%),Worked part-time (%),Away from work (%),Hours worked not stated (%),Unemployed (%),Not in the labour force (%),Total labour force (includes employed and unemployed people) (%)
Abbotsbury,1467.0,642.0,56.0,94.0,100.0,790.0,2359.0,62.2,27.2,2.4,4.0,4.2,--,--
Australia,5827432.0,2685193.0,337991.0,253567.0,503804.0,5271116.0,9607987.0,60.7,27.9,3.5,2.6,5.2,--,--
Abbotsford,1812.0,578.0,79.0,53.0,66.0,1234.0,2588.0,70.0,22.3,3.1,2.0,2.6,--,--
Acacia Gardens,1252.0,399.0,60.0,39.0,48.0,460.0,1798.0,69.6,22.2,3.3,2.2,2.7,--,--
Adamstown,1486.0,707.0,100.0,40.0,197.0,1443.0,2530.0,58.7,27.9,4.0,1.6,7.8,--,--
Adamstown Heights,1373.0,892.0,89.0,61.0,115.0,1599.0,2530.0,54.3,35.3,3.5,2.4,4.5,--,--
Airds,377.0,206.0,20.0,47.0,246.0,1273.0,896.0,42.1,23.0,2.2,5.2,27.5,--,--
Albion Park,3260.0,1606.0,216.0,141.0,287.0,2442.0,5510.0,59.2,29.1,3.9,2.6,5.2,--,--
Albion Park Rail,1818.0,906.0,101.0,69.0,222.0,1976.0,3116.0,58.3,29.1,3.2,2.2,7.1,--,--
Alexandria,3040.0,617.0,125.0,54.0,112.0,598.0,3948.0,77.0,15.6,3.2,1.4,2.8,--,--
Alfords Point,1191.0,596.0,71.0,66.0,48.0,603.0,1972.0,60.4,30.2,3.6,3.3,2.4,--,--
Allambie Heights,1908.0,1095.0,87.0,98.0,73.0,1768.0,3261.0,58.5,33.6,2.7,3.0,2.2,--,--
Allawah,1678.0,582.0,78.0,63.0,181.0,1209.0,2582.0,65.0,22.5,3.0,2.4,7.0,--,--
Ambarvale,2036.0,801.0,113.0,100.0,327.0,1779.0,3377.0,60.3,23.7,3.3,3.0,9.7,--,--
Annandale,3555.0,1145.0,161.0,89.0,181.0,1400.0,5131.0,69.3,22.3,3.1,1.7,3.5,--,--
Argenton,316.0,123.0,21.0,19.0,51.0,498.0,530.0,59.6,23.2,4.0,3.6,9.6,--,--
Arncliffe,2223.0,888.0,134.0,141.0,245.0,2692.0,3631.0,61.2,24.5,3.7,3.9,6.7,--,--
Artarmon,3337.0,1082.0,147.0,79.0,177.0,1693.0,4822.0,69.2,22.4,3.0,1.6,3.7,--,--
Ashbury,994.0,480.0,46.0,36.0,48.0,822.0,1604.0,62.0,29.9,2.9,2.2,3.0,--,--
Ashcroft,566.0,188.0,25.0,49.0,142.0,1099.0,970.0,58.4,19.4,2.6,5.1,14.6,--,--
Ashfield,6765.0,2715.0,331.0,256.0,674.0,5626.0,10741.0,63.0,25.3,3.1,2.4,6.3,--,--
Asquith,993.0,517.0,57.0,40.0,65.0,776.0,1672.0,59.4,30.9,3.4,2.4,3.9,--,--
Auburn,5896.0,2544.0,279.0,502.0,1308.0,9897.0,10529.0,56.0,24.2,2.6,4.8,12.4,--,--
Austinmer,671.0,377.0,44.0,21.0,49.0,532.0,1162.0,57.7,32.4,3.8,1.8,4.2,--,--
Avoca Beach,1132.0,766.0,77.0,49.0,112.0,983.0,2136.0,53.0,35.9,3.6,2.3,5.2,--,--
Balgowlah,2156.0,984.0,139.0,83.0,97.0,1407.0,3459.0,62.3,28.4,4.0,2.4,2.8,--,--
Balgowlah Heights,799.0,477.0,52.0,27.0,56.0,858.0,1411.0,56.6,33.8,3.7,1.9,4.0,--,--
Balgownie,1580.0,814.0,78.0,64.0,124.0,1674.0,2660.0,59.4,30.6,2.9,2.4,4.7,--,--
Balmain,4132.0,1275.0,194.0,98.0,180.0,1604.0,5879.0,70.3,21.7,3.3,1.7,3.1,--,--
Balmain East,717.0,226.0,30.0,16.0,28.0,355.0,1017.0,70.5,22.2,2.9,1.6,2.8,--,--
Bangor,1968.0,952.0,89.0,70.0,67.0,906.0,3146.0,62.6,30.3,2.8,2.2,2.1,--,--
Banksia,942.0,368.0,55.0,53.0,89.0,834.0,1507.0,62.5,24.4,3.6,3.5,5.9,--,--
Bankstown,5969.0,2192.0,272.0,436.0,1116.0,8019.0,9985.0,59.8,22.0,2.7,4.4,11.2,--,--
Bar Beach,355.0,226.0,22.0,10.0,59.0,375.0,672.0,52.8,33.6,3.3,1.5,8.8,--,--
Barden Ridge,1403.0,701.0,88.0,61.0,54.0,607.0,2307.0,60.8,30.4,3.8,2.6,2.3,--,--
Bardwell Park,785.0,292.0,38.0,32.0,45.0,648.0,1192.0,65.9,24.5,3.2,2.7,3.8,--,--
Bardwell Valley,589.0,254.0,33.0,21.0,34.0,570.0,931.0,63.3,27.3,3.5,2.3,3.7,--,--
Barnsley,570.0,255.0,30.0,32.0,54.0,421.0,941.0,60.6,27.1,3.2,3.4,5.7,--,--
Barrack Heights,1420.0,737.0,96.0,86.0,265.0,2050.0,2604.0,54.5,28.3,3.7,3.3,10.2,--,--
Barrack Point,163.0,76.0,11.0,12.0,21.0,184.0,283.0,57.6,26.9,3.9,4.2,7.4,--,--
Bass Hill,1684.0,643.0,108.0,142.0,212.0,2368.0,2789.0,60.4,23.1,3.9,5.1,7.6,--,--
Bateau Bay,2621.0,1661.0,174.0,122.0,331.0,4023.0,4909.0,53.4,33.8,3.5,2.5,6.7,--,--
Baulkham Hills,12311.0,5130.0,599.0,418.0,632.0,7677.0,19090.0,64.5,26.9,3.1,2.2,3.3,--,--
Bayview,702.0,462.0,45.0,34.0,24.0,1137.0,1267.0,55.4,36.5,3.6,2.7,1.9,--,--
Beacon Hill,1974.0,1043.0,97.0,75.0,63.0,1401.0,3252.0,60.7,32.1,3.0,2.3,1.9,--,--
Beaconsfield,276.0,54.0,12.0,8.0,9.0,96.0,359.0,76.9,15.0,3.3,2.2,2.5,--,--
Beecroft,2609.0,1443.0,124.0,96.0,134.0,2429.0,4406.0,59.2,32.8,2.8,2.2,3.0,--,--
Belfield,1539.0,596.0,81.0,89.0,141.0,1839.0,2446.0,62.9,24.4,3.3,3.6,5.8,--,--
Bella Vista,2330.0,964.0,97.0,100.0,134.0,1163.0,3625.0,64.3,26.6,2.7,2.8,3.7,--,--
Bellambi,829.0,464.0,56.0,49.0,221.0,1386.0,1619.0,51.2,28.7,3.5,3.0,13.7,--,--
Bellevue Hill,3168.0,1312.0,185.0,97.0,138.0,2074.0,4900.0,64.7,26.8,3.8,2.0,2.8,--,--
Belmont,1515.0,837.0,83.0,88.0,208.0,2348.0,2731.0,55.5,30.6,3.0,3.2,7.6,--,--
Belmont North,1347.0,730.0,77.0,67.0,178.0,1796.0,2399.0,56.1,30.4,3.2,2.8,7.4,--,--
Belmont South,224.0,140.0,17.0,11.0,50.0,426.0,442.0,50.7,31.7,3.8,2.5,11.3,--,--
Belmore,2976.0,1199.0,144.0,238.0,378.0,3725.0,4935.0,60.3,24.3,2.9,4.8,7.7,--,--
Belrose,2343.0,1334.0,138.0,84.0,101.0,2523.0,4000.0,58.6,33.4,3.5,2.1,2.5,--,--
Bensville,791.0,478.0,43.0,49.0,62.0,591.0,1423.0,55.6,33.6,3.0,3.4,4.4,--,--
Berala,2048.0,780.0,88.0,130.0,274.0,2419.0,3320.0,61.7,23.5,2.7,3.9,8.3,--,--
Berkeley,1559.0,782.0,110.0,87.0,321.0,2526.0,2859.0,54.5,27.4,3.8,3.0,11.2,--,--
Berkeley Vale,2127.0,1216.0,106.0,101.0,238.0,2032.0,3788.0,56.2,32.1,2.8,2.7,6.3,--,--
Berowra,1486.0,738.0,85.0,32.0,61.0,759.0,2402.0,61.9,30.7,3.5,1.3,2.5,--,--
Berowra Heights,1701.0,920.0,90.0,73.0,93.0,945.0,2877.0,59.1,32.0,3.1,2.5,3.2,--,--
Beverley Park,588.0,253.0,24.0,19.0,38.0,609.0,922.0,63.8,27.4,2.6,2.1,4.1,--,--
Beverly Hills,2296.0,955.0,120.0,132.0,215.0,2537.0,3718.0,61.8,25.7,3.2,3.6,5.8,--,--
Bexley,5297.0,2035.0,315.0,294.0,429.0,5010.0,8370.0,63.3,24.3,3.8,3.5,5.1,--,--
Bexley North,1049.0,467.0,47.0,42.0,70.0,1227.0,1675.0,62.6,27.9,2.8,2.5,4.2,--,--
Bidwill,605.0,285.0,21.0,62.0,250.0,1399.0,1223.0,49.5,23.3,1.7,5.1,20.4,--,--
Birchgrove,1436.0,482.0,91.0,22.0,46.0,600.0,2077.0,69.1,23.2,4.4,1.1,2.2,--,--
Birmingham Gardens,385.0,263.0,28.0,14.0,74.0,673.0,764.0,50.4,34.4,3.7,1.8,9.7,--,--
Birrong,484.0,170.0,28.0,41.0,53.0,682.0,776.0,62.4,21.9,3.6,5.3,6.8,--,--
Blackalls Park,651.0,361.0,40.0,45.0,94.0,926.0,1191.0,54.7,30.3,3.4,3.8,7.9,--,--
Blackbutt,846.0,421.0,44.0,70.0,78.0,771.0,1459.0,58.0,28.9,3.0,4.8,5.3,--,--
Blackett,620.0,238.0,29.0,52.0,140.0,990.0,1079.0,57.5,22.1,2.7,4.8,13.0,--,--
Blacksmiths,293.0,141.0,17.0,7.0,39.0,454.0,497.0,59.0,28.4,3.4,1.4,7.8,--,--
Blacktown,11373.0,3847.0,565.0,605.0,1356.0,10873.0,17746.0,64.1,21.7,3.2,3.4,7.6,--,--
Blackwall,409.0,206.0,28.0,33.0,54.0,653.0,730.0,56.0,28.2,3.8,4.5,7.4,--,--
Blairmount,129.0,42.0,10.0,10.0,14.0,179.0,205.0,62.9,20.5,4.9,4.9,6.8,--,--
Blakehurst,1610.0,718.0,74.0,87.0,74.0,1569.0,2563.0,62.8,28.0,2.9,3.4,2.9,--,--
Blaxland,2317.0,1170.0,127.0,88.0,151.0,1576.0,3853.0,60.1,30.4,3.3,2.3,3.9,--,--
Blue Bay,203.0,117.0,17.0,4.0,29.0,324.0,370.0,54.9,31.6,4.6,1.1,7.8,--,--
Blue Haven,1410.0,670.0,90.0,79.0,227.0,1472.0,2476.0,56.9,27.1,3.6,3.2,9.2,--,--
Bolton Point,356.0,222.0,19.0,15.0,127.0,824.0,739.0,48.2,30.0,2.6,2.0,17.2,--,--
Bondi,3347.0,1123.0,153.0,96.0,181.0,1754.0,4900.0,68.3,22.9,3.1,2.0,3.7,--,--
Bondi Beach,3671.0,1154.0,166.0,83.0,187.0,1471.0,5261.0,69.8,21.9,3.2,1.6,3.6,--,--
Bondi Junction,2647.0,911.0,126.0,85.0,168.0,1714.0,3937.0,67.2,23.1,3.2,2.2,4.3,--,--
Bonnet Bay,804.0,424.0,46.0,30.0,49.0,420.0,1353.0,59.4,31.3,3.4,2.2,3.6,--,--
Bonnyrigg,1695.0,624.0,78.0,172.0,424.0,2935.0,2993.0,56.6,20.8,2.6,5.7,14.2,--,--
Bonnyrigg Heights,2070.0,754.0,77.0,135.0,259.0,1870.0,3295.0,62.8,22.9,2.3,4.1,7.9,--,--
Booker Bay,270.0,166.0,14.0,14.0,54.0,568.0,518.0,52.1,32.0,2.7,2.7,10.4,--,--
Boolaroo,248.0,131.0,12.0,3.0,46.0,314.0,440.0,56.4,29.8,2.7,0.7,10.5,--,--
Booragul,256.0,133.0,11.0,17.0,58.0,661.0,475.0,53.9,28.0,2.3,3.6,12.2,--,--
Bossley Park,4127.0,1623.0,176.0,253.0,534.0,4036.0,6713.0,61.5,24.2,2.6,3.8,8.0,--,--
Botany,2579.0,879.0,132.0,96.0,150.0,1676.0,3836.0,67.2,22.9,3.4,2.5,3.9,--,--
Bow Bowing,564.0,196.0,18.0,32.0,33.0,285.0,843.0,66.9,23.3,2.1,3.8,3.9,--,--
Bradbury,2766.0,1132.0,169.0,128.0,272.0,2358.0,4467.0,61.9,25.3,3.8,2.9,6.1,--,--
Broadmeadow,529.0,276.0,33.0,23.0,57.0,453.0,918.0,57.6,30.1,3.6,2.5,6.2,--,--
Bronte,2190.0,884.0,109.0,62.0,109.0,1146.0,3354.0,65.3,26.4,3.2,1.8,3.2,--,--
Brookvale,1184.0,444.0,68.0,44.0,53.0,761.0,1793.0,66.0,24.8,3.8,2.5,3.0,--,--
Budgewoi,581.0,345.0,43.0,21.0,124.0,1189.0,1114.0,52.2,31.0,3.9,1.9,11.1,--,--
Buff Point,754.0,450.0,45.0,32.0,117.0,1148.0,1398.0,53.9,32.2,3.2,2.3,8.4,--,--
Bulli,1445.0,783.0,79.0,60.0,151.0,1446.0,2518.0,57.4,31.1,3.1,2.4,6.0,--,--
Burwood,3278.0,1544.0,147.0,129.0,463.0,3804.0,5561.0,58.9,27.8,2.6,2.3,8.3,--,--
Burwood Heights,245.0,144.0,14.0,8.0,17.0,360.0,428.0,57.2,33.6,3.3,1.9,4.0,--,--
Busby,714.0,301.0,25.0,74.0,166.0,1432.0,1280.0,55.8,23.5,2.0,5.8,13.0,--,--
Cabarita,678.0,297.0,48.0,36.0,31.0,528.0,1090.0,62.2,27.2,4.4,3.3,2.8,--,--
Cabramatta,3931.0,1437.0,143.0,364.0,1087.0,6795.0,6962.0,56.5,20.6,2.1,5.2,15.6,--,--
Cabramatta West,1389.0,475.0,61.0,105.0,279.0,2347.0,2309.0,60.2,20.6,2.6,4.5,12.1,--,--
Cambridge Gardens,757.0,285.0,38.0,30.0,47.0,403.0,1157.0,65.4,24.6,3.3,2.6,4.1,--,--
Cambridge Park,1894.0,715.0,101.0,93.0,174.0,1486.0,2977.0,63.6,24.0,3.4,3.1,5.8,--,--
Camden,921.0,414.0,42.0,38.0,69.0,977.0,1484.0,62.1,27.9,2.8,2.6,4.6,--,--
Camden South,1522.0,648.0,94.0,65.0,88.0,954.0,2417.0,63.0,26.8,3.9,2.7,3.6,--,--
Cammeray,3130.0,862.0,150.0,71.0,128.0,1100.0,4341.0,72.1,19.9,3.5,1.6,2.9,--,--
Campbelltown,2252.0,861.0,112.0,99.0,323.0,2351.0,3647.0,61.7,23.6,3.1,2.7,8.9,--,--
Camperdown,2517.0,1077.0,169.0,53.0,228.0,1194.0,4044.0,62.2,26.6,4.2,1.3,5.6,--,--
Campsie,5235.0,2205.0,226.0,342.0,779.0,6350.0,8787.0,59.6,25.1,2.6,3.9,8.9,--,--
Canada Bay,441.0,145.0,17.0,19.0,27.0,298.0,649.0,68.0,22.3,2.6,2.9,4.2,--,--
Canley Heights,2309.0,753.0,90.0,177.0,460.0,3312.0,3789.0,60.9,19.9,2.4,4.7,12.1,--,--
Canley Vale,1955.0,650.0,93.0,146.0,478.0,3228.0,3322.0,58.9,19.6,2.8,4.4,14.4,--,--
Canterbury,1610.0,618.0,82.0,117.0,165.0,1552.0,2592.0,62.1,23.8,3.2,4.5,6.4,--,--
Canton Beach,100.0,78.0,7.0,10.0,44.0,643.0,239.0,41.8,32.6,2.9,4.2,18.4,--,--
Cardiff,1665.0,802.0,113.0,72.0,181.0,1686.0,2833.0,58.8,28.3,4.0,2.5,6.4,--,--
Cardiff Heights,794.0,422.0,48.0,25.0,54.0,740.0,1343.0,59.1,31.4,3.6,1.9,4.0,--,--
Cardiff South,818.0,406.0,47.0,36.0,70.0,743.0,1377.0,59.4,29.5,3.4,2.6,5.1,--,--
Caringbah,6804.0,3123.0,393.0,271.0,329.0,5438.0,10920.0,62.3,28.6,3.6,2.5,3.0,--,--
Carlingford,6554.0,2901.0,319.0,267.0,481.0,6136.0,10522.0,62.3,27.6,3.0,2.5,4.6,--,--
Carlton,2989.0,1045.0,148.0,136.0,274.0,2397.0,4592.0,65.1,22.8,3.2,3.0,6.0,--,--
Carramar,710.0,249.0,28.0,44.0,149.0,1042.0,1180.0,60.2,21.1,2.4,3.7,12.6,--,--
Carrington (Newcastle),478.0,220.0,34.0,17.0,79.0,558.0,828.0,57.7,26.6,4.1,2.1,9.5,--,--
Carss Park,343.0,168.0,22.0,12.0,19.0,365.0,564.0,60.8,29.8,3.9,2.1,3.4,--,--
Cartwright,348.0,131.0,18.0,28.0,112.0,778.0,637.0,54.6,20.6,2.8,4.4,17.6,--,--
Castle Cove,638.0,347.0,42.0,31.0,34.0,702.0,1092.0,58.4,31.8,3.8,2.8,3.1,--,--
Castle Hill,11907.0,5305.0,561.0,435.0,631.0,8632.0,18839.0,63.2,28.2,3.0,2.3,3.3,--,--
Castlecrag,833.0,431.0,46.0,23.0,46.0,728.0,1379.0,60.4,31.3,3.3,1.7,3.3,--,--
Casula,4070.0,1363.0,179.0,221.0,367.0,3286.0,6200.0,65.6,22.0,2.9,3.6,5.9,--,--
Caves Beach,987.0,629.0,85.0,46.0,90.0,1365.0,1837.0,53.7,34.2,4.6,2.5,4.9,--,--
Cecil Hills,2236.0,790.0,80.0,110.0,142.0,1375.0,3358.0,66.6,23.5,2.4,3.3,4.2,--,--
Centennial Park,937.0,290.0,40.0,16.0,30.0,296.0,1313.0,71.4,22.1,3.0,1.2,2.3,--,--
Charlestown,3260.0,1734.0,225.0,128.0,342.0,3553.0,5689.0,57.3,30.5,4.0,2.2,6.0,--,--
Charmhaven,537.0,275.0,32.0,27.0,101.0,694.0,972.0,55.2,28.3,3.3,2.8,10.4,--,--
Chatswood,4078.0,1618.0,198.0,146.0,352.0,3973.0,6392.0,63.8,25.3,3.1,2.3,5.5,--,--
Chatswood West,2776.0,1102.0,146.0,70.0,123.0,1787.0,4217.0,65.8,26.1,3.5,1.7,2.9,--,--
Cheltenham,658.0,382.0,28.0,14.0,32.0,551.0,1114.0,59.1,34.3,2.5,1.3,2.9,--,--
Cherrybrook,6042.0,2974.0,237.0,240.0,350.0,4360.0,9843.0,61.4,30.2,2.4,2.4,3.6,--,--
Chester Hill,2472.0,945.0,111.0,149.0,354.0,3555.0,4031.0,61.3,23.4,2.8,3.7,8.8,--,--
Chifley,914.0,365.0,39.0,46.0,55.0,857.0,1419.0,64.4,25.7,2.7,3.2,3.9,--,--
Chippendale,1179.0,444.0,47.0,26.0,129.0,578.0,1825.0,64.6,24.3,2.6,1.4,7.1,--,--
Chipping Norton,3074.0,1183.0,125.0,116.0,168.0,1841.0,4666.0,65.9,25.4,2.7,2.5,3.6,--,--
Chiswick,1092.0,220.0,49.0,25.0,34.0,393.0,1420.0,76.9,15.5,3.5,1.8,2.4,--,--
Chittaway Bay,573.0,298.0,35.0,13.0,80.0,567.0,999.0,57.4,29.8,3.5,1.3,8.0,--,--
Chittaway Point,225.0,117.0,12.0,17.0,28.0,213.0,399.0,56.4,29.3,3.0,4.3,7.0,--,--
Church Point,326.0,204.0,25.0,14.0,13.0,321.0,582.0,56.0,35.1,4.3,2.4,2.2,--,--
Claremont Meadows,1141.0,416.0,49.0,47.0,67.0,536.0,1720.0,66.3,24.2,2.8,2.7,3.9,--,--
Claymore,291.0,163.0,19.0,39.0,239.0,1020.0,751.0,38.7,21.7,2.5,5.2,31.8,--,--
Clontarf,414.0,267.0,26.0,14.0,10.0,450.0,731.0,56.6,36.5,3.6,1.9,1.4,--,--
Clovelly,1661.0,671.0,91.0,50.0,59.0,835.0,2532.0,65.6,26.5,3.6,2.0,2.3,--,--
Coal Point,456.0,286.0,46.0,17.0,40.0,544.0,845.0,54.0,33.8,5.4,2.0,4.7,--,--
Coledale,255.0,156.0,22.0,14.0,25.0,227.0,472.0,54.0,33.1,4.7,3.0,5.3,--,--
Collaroy,4773.0,2274.0,252.0,186.0,207.0,3108.0,7692.0,62.1,29.6,3.3,2.4,2.7,--,--
Colyton,2339.0,878.0,126.0,110.0,273.0,1907.0,3726.0,62.8,23.6,3.4,3.0,7.3,--,--
Como,1252.0,628.0,70.0,50.0,48.0,767.0,2048.0,61.1,30.7,3.4,2.4,2.3,--,--
Concord,4209.0,1686.0,212.0,158.0,210.0,3430.0,6475.0,65.0,26.0,3.3,2.4,3.2,--,--
Concord West,1832.0,780.0,99.0,53.0,100.0,1417.0,2864.0,64.0,27.2,3.5,1.9,3.5,--,--
Condell Park,2528.0,988.0,137.0,167.0,320.0,3253.0,4140.0,61.1,23.9,3.3,4.0,7.7,--,--
Coniston,473.0,218.0,30.0,21.0,75.0,647.0,817.0,57.9,26.7,3.7,2.6,9.2,--,--
Connells Point,865.0,409.0,37.0,51.0,36.0,819.0,1398.0,61.9,29.3,2.6,3.6,2.6,--,--
Coogee,5860.0,1767.0,277.0,141.0,225.0,2182.0,8270.0,70.9,21.4,3.3,1.7,2.7,--,--
Cooks Hill,1008.0,501.0,65.0,24.0,113.0,658.0,1711.0,58.9,29.3,3.8,1.4,6.6,--,--
Copacabana,752.0,453.0,58.0,29.0,74.0,505.0,1366.0,55.1,33.2,4.2,2.1,5.4,--,--
Cordeaux Heights,1532.0,821.0,93.0,83.0,93.0,930.0,2622.0,58.4,31.3,3.5,3.2,3.5,--,--
Corrimal,1737.0,810.0,95.0,91.0,197.0,2123.0,2930.0,59.3,27.6,3.2,3.1,6.7,--,--
Cranebrook,4242.0,1597.0,218.0,220.0,335.0,2312.0,6612.0,64.2,24.2,3.3,3.3,5.1,--,--
Cremorne,4400.0,1274.0,192.0,92.0,164.0,1983.0,6122.0,71.9,20.8,3.1,1.5,2.7,--,--
Cremorne Point,715.0,232.0,40.0,14.0,20.0,354.0,1021.0,70.0,22.7,3.9,1.4,2.0,--,--
Cringila,374.0,180.0,18.0,37.0,130.0,953.0,739.0,50.6,24.4,2.4,5.0,17.6,--,--
Cromer,2423.0,1253.0,140.0,112.0,91.0,1808.0,4019.0,60.3,31.2,3.5,2.8,2.3,--,--
Cronulla,6415.0,2192.0,374.0,206.0,283.0,3627.0,9470.0,67.7,23.1,3.9,2.2,3.0,--,--
Croudace Bay,107.0,58.0,17.0,5.0,10.0,130.0,197.0,54.3,29.4,8.6,2.5,5.1,--,--
Crows Nest,1517.0,414.0,69.0,29.0,36.0,466.0,2065.0,73.5,20.0,3.3,1.4,1.7,--,--
Croydon,2896.0,1197.0,145.0,131.0,252.0,2765.0,4621.0,62.7,25.9,3.1,2.8,5.5,--,--
Croydon Park,3159.0,1358.0,156.0,143.0,246.0,2740.0,5062.0,62.4,26.8,3.1,2.8,4.9,--,--
Curl Curl,713.0,316.0,36.0,19.0,24.0,495.0,1108.0,64.4,28.5,3.2,1.7,2.2,--,--
Currans Hill,1822.0,593.0,80.0,48.0,101.0,693.0,2644.0,68.9,22.4,3.0,1.8,3.8,--,--
Daceyville,162.0,112.0,11.0,11.0,24.0,582.0,320.0,50.6,35.0,3.4,3.4,7.5,--,--
Daleys Point,99.0,70.0,10.0,16.0,5.0,244.0,200.0,49.5,35.0,5.0,8.0,2.5,--,--
Dapto,2722.0,1266.0,184.0,112.0,372.0,3314.0,4656.0,58.5,27.2,4.0,2.4,8.0,--,--
Darling Point,1273.0,485.0,59.0,49.0,48.0,1110.0,1914.0,66.5,25.3,3.1,2.6,2.5,--,--
Darlinghurst,3559.0,899.0,139.0,49.0,208.0,1127.0,4854.0,73.3,18.5,2.9,1.0,4.3,--,--
Darlington (Sydney),666.0,370.0,41.0,19.0,89.0,435.0,1185.0,56.2,31.2,3.5,1.6,7.5,--,--
Davidson,865.0,459.0,38.0,36.0,37.0,495.0,1435.0,60.3,32.0,2.6,2.5,2.6,--,--
Davistown,511.0,306.0,42.0,27.0,52.0,867.0,938.0,54.5,32.6,4.5,2.9,5.5,--,--
Dawes Point,235.0,51.0,14.0,0.0,13.0,109.0,313.0,75.1,16.3,4.5,0.0,4.2,--,--
Dean Park,922.0,312.0,43.0,79.0,82.0,754.0,1438.0,64.1,21.7,3.0,5.5,5.7,--,--
Dee Why,7062.0,2295.0,305.0,217.0,334.0,3392.0,10213.0,69.1,22.5,3.0,2.1,3.3,--,--
Denistone,1106.0,559.0,63.0,56.0,47.0,828.0,1831.0,60.4,30.5,3.4,3.1,2.6,--,--
Denistone East,628.0,302.0,32.0,24.0,38.0,531.0,1024.0,61.3,29.5,3.1,2.3,3.7,--,--
Denistone West,231.0,102.0,10.0,6.0,23.0,241.0,372.0,62.1,27.4,2.7,1.6,6.2,--,--
Dharruk,758.0,258.0,30.0,45.0,111.0,757.0,1202.0,63.1,21.5,2.5,3.7,9.2,--,--
Dolans Bay,384.0,246.0,28.0,24.0,17.0,242.0,699.0,54.9,35.2,4.0,3.4,2.4,--,--
Dolls Point,581.0,163.0,32.0,18.0,31.0,503.0,825.0,70.4,19.8,3.9,2.2,3.8,--,--
Doonside,3545.0,1230.0,153.0,242.0,529.0,3583.0,5699.0,62.2,21.6,2.7,4.2,9.3,--,--
Double Bay,1737.0,619.0,76.0,68.0,74.0,1165.0,2574.0,67.5,24.0,3.0,2.6,2.9,--,--
Dover Heights,1100.0,637.0,49.0,52.0,43.0,1010.0,1881.0,58.5,33.9,2.6,2.8,2.3,--,--
Drummoyne,4185.0,1275.0,187.0,92.0,134.0,2248.0,5873.0,71.3,21.7,3.2,1.6,2.3,--,--
Dudley,629.0,374.0,42.0,12.0,55.0,610.0,1112.0,56.6,33.6,3.8,1.1,4.9,--,--
Dulwich Hill,4370.0,1506.0,195.0,140.0,325.0,2766.0,6536.0,66.9,23.0,3.0,2.1,5.0,--,--
Dundas,2825.0,1127.0,155.0,123.0,281.0,2783.0,4511.0,62.6,25.0,3.4,2.7,6.2,--,--
Dundas Valley,1802.0,794.0,82.0,85.0,123.0,1791.0,2886.0,62.4,27.5,2.8,2.9,4.3,--,--
Dural (Baulkham Hills and Hornsby),2166.0,1125.0,97.0,105.0,107.0,1688.0,3600.0,60.2,31.3,2.7,2.9,3.0,--,--
Eagle Vale,1755.0,649.0,70.0,103.0,191.0,1176.0,2768.0,63.4,23.4,2.5,3.7,6.9,--,--
Earlwood,4912.0,1882.0,263.0,250.0,325.0,5011.0,7632.0,64.4,24.7,3.4,3.3,4.3,--,--
East Gosford,862.0,451.0,54.0,31.0,98.0,1233.0,1496.0,57.6,30.1,3.6,2.1,6.6,--,--
East Hills,780.0,352.0,45.0,37.0,69.0,732.0,1283.0,60.8,27.4,3.5,2.9,5.4,--,--
East Killara,770.0,447.0,39.0,29.0,50.0,878.0,1335.0,57.7,33.5,2.9,2.2,3.7,--,--
East Lindfield,965.0,512.0,66.0,44.0,48.0,1018.0,1635.0,59.0,31.3,4.0,2.7,2.9,--,--
East Ryde,752.0,341.0,35.0,18.0,33.0,562.0,1179.0,63.8,28.9,3.0,1.5,2.8,--,--
Eastern Creek,142.0,47.0,11.0,16.0,29.0,144.0,245.0,58.0,19.2,4.5,6.5,11.8,--,--
Eastlakes,1715.0,756.0,85.0,108.0,212.0,2165.0,2876.0,59.6,26.3,3.0,3.8,7.4,--,--
Eastwood,4075.0,2075.0,195.0,154.0,420.0,4221.0,6919.0,58.9,30.0,2.8,2.2,6.1,--,--
Edensor Park,2709.0,1002.0,124.0,199.0,339.0,2612.0,4373.0,61.9,22.9,2.8,4.6,7.8,--,--
Edgecliff,650.0,197.0,26.0,13.0,26.0,385.0,912.0,71.3,21.6,2.9,1.4,2.9,--,--
Edgeworth,1513.0,750.0,98.0,82.0,177.0,1871.0,2620.0,57.7,28.6,3.7,3.1,6.8,--,--
Elanora Heights,1145.0,664.0,61.0,71.0,44.0,847.0,1985.0,57.7,33.5,3.1,3.6,2.2,--,--
Elderslie (Camden),798.0,395.0,38.0,40.0,69.0,660.0,1340.0,59.6,29.5,2.8,3.0,5.1,--,--
Eleebana,1765.0,969.0,107.0,46.0,110.0,1463.0,2997.0,58.9,32.3,3.6,1.5,3.7,--,--
Elermore Vale,1374.0,756.0,104.0,40.0,139.0,1209.0,2413.0,56.9,31.3,4.3,1.7,5.8,--,--
Elizabeth Bay,2227.0,542.0,88.0,38.0,88.0,810.0,2983.0,74.7,18.2,3.0,1.3,3.0,--,--
Emerton,437.0,143.0,19.0,34.0,112.0,668.0,745.0,58.7,19.2,2.6,4.6,15.0,--,--
Empire Bay,605.0,346.0,40.0,35.0,71.0,646.0,1097.0,55.2,31.5,3.6,3.2,6.5,--,--
Emu Heights,1169.0,501.0,51.0,44.0,63.0,587.0,1828.0,63.9,27.4,2.8,2.4,3.4,--,--
Emu Plains,2664.0,1048.0,119.0,118.0,159.0,2043.0,4108.0,64.8,25.5,2.9,2.9,3.9,--,--
Enfield,821.0,312.0,42.0,42.0,74.0,753.0,1291.0,63.6,24.2,3.3,3.3,5.7,--,--
Engadine,6252.0,2850.0,426.0,242.0,259.0,3685.0,10029.0,62.3,28.4,4.2,2.4,2.6,--,--
Enmore (Marrickville),1357.0,494.0,78.0,26.0,83.0,580.0,2038.0,66.6,24.2,3.8,1.3,4.1,--,--
Epping,5958.0,2790.0,307.0,203.0,413.0,5193.0,9671.0,61.6,28.8,3.2,2.1,4.3,--,--
Erina,987.0,525.0,53.0,46.0,109.0,2313.0,1720.0,57.4,30.5,3.1,2.7,6.3,--,--
Ermington,2854.0,1178.0,146.0,144.0,262.0,2997.0,4584.0,62.3,25.7,3.2,3.1,5.7,--,--
Erskine Park,2385.0,896.0,118.0,140.0,154.0,1040.0,3693.0,64.6,24.3,3.2,3.8,4.2,--,--
Erskineville,3450.0,829.0,121.0,72.0,161.0,838.0,4633.0,74.5,17.9,2.6,1.6,3.5,--,--
Eschol Park,960.0,328.0,29.0,30.0,78.0,481.0,1425.0,67.4,23.0,2.0,2.1,5.5,--,--
Ettalong Beach,719.0,424.0,62.0,36.0,180.0,1707.0,1421.0,50.6,29.8,4.4,2.5,12.7,--,--
Fairfield,2980.0,1125.0,147.0,266.0,824.0,5724.0,5342.0,55.8,21.1,2.8,5.0,15.4,--,--
Fairfield East,950.0,340.0,36.0,104.0,184.0,1514.0,1614.0,58.9,21.1,2.2,6.4,11.4,--,--
Fairfield Heights,1247.0,433.0,58.0,101.0,307.0,2204.0,2146.0,58.1,20.2,2.7,4.7,14.3,--,--
Fairfield West,2610.0,935.0,123.0,205.0,414.0,3313.0,4287.0,60.9,21.8,2.9,4.8,9.7,--,--
Fairlight,2086.0,855.0,120.0,60.0,75.0,1152.0,3196.0,65.3,26.8,3.8,1.9,2.3,--,--
Fairy Meadow,1432.0,827.0,94.0,82.0,304.0,2375.0,2739.0,52.3,30.2,3.4,3.0,11.1,--,--
Farmborough Heights,1116.0,580.0,73.0,46.0,85.0,858.0,1900.0,58.7,30.5,3.8,2.4,4.5,--,--
Faulconbridge,1275.0,638.0,79.0,42.0,90.0,923.0,2124.0,60.0,30.0,3.7,2.0,4.2,--,--
Fennell Bay,354.0,215.0,24.0,23.0,56.0,544.0,672.0,52.7,32.0,3.6,3.4,8.3,--,--
Figtree,2929.0,1508.0,205.0,120.0,272.0,2888.0,5034.0,58.2,30.0,4.1,2.4,5.4,--,--
Five Dock,2797.0,896.0,145.0,102.0,151.0,2115.0,4091.0,68.4,21.9,3.5,2.5,3.7,--,--
Fletcher,641.0,300.0,51.0,22.0,39.0,286.0,1053.0,60.9,28.5,4.8,2.1,3.7,--,--
Flinders,1100.0,544.0,83.0,81.0,129.0,892.0,1937.0,56.8,28.1,4.3,4.2,6.7,--,--
Floraville,418.0,246.0,20.0,22.0,45.0,365.0,751.0,55.7,32.8,2.7,2.9,6.0,--,--
Forest Lodge,989.0,391.0,47.0,22.0,60.0,374.0,1509.0,65.5,25.9,3.1,1.5,4.0,--,--
Forestville,2247.0,1205.0,149.0,85.0,122.0,2227.0,3808.0,59.0,31.6,3.9,2.2,3.2,--,--
Forresters Beach,638.0,410.0,37.0,36.0,56.0,537.0,1177.0,54.2,34.8,3.1,3.1,4.8,--,--
Frenchs Forest,4019.0,2117.0,220.0,170.0,167.0,2796.0,6693.0,60.0,31.6,3.3,2.5,2.5,--,--
Garden Suburb,502.0,250.0,31.0,21.0,30.0,413.0,834.0,60.2,30.0,3.7,2.5,3.6,--,--
Gateshead,706.0,399.0,44.0,57.0,165.0,1284.0,1371.0,51.5,29.1,3.2,4.2,12.0,--,--
Georges Hall,2431.0,1043.0,121.0,151.0,164.0,2212.0,3910.0,62.2,26.7,3.1,3.9,4.2,--,--
Georgetown,550.0,265.0,40.0,10.0,55.0,544.0,920.0,59.8,28.8,4.3,1.1,6.0,--,--
Girraween,1306.0,417.0,59.0,63.0,108.0,1104.0,1953.0,66.9,21.4,3.0,3.2,5.5,--,--
Gladesville,3892.0,1364.0,183.0,128.0,168.0,2595.0,5735.0,67.9,23.8,3.2,2.2,2.9,--,--
Glebe,3632.0,1430.0,196.0,118.0,345.0,2674.0,5721.0,63.5,25.0,3.4,2.1,6.0,--,--
Glen Alpine,1654.0,694.0,69.0,93.0,86.0,782.0,2596.0,63.7,26.7,2.7,3.6,3.3,--,--
Glenbrook,1691.0,861.0,96.0,58.0,106.0,1064.0,2812.0,60.1,30.6,3.4,2.1,3.8,--,--
Glendale,789.0,381.0,45.0,40.0,78.0,1068.0,1333.0,59.2,28.6,3.4,3.0,5.9,--,--
Glendenning,1584.0,402.0,76.0,99.0,157.0,806.0,2318.0,68.3,17.3,3.3,4.3,6.8,--,--
Glenfield,2001.0,695.0,88.0,86.0,179.0,1523.0,3049.0,65.6,22.8,2.9,2.8,5.9,--,--
Glenhaven,2010.0,1054.0,90.0,69.0,80.0,1055.0,3303.0,60.9,31.9,2.7,2.1,2.4,--,--
Glenmore Park,7093.0,2509.0,367.0,250.0,344.0,2786.0,10563.0,67.1,23.8,3.5,2.4,3.3,--,--
Glenning Valley,597.0,315.0,30.0,26.0,36.0,412.0,1004.0,59.5,31.4,3.0,2.6,3.6,--,--
Glenwood,5142.0,1571.0,216.0,215.0,280.0,2230.0,7424.0,69.3,21.2,2.9,2.9,3.8,--,--
Gordon,1638.0,914.0,84.0,72.0,108.0,1890.0,2816.0,58.2,32.5,3.0,2.6,3.8,--,--
Gorokan,1471.0,790.0,116.0,86.0,287.0,2650.0,2750.0,53.5,28.7,4.2,3.1,10.4,--,--
Gosford,1010.0,328.0,54.0,29.0,125.0,702.0,1546.0,65.3,21.2,3.5,1.9,8.1,--,--
Granville,5113.0,2101.0,272.0,423.0,982.0,7356.0,8891.0,57.5,23.6,3.1,4.8,11.0,--,--
Grays Point,912.0,512.0,52.0,33.0,35.0,559.0,1544.0,59.1,33.2,3.4,2.1,2.3,--,--
Green Point (Gosford),1650.0,959.0,111.0,60.0,162.0,1987.0,2942.0,56.1,32.6,3.8,2.0,5.5,--,--
Green Valley,3255.0,1120.0,141.0,213.0,442.0,2861.0,5171.0,62.9,21.7,2.7,4.1,8.5,--,--
Greenacre,4597.0,2114.0,255.0,458.0,760.0,7540.0,8184.0,56.2,25.8,3.1,5.6,9.3,--,--
Greenfield Park,1477.0,517.0,62.0,80.0,217.0,1621.0,2353.0,62.8,22.0,2.6,3.4,9.2,--,--
Greenwich,1756.0,684.0,88.0,53.0,85.0,1155.0,2666.0,65.9,25.7,3.3,2.0,3.2,--,--
Greystanes,6544.0,2574.0,290.0,304.0,426.0,5421.0,10138.0,64.5,25.4,2.9,3.0,4.2,--,--
Guildford,2617.0,992.0,152.0,194.0,429.0,3361.0,4384.0,59.7,22.6,3.5,4.4,9.8,--,--
Guildford West,1131.0,420.0,54.0,72.0,119.0,1175.0,1796.0,63.0,23.4,3.0,4.0,6.6,--,--
Gwynneville,561.0,401.0,42.0,18.0,147.0,882.0,1169.0,48.0,34.3,3.6,1.5,12.6,--,--
Gymea,2387.0,927.0,147.0,79.0,120.0,1733.0,3660.0,65.2,25.3,4.0,2.2,3.3,--,--
Gymea Bay,2364.0,1291.0,150.0,87.0,89.0,1571.0,3981.0,59.4,32.4,3.8,2.2,2.2,--,--
Haberfield,1996.0,863.0,97.0,77.0,104.0,1967.0,3137.0,63.6,27.5,3.1,2.5,3.3,--,--
Halekulani,439.0,275.0,24.0,26.0,82.0,976.0,846.0,51.9,32.5,2.8,3.1,9.7,--,--
Hamilton,1055.0,559.0,51.0,40.0,173.0,1156.0,1878.0,56.2,29.8,2.7,2.1,9.2,--,--
Hamilton East,280.0,143.0,20.0,19.0,17.0,285.0,479.0,58.5,29.9,4.2,4.0,3.5,--,--
Hamilton North,268.0,126.0,21.0,7.0,35.0,208.0,457.0,58.6,27.6,4.6,1.5,7.7,--,--
Hamilton South,856.0,513.0,65.0,32.0,176.0,1317.0,1642.0,52.1,31.2,4.0,1.9,10.7,--,--
Hammondville,972.0,319.0,36.0,29.0,74.0,801.0,1430.0,68.0,22.3,2.5,2.0,5.2,--,--
Harrington Park,2097.0,775.0,95.0,63.0,108.0,888.0,3138.0,66.8,24.7,3.0,2.0,3.4,--,--
Harris Park,2024.0,872.0,94.0,111.0,310.0,1731.0,3411.0,59.3,25.6,2.8,3.3,9.1,--,--
Hassall Grove,1363.0,423.0,52.0,84.0,103.0,855.0,2025.0,67.3,20.9,2.6,4.1,5.1,--,--
Haymarket,861.0,755.0,51.0,52.0,202.0,1214.0,1921.0,44.8,39.3,2.7,2.7,10.5,--,--
Heathcote,1824.0,958.0,104.0,86.0,80.0,1404.0,3052.0,59.8,31.4,3.4,2.8,2.6,--,--
Hebersham,1280.0,506.0,78.0,120.0,228.0,1526.0,2212.0,57.9,22.9,3.5,5.4,10.3,--,--
Heckenberg,556.0,212.0,15.0,52.0,124.0,962.0,959.0,58.0,22.1,1.6,5.4,12.9,--,--
Henley,149.0,76.0,7.0,13.0,6.0,136.0,251.0,59.4,30.3,2.8,5.2,2.4,--,--
Highfields,208.0,90.0,10.0,10.0,25.0,190.0,343.0,60.6,26.2,2.9,2.9,7.3,--,--
Hillsborough (Lake Macquarie),194.0,117.0,11.0,14.0,22.0,171.0,358.0,54.2,32.7,3.1,3.9,6.1,--,--
Hillsdale,1536.0,591.0,84.0,80.0,176.0,989.0,2467.0,62.3,24.0,3.4,3.2,7.1,--,--
Hinchinbrook,3246.0,1053.0,138.0,192.0,350.0,2203.0,4979.0,65.2,21.1,2.8,3.9,7.0,--,--
Holmesville,448.0,225.0,24.0,18.0,43.0,395.0,758.0,59.1,29.7,3.2,2.4,5.7,--,--
Holsworthy,1692.0,480.0,81.0,81.0,87.0,544.0,2421.0,69.9,19.8,3.3,3.3,3.6,--,--
Homebush,2037.0,820.0,90.0,92.0,228.0,1756.0,3267.0,62.4,25.1,2.8,2.8,7.0,--,--
Homebush West,1320.0,449.0,58.0,66.0,192.0,1075.0,2085.0,63.3,21.5,2.8,3.2,9.2,--,--
Horningsea Park,1164.0,341.0,46.0,64.0,83.0,537.0,1698.0,68.6,20.1,2.7,3.8,4.9,--,--
Hornsby,6625.0,2612.0,325.0,221.0,450.0,4409.0,10233.0,64.7,25.5,3.2,2.2,4.4,--,--
Hornsby Heights,2117.0,978.0,107.0,74.0,98.0,1142.0,3374.0,62.7,29.0,3.2,2.2,2.9,--,--
Horsley,2094.0,920.0,155.0,92.0,159.0,1310.0,3420.0,61.2,26.9,4.5,2.7,4.6,--,--
Hoxton Park,1127.0,337.0,63.0,71.0,120.0,727.0,1718.0,65.6,19.6,3.7,4.1,7.0,--,--
Hunters Hill,2263.0,1116.0,133.0,81.0,104.0,3074.0,3697.0,61.2,30.2,3.6,2.2,2.8,--,--
Huntleys Point,64.0,40.0,0.0,3.0,0.0,44.0,107.0,59.8,37.4,0.0,2.8,0.0,--,--
Hurlstone Park,1534.0,606.0,88.0,69.0,113.0,1351.0,2410.0,63.7,25.1,3.7,2.9,4.7,--,--
Hurstville,6787.0,2900.0,305.0,335.0,926.0,6949.0,11253.0,60.3,25.8,2.7,3.0,8.2,--,--
Hurstville Grove,731.0,379.0,32.0,33.0,34.0,613.0,1209.0,60.5,31.3,2.6,2.7,2.8,--,--
Illawong,2660.0,1380.0,115.0,108.0,126.0,1574.0,4389.0,60.6,31.4,2.6,2.5,2.9,--,--
Ingleburn,4429.0,1470.0,178.0,200.0,459.0,3360.0,6736.0,65.8,21.8,2.6,3.0,6.8,--,--
Ingleside,76.0,45.0,5.0,9.0,4.0,49.0,139.0,54.7,32.4,3.6,6.5,2.9,--,--
Islington,356.0,202.0,41.0,22.0,85.0,403.0,706.0,50.4,28.6,5.8,3.1,12.0,--,--
Jamisontown,1753.0,646.0,89.0,57.0,114.0,1014.0,2659.0,65.9,24.3,3.3,2.1,4.3,--,--
Jannali,1699.0,782.0,104.0,72.0,120.0,1381.0,2777.0,61.2,28.2,3.7,2.6,4.3,--,--
Jesmond,389.0,303.0,29.0,18.0,140.0,1092.0,879.0,44.3,34.5,3.3,2.0,15.9,--,--
Jewells,790.0,463.0,53.0,32.0,52.0,633.0,1390.0,56.8,33.3,3.8,2.3,3.7,--,--
Kahibah,678.0,377.0,38.0,28.0,68.0,772.0,1189.0,57.0,31.7,3.2,2.4,5.7,--,--
Kanahooka,1279.0,644.0,76.0,62.0,124.0,1784.0,2185.0,58.5,29.5,3.5,2.8,5.7,--,--
Kangaroo Point,190.0,110.0,11.0,4.0,6.0,162.0,321.0,59.2,34.3,3.4,1.2,1.9,--,--
Kanwal,793.0,460.0,48.0,54.0,116.0,1177.0,1471.0,53.9,31.3,3.3,3.7,7.9,--,--
Kareela,786.0,441.0,42.0,36.0,33.0,596.0,1338.0,58.7,33.0,3.1,2.7,2.5,--,--
Kariong,1836.0,785.0,101.0,73.0,161.0,1178.0,2956.0,62.1,26.6,3.4,2.5,5.4,--,--
Kearns,1009.0,406.0,47.0,40.0,58.0,470.0,1560.0,64.7,26.0,3.0,2.6,3.7,--,--
Keiraville,660.0,483.0,58.0,23.0,98.0,1137.0,1322.0,49.9,36.5,4.4,1.7,7.4,--,--
Kellyville,6401.0,2652.0,259.0,249.0,333.0,2910.0,9894.0,64.7,26.8,2.6,2.5,3.4,--,--
Kembla Grange,56.0,23.0,0.0,0.0,9.0,26.0,88.0,63.6,26.1,0.0,0.0,10.2,--,--
Kensington,3306.0,1538.0,201.0,132.0,341.0,3327.0,5518.0,59.9,27.9,3.6,2.4,6.2,--,--
Kilaben Bay,376.0,243.0,24.0,7.0,28.0,351.0,678.0,55.5,35.8,3.5,1.0,4.1,--,--
Killara,2373.0,1319.0,145.0,135.0,127.0,2773.0,4099.0,57.9,32.2,3.5,3.3,3.1,--,--
Killarney Heights,1153.0,677.0,72.0,57.0,68.0,1070.0,2027.0,56.9,33.4,3.6,2.8,3.4,--,--
Killarney Vale,1574.0,851.0,116.0,74.0,225.0,2319.0,2840.0,55.4,30.0,4.1,2.6,7.9,--,--
Kincumber,1482.0,1056.0,85.0,85.0,174.0,2632.0,2882.0,51.4,36.6,2.9,2.9,6.0,--,--
Kincumber South,113.0,78.0,4.0,6.0,19.0,386.0,220.0,51.4,35.5,1.8,2.7,8.6,--,--
Kings Langley,3566.0,1358.0,162.0,121.0,172.0,1794.0,5379.0,66.3,25.2,3.0,2.2,3.2,--,--
Kings Park,1289.0,436.0,74.0,44.0,90.0,562.0,1933.0,66.7,22.6,3.8,2.3,4.7,--,--
Kingsford,4023.0,2091.0,211.0,194.0,461.0,4131.0,6980.0,57.6,30.0,3.0,2.8,6.6,--,--
Kingsgrove,3077.0,1221.0,159.0,166.0,227.0,3517.0,4850.0,63.4,25.2,3.3,3.4,4.7,--,--
Kingswood (Penrith),2440.0,975.0,154.0,111.0,299.0,2246.0,3979.0,61.3,24.5,3.9,2.8,7.5,--,--
Kirrawee,2937.0,1299.0,163.0,85.0,157.0,2352.0,4641.0,63.3,28.0,3.5,1.8,3.4,--,--
Kirribilli,1523.0,387.0,67.0,29.0,96.0,776.0,2102.0,72.5,18.4,3.2,1.4,4.6,--,--
Kogarah,3640.0,1533.0,174.0,159.0,341.0,2984.0,5847.0,62.3,26.2,3.0,2.7,5.8,--,--
Kogarah Bay,531.0,265.0,33.0,41.0,31.0,528.0,901.0,58.9,29.4,3.7,4.6,3.4,--,--
Koolewong,208.0,116.0,24.0,9.0,18.0,254.0,375.0,55.5,30.9,6.4,2.4,4.8,--,--
Koonawarra,712.0,402.0,56.0,58.0,187.0,1202.0,1415.0,50.3,28.4,4.0,4.1,13.2,--,--
Kotara,1052.0,602.0,76.0,41.0,88.0,1248.0,1859.0,56.6,32.4,4.1,2.2,4.7,--,--
Kotara South,315.0,181.0,20.0,11.0,29.0,376.0,556.0,56.7,32.6,3.6,2.0,5.2,--,--
Kurnell,637.0,296.0,52.0,36.0,41.0,470.0,1062.0,60.0,27.9,4.9,3.4,3.9,--,--
Kyeemagh,232.0,86.0,8.0,19.0,12.0,274.0,357.0,65.0,24.1,2.2,5.3,3.4,--,--
Kyle Bay,387.0,172.0,24.0,24.0,27.0,356.0,634.0,61.0,27.1,3.8,3.8,4.3,--,--
La Perouse,110.0,30.0,3.0,6.0,18.0,110.0,167.0,65.9,18.0,1.8,3.6,10.8,--,--
Lake Haven,701.0,411.0,48.0,35.0,143.0,1472.0,1338.0,52.4,30.7,3.6,2.6,10.7,--,--
Lake Heights,700.0,308.0,43.0,51.0,101.0,1086.0,1203.0,58.2,25.6,3.6,4.2,8.4,--,--
Lake Illawarra,648.0,323.0,48.0,29.0,117.0,1196.0,1165.0,55.6,27.7,4.1,2.5,10.0,--,--
Lakelands,486.0,298.0,28.0,20.0,31.0,322.0,863.0,56.3,34.5,3.2,2.3,3.6,--,--
Lakemba,2906.0,1483.0,162.0,221.0,665.0,4448.0,5437.0,53.4,27.3,3.0,4.1,12.2,--,--
Lalor Park,1891.0,780.0,104.0,92.0,248.0,2079.0,3115.0,60.7,25.0,3.3,3.0,8.0,--,--
Lambton,1261.0,694.0,99.0,52.0,125.0,1341.0,2231.0,56.5,31.1,4.4,2.3,5.6,--,--
Lane Cove,3346.0,1220.0,158.0,90.0,148.0,2162.0,4962.0,67.4,24.6,3.2,1.8,3.0,--,--
Lane Cove North,3581.0,1125.0,165.0,78.0,165.0,1772.0,5114.0,70.0,22.0,3.2,1.5,3.2,--,--
Lane Cove West,712.0,326.0,57.0,25.0,25.0,480.0,1145.0,62.2,28.5,5.0,2.2,2.2,--,--
Lansvale,629.0,219.0,40.0,40.0,77.0,719.0,1005.0,62.6,21.8,4.0,4.0,7.7,--,--
Lapstone,273.0,138.0,24.0,11.0,13.0,236.0,459.0,59.5,30.1,5.2,2.4,2.8,--,--
Lavender Bay,431.0,127.0,8.0,12.0,16.0,155.0,594.0,72.6,21.4,1.3,2.0,2.7,--,--
Leichhardt,5077.0,1573.0,256.0,145.0,237.0,2418.0,7288.0,69.7,21.6,3.5,2.0,3.3,--,--
Leonay,890.0,386.0,37.0,42.0,37.0,489.0,1392.0,63.9,27.7,2.7,3.0,2.7,--,--
Lethbridge Park,838.0,324.0,48.0,61.0,261.0,1510.0,1532.0,54.7,21.1,3.1,4.0,17.0,--,--
Leumeah,2746.0,1025.0,139.0,121.0,295.0,2233.0,4326.0,63.5,23.7,3.2,2.8,6.8,--,--
Lewisham,1000.0,392.0,53.0,32.0,66.0,668.0,1543.0,64.8,25.4,3.4,2.1,4.3,--,--
Liberty Grove,887.0,237.0,45.0,34.0,49.0,323.0,1252.0,70.8,18.9,3.6,2.7,3.9,--,--
Lidcombe,3812.0,1474.0,163.0,238.0,449.0,4202.0,6136.0,62.1,24.0,2.7,3.9,7.3,--,--
Lilli Pilli (Sutherland Shire),691.0,376.0,32.0,26.0,28.0,471.0,1153.0,59.9,32.6,2.8,2.3,2.4,--,--
Lilyfield,2440.0,818.0,135.0,61.0,130.0,1575.0,3584.0,68.1,22.8,3.8,1.7,3.6,--,--
Lindfield,2210.0,1122.0,103.0,61.0,139.0,1959.0,3635.0,60.8,30.9,2.8,1.7,3.8,--,--
Linley Point,130.0,44.0,3.0,0.0,3.0,91.0,180.0,72.2,24.4,1.7,0.0,1.7,--,--
Lisarow,1579.0,876.0,112.0,60.0,138.0,1061.0,2765.0,57.1,31.7,4.1,2.2,5.0,--,--
Little Bay,541.0,221.0,29.0,21.0,29.0,525.0,841.0,64.3,26.3,3.4,2.5,3.4,--,--
Liverpool,4818.0,1632.0,228.0,289.0,979.0,6719.0,7946.0,60.6,20.5,2.9,3.6,12.3,--,--
Loftus,1226.0,632.0,77.0,47.0,51.0,957.0,2033.0,60.3,31.1,3.8,2.3,2.5,--,--
Long Jetty,946.0,627.0,72.0,78.0,188.0,1922.0,1911.0,49.5,32.8,3.8,4.1,9.8,--,--
Long Point (Campbelltown),96.0,42.0,12.0,8.0,12.0,93.0,170.0,56.5,24.7,7.1,4.7,7.1,--,--
Longueville,608.0,371.0,27.0,31.0,14.0,498.0,1051.0,57.8,35.3,2.6,2.9,1.3,--,--
Lugarno,1827.0,897.0,81.0,85.0,89.0,1502.0,2979.0,61.3,30.1,2.7,2.9,3.0,--,--
Lurnea,1565.0,626.0,70.0,119.0,277.0,2298.0,2657.0,58.9,23.6,2.6,4.5,10.4,--,--
Macquarie Fields,3206.0,1167.0,169.0,195.0,559.0,3491.0,5296.0,60.5,22.0,3.2,3.7,10.6,--,--
Macquarie Hills,676.0,354.0,43.0,25.0,53.0,382.0,1151.0,58.7,30.8,3.7,2.2,4.6,--,--
Macquarie Links,372.0,111.0,11.0,19.0,15.0,105.0,528.0,70.5,21.0,2.1,3.6,2.8,--,--
Macquarie Park,1719.0,699.0,99.0,41.0,248.0,1733.0,2806.0,61.3,24.9,3.5,1.5,8.8,--,--
Malabar,866.0,473.0,54.0,29.0,70.0,2058.0,1492.0,58.0,31.7,3.6,1.9,4.7,--,--
Mangerton,766.0,346.0,46.0,26.0,102.0,749.0,1286.0,59.6,26.9,3.6,2.0,7.9,--,--
Manly,4998.0,1812.0,269.0,147.0,246.0,2988.0,7472.0,66.9,24.3,3.6,2.0,3.3,--,--
Manly Vale,1934.0,757.0,99.0,59.0,84.0,1059.0,2933.0,65.9,25.8,3.4,2.0,2.9,--,--
Marayong,1932.0,693.0,85.0,123.0,227.0,2047.0,3060.0,63.1,22.6,2.8,4.0,7.4,--,--
Mardi,779.0,404.0,35.0,34.0,82.0,735.0,1334.0,58.4,30.3,2.6,2.5,6.1,--,--
Marks Point,385.0,198.0,23.0,15.0,70.0,655.0,691.0,55.7,28.7,3.3,2.2,10.1,--,--
Marmong Point,109.0,52.0,6.0,3.0,11.0,146.0,181.0,60.2,28.7,3.3,1.7,6.1,--,--
Maroubra,8071.0,3361.0,474.0,310.0,649.0,7479.0,12865.0,62.7,26.1,3.7,2.4,5.0,--,--
Marrickville,7370.0,2752.0,374.0,341.0,753.0,6201.0,11590.0,63.6,23.7,3.2,2.9,6.5,--,--
Marsfield,3821.0,1565.0,194.0,134.0,331.0,3579.0,6045.0,63.2,25.9,3.2,2.2,5.5,--,--
Maryland (Newcastle),2271.0,1158.0,135.0,108.0,195.0,1650.0,3867.0,58.7,29.9,3.5,2.8,5.0,--,--
Maryville,443.0,197.0,24.0,12.0,51.0,320.0,727.0,60.9,27.1,3.3,1.7,7.0,--,--
Mascot,2850.0,943.0,135.0,144.0,214.0,2166.0,4286.0,66.5,22.0,3.1,3.4,5.0,--,--
Matraville,2584.0,1152.0,142.0,107.0,193.0,2412.0,4178.0,61.8,27.6,3.4,2.6,4.6,--,--
Mayfield (Newcastle),2130.0,1168.0,170.0,103.0,439.0,2994.0,4010.0,53.1,29.1,4.2,2.6,10.9,--,--
Mayfield East,407.0,210.0,17.0,14.0,89.0,450.0,737.0,55.2,28.5,2.3,1.9,12.1,--,--
Mayfield West,415.0,215.0,21.0,19.0,60.0,565.0,730.0,56.8,29.5,2.9,2.6,8.2,--,--
Mays Hill,196.0,90.0,10.0,14.0,22.0,177.0,332.0,59.0,27.1,3.0,4.2,6.6,--,--
McMahons Point,960.0,241.0,53.0,18.0,35.0,366.0,1307.0,73.5,18.4,4.1,1.4,2.7,--,--
Meadowbank,1076.0,266.0,49.0,25.0,114.0,442.0,1530.0,70.3,17.4,3.2,1.6,7.5,--,--
Melrose Park,631.0,287.0,48.0,26.0,48.0,449.0,1040.0,60.7,27.6,4.6,2.5,4.6,--,--
Menai,3640.0,1668.0,170.0,150.0,181.0,1813.0,5809.0,62.7,28.7,2.9,2.6,3.1,--,--
Merewether,3383.0,1767.0,226.0,97.0,257.0,2608.0,5730.0,59.0,30.8,3.9,1.7,4.5,--,--
Merewether Heights,373.0,221.0,38.0,10.0,17.0,408.0,659.0,56.6,33.5,5.8,1.5,2.6,--,--
Merrylands,5421.0,1890.0,240.0,362.0,772.0,6362.0,8685.0,62.4,21.8,2.8,4.2,8.9,--,--
Merrylands West,1525.0,593.0,75.0,75.0,196.0,1869.0,2464.0,61.9,24.1,3.0,3.0,8.0,--,--
Middle Cove,274.0,159.0,13.0,19.0,14.0,293.0,479.0,57.2,33.2,2.7,4.0,2.9,--,--
Miller,425.0,197.0,22.0,59.0,151.0,1174.0,854.0,49.8,23.1,2.6,6.9,17.7,--,--
Millers Point,446.0,126.0,19.0,15.0,36.0,410.0,642.0,69.5,19.6,3.0,2.3,5.6,--,--
Milperra,1367.0,602.0,70.0,63.0,76.0,871.0,2178.0,62.8,27.6,3.2,2.9,3.5,--,--
Milsons Point,622.0,138.0,28.0,8.0,17.0,262.0,813.0,76.5,17.0,3.4,1.0,2.1,--,--
Minchinbury,1813.0,638.0,92.0,85.0,130.0,993.0,2758.0,65.7,23.1,3.3,3.1,4.7,--,--
Minmi,203.0,100.0,15.0,9.0,19.0,139.0,346.0,58.7,28.9,4.3,2.6,5.5,--,--
Minto,2879.0,1040.0,124.0,159.0,479.0,2755.0,4681.0,61.5,22.2,2.6,3.4,10.2,--,--
Miranda,4259.0,1713.0,219.0,135.0,255.0,3550.0,6581.0,64.7,26.0,3.3,2.1,3.9,--,--
Mona Vale,3052.0,1539.0,160.0,93.0,129.0,2420.0,4973.0,61.4,30.9,3.2,1.9,2.6,--,--
Monterey,1222.0,440.0,59.0,60.0,87.0,1150.0,1868.0,65.4,23.6,3.2,3.2,4.7,--,--
Moorebank,2642.0,883.0,125.0,132.0,169.0,1768.0,3951.0,66.9,22.3,3.2,3.3,4.3,--,--
Mortdale,3394.0,1214.0,169.0,105.0,264.0,2326.0,5146.0,66.0,23.6,3.3,2.0,5.1,--,--
Mortlake,212.0,63.0,10.0,3.0,8.0,93.0,296.0,71.6,21.3,3.4,1.0,2.7,--,--
Mosman,9006.0,3460.0,458.0,244.0,358.0,6462.0,13526.0,66.6,25.6,3.4,1.8,2.6,--,--
Mount Annan,2994.0,1145.0,140.0,119.0,175.0,1164.0,4573.0,65.5,25.0,3.1,2.6,3.8,--,--
Mount Colah,2389.0,1188.0,98.0,91.0,117.0,1375.0,3883.0,61.5,30.6,2.5,2.3,3.0,--,--
Mount Druitt,3315.0,1156.0,133.0,252.0,558.0,3606.0,5414.0,61.2,21.4,2.5,4.7,10.3,--,--
Mount Hutton,714.0,411.0,40.0,44.0,106.0,995.0,1315.0,54.3,31.3,3.0,3.3,8.1,--,--
Mount Keira,435.0,234.0,21.0,10.0,36.0,383.0,736.0,59.1,31.8,2.9,1.4,4.9,--,--
Mount Kembla,263.0,146.0,24.0,11.0,17.0,203.0,461.0,57.0,31.7,5.2,2.4,3.7,--,--
Mount Lewis,220.0,96.0,17.0,24.0,34.0,409.0,391.0,56.3,24.6,4.3,6.1,8.7,--,--
Mount Ousley,442.0,262.0,30.0,19.0,37.0,564.0,790.0,55.9,33.2,3.8,2.4,4.7,--,--
Mount Pleasant,261.0,134.0,17.0,13.0,12.0,258.0,437.0,59.7,30.7,3.9,3.0,2.7,--,--
Mount Pritchard,2064.0,844.0,88.0,140.0,346.0,2796.0,3482.0,59.3,24.2,2.5,4.0,9.9,--,--
Mount Riverview,1059.0,472.0,50.0,33.0,65.0,654.0,1679.0,63.1,28.1,3.0,2.0,3.9,--,--
Mount Saint Thomas,416.0,196.0,27.0,13.0,42.0,431.0,694.0,59.9,28.2,3.9,1.9,6.1,--,--
Mount Warrigal,1291.0,669.0,88.0,64.0,225.0,1665.0,2337.0,55.2,28.6,3.8,2.7,9.6,--,--
Narara,2383.0,1228.0,157.0,108.0,230.0,1723.0,4106.0,58.0,29.9,3.8,2.6,5.6,--,--
Narellan,1116.0,466.0,49.0,61.0,99.0,811.0,1791.0,62.3,26.0,2.7,3.4,5.5,--,--
Narellan Vale,2582.0,996.0,133.0,84.0,137.0,1113.0,3932.0,65.7,25.3,3.4,2.1,3.5,--,--
Naremburn,2113.0,656.0,111.0,39.0,82.0,868.0,3001.0,70.4,21.9,3.7,1.3,2.7,--,--
Narrabeen,2200.0,716.0,104.0,65.0,59.0,1611.0,3144.0,70.0,22.8,3.3,2.1,1.9,--,--
Narraweena,1452.0,736.0,78.0,81.0,106.0,1707.0,2453.0,59.2,30.0,3.2,3.3,4.3,--,--
Narwee,1360.0,534.0,53.0,55.0,134.0,1665.0,2136.0,63.7,25.0,2.5,2.6,6.3,--,--
Neutral Bay,4863.0,1255.0,190.0,88.0,206.0,1741.0,6602.0,73.7,19.0,2.9,1.3,3.1,--,--
New Lambton,2617.0,1354.0,160.0,92.0,249.0,2671.0,4472.0,58.5,30.3,3.6,2.1,5.6,--,--
New Lambton Heights,568.0,319.0,50.0,14.0,36.0,415.0,987.0,57.5,32.3,5.1,1.4,3.6,--,--
Newcastle,611.0,261.0,41.0,12.0,63.0,425.0,988.0,61.8,26.4,4.1,1.2,6.4,--,--
Newcastle East,246.0,145.0,15.0,14.0,39.0,297.0,459.0,53.6,31.6,3.3,3.1,8.5,--,--
Newcastle West,156.0,35.0,5.0,9.0,17.0,80.0,222.0,70.3,15.8,2.3,4.1,7.7,--,--
Newington,1884.0,501.0,96.0,54.0,104.0,887.0,2639.0,71.4,19.0,3.6,2.0,3.9,--,--
Newport,3016.0,1596.0,178.0,74.0,150.0,2036.0,5014.0,60.2,31.8,3.6,1.5,3.0,--,--
Newtown,5280.0,1907.0,266.0,115.0,379.0,2118.0,7947.0,66.4,24.0,3.3,1.4,4.8,--,--
Niagara Park,658.0,334.0,40.0,27.0,64.0,560.0,1123.0,58.6,29.7,3.6,2.4,5.7,--,--
Norah Head,297.0,181.0,18.0,7.0,34.0,337.0,537.0,55.3,33.7,3.4,1.3,6.3,--,--
Noraville,587.0,357.0,39.0,40.0,95.0,865.0,1118.0,52.5,31.9,3.5,3.6,8.5,--,--
Normanhurst,1348.0,633.0,77.0,40.0,76.0,1412.0,2174.0,62.0,29.1,3.5,1.8,3.5,--,--
North Avoca,670.0,436.0,55.0,26.0,53.0,414.0,1240.0,54.0,35.2,4.4,2.1,4.3,--,--
North Balgowlah,1041.0,530.0,50.0,35.0,37.0,652.0,1693.0,61.5,31.3,3.0,2.1,2.2,--,--
North Bondi,2920.0,1189.0,157.0,96.0,141.0,1536.0,4503.0,64.8,26.4,3.5,2.1,3.1,--,--
North Curl Curl,1090.0,531.0,61.0,41.0,35.0,754.0,1758.0,62.0,30.2,3.5,2.3,2.0,--,--
North Epping,1302.0,679.0,52.0,34.0,68.0,1090.0,2135.0,61.0,31.8,2.4,1.6,3.2,--,--
North Gosford,966.0,508.0,72.0,45.0,124.0,845.0,1715.0,56.3,29.6,4.2,2.6,7.2,--,--
North Lambton,812.0,424.0,52.0,32.0,94.0,1010.0,1414.0,57.4,30.0,3.7,2.3,6.6,--,--
North Manly,846.0,430.0,46.0,23.0,29.0,673.0,1374.0,61.6,31.3,3.3,1.7,2.1,--,--
North Narrabeen,1759.0,921.0,92.0,81.0,70.0,969.0,2923.0,60.2,31.5,3.1,2.8,2.4,--,--
North Parramatta,2661.0,761.0,119.0,70.0,240.0,2419.0,3851.0,69.1,19.8,3.1,1.8,6.2,--,--
North Rocks,2454.0,1168.0,110.0,82.0,113.0,1749.0,3927.0,62.5,29.7,2.8,2.1,2.9,--,--
North Ryde,3046.0,1377.0,156.0,121.0,170.0,3051.0,4870.0,62.5,28.3,3.2,2.5,3.5,--,--
North St Marys,866.0,302.0,36.0,30.0,163.0,1167.0,1397.0,62.0,21.6,2.6,2.1,11.7,--,--
North Strathfield,1265.0,388.0,51.0,54.0,70.0,667.0,1828.0,69.2,21.2,2.8,3.0,3.8,--,--
North Sydney,2594.0,715.0,97.0,39.0,128.0,1257.0,3573.0,72.6,20.0,2.7,1.1,3.6,--,--
North Turramurra,883.0,532.0,57.0,28.0,57.0,1438.0,1557.0,56.7,34.2,3.7,1.8,3.7,--,--
North Wahroonga,663.0,407.0,47.0,29.0,43.0,608.0,1189.0,55.8,34.2,4.0,2.4,3.6,--,--
North Willoughby,1281.0,492.0,70.0,35.0,73.0,999.0,1951.0,65.7,25.2,3.6,1.8,3.7,--,--
North Wollongong,472.0,338.0,40.0,16.0,79.0,560.0,945.0,49.9,35.8,4.2,1.7,8.4,--,--
Northbridge,1797.0,946.0,91.0,53.0,66.0,1528.0,2953.0,60.9,32.0,3.1,1.8,2.2,--,--
Northmead,2455.0,928.0,133.0,77.0,119.0,1551.0,3712.0,66.1,25.0,3.6,2.1,3.2,--,--
Northwood,274.0,139.0,20.0,9.0,15.0,233.0,457.0,60.0,30.4,4.4,2.0,3.3,--,--
Oak Flats,1714.0,876.0,112.0,76.0,226.0,1816.0,3004.0,57.1,29.2,3.7,2.5,7.5,--,--
Oakhurst,2168.0,636.0,64.0,86.0,179.0,1298.0,3133.0,69.2,20.3,2.0,2.7,5.7,--,--
Oatlands,1622.0,713.0,67.0,80.0,91.0,1476.0,2573.0,63.0,27.7,2.6,3.1,3.5,--,--
Oatley,2919.0,1478.0,178.0,125.0,148.0,2601.0,4848.0,60.2,30.5,3.7,2.6,3.1,--,--
Old Guildford,441.0,202.0,37.0,47.0,91.0,701.0,818.0,53.9,24.7,4.5,5.7,11.1,--,--
Old Toongabbie,1401.0,550.0,76.0,54.0,117.0,1735.0,2198.0,63.7,25.0,3.5,2.5,5.3,--,--
Ourimbah,945.0,423.0,67.0,24.0,102.0,629.0,1561.0,60.5,27.1,4.3,1.5,6.5,--,--
Oxley Park,715.0,266.0,28.0,34.0,101.0,656.0,1144.0,62.5,23.3,2.4,3.0,8.8,--,--
Oyster Bay,1643.0,821.0,92.0,83.0,65.0,1116.0,2704.0,60.8,30.4,3.4,3.1,2.4,--,--
Paddington,5156.0,1536.0,211.0,150.0,228.0,1954.0,7281.0,70.8,21.1,2.9,2.1,3.1,--,--
Padstow,3590.0,1345.0,193.0,157.0,258.0,3433.0,5543.0,64.8,24.3,3.5,2.8,4.7,--,--
Padstow Heights,1048.0,436.0,56.0,33.0,55.0,1059.0,1628.0,64.4,26.8,3.4,2.0,3.4,--,--
Pagewood,933.0,376.0,43.0,56.0,49.0,814.0,1457.0,64.0,25.8,3.0,3.8,3.4,--,--
Palm Beach,380.0,261.0,23.0,16.0,15.0,442.0,695.0,54.7,37.6,3.3,2.3,2.2,--,--
Panania,3322.0,1339.0,189.0,166.0,246.0,3181.0,5262.0,63.1,25.4,3.6,3.2,4.7,--,--
Parramatta,6372.0,2265.0,241.0,284.0,805.0,4278.0,9967.0,63.9,22.7,2.4,2.8,8.1,--,--
Peakhurst,2498.0,1090.0,116.0,133.0,189.0,2944.0,4026.0,62.0,27.1,2.9,3.3,4.7,--,--
Peakhurst Heights,660.0,358.0,25.0,27.0,54.0,677.0,1124.0,58.7,31.9,2.2,2.4,4.8,--,--
Pearl Beach,84.0,78.0,8.0,5.0,11.0,207.0,186.0,45.2,41.9,4.3,2.7,5.9,--,--
Pelican,179.0,108.0,17.0,14.0,17.0,305.0,335.0,53.4,32.2,5.1,4.2,5.1,--,--
Pendle Hill,2914.0,1006.0,144.0,126.0,294.0,3026.0,4484.0,65.0,22.4,3.2,2.8,6.6,--,--
Pennant Hills,2105.0,1068.0,110.0,75.0,142.0,1807.0,3500.0,60.1,30.5,3.1,2.1,4.1,--,--
Penrith,3265.0,1207.0,152.0,147.0,424.0,3471.0,5195.0,62.8,23.2,2.9,2.8,8.2,--,--
Penrose (Wollongong),424.0,212.0,17.0,20.0,52.0,390.0,725.0,58.5,29.2,2.3,2.8,7.2,--,--
Penshurst,3631.0,1477.0,155.0,164.0,320.0,2886.0,5747.0,63.2,25.7,2.7,2.9,5.6,--,--
Petersham,2928.0,1027.0,141.0,84.0,221.0,1468.0,4401.0,66.5,23.3,3.2,1.9,5.0,--,--
Phillip Bay,193.0,87.0,17.0,7.0,13.0,208.0,317.0,60.9,27.4,5.4,2.2,4.1,--,--
Picnic Point,1932.0,860.0,104.0,87.0,102.0,1465.0,3085.0,62.6,27.9,3.4,2.8,3.3,--,--
Plumpton,2602.0,783.0,98.0,158.0,216.0,1648.0,3857.0,67.5,20.3,2.5,4.1,5.6,--,--
Point Clare,773.0,410.0,60.0,31.0,71.0,994.0,1345.0,57.5,30.5,4.5,2.3,5.3,--,--
Point Frederick,464.0,227.0,36.0,27.0,57.0,532.0,811.0,57.2,28.0,4.4,3.3,7.0,--,--
Point Piper,399.0,180.0,20.0,19.0,12.0,399.0,630.0,63.3,28.6,3.2,3.0,1.9,--,--
Port Kembla,1000.0,493.0,62.0,48.0,198.0,1611.0,1801.0,55.5,27.4,3.4,2.7,11.0,--,--
Potts Point,2982.0,605.0,99.0,62.0,153.0,856.0,3901.0,76.4,15.5,2.5,1.6,3.9,--,--
Prairiewood,785.0,281.0,34.0,44.0,95.0,994.0,1239.0,63.4,22.7,2.7,3.6,7.7,--,--
Prestons,4195.0,1142.0,175.0,178.0,313.0,2398.0,6003.0,69.9,19.0,2.9,3.0,5.2,--,--
Primbee,392.0,196.0,20.0,13.0,59.0,597.0,680.0,57.6,28.8,2.9,1.9,8.7,--,--
Prospect,1590.0,511.0,63.0,101.0,108.0,804.0,2373.0,67.0,21.5,2.7,4.3,4.6,--,--
Punchbowl (Canterbury and Bankstown),3645.0,1499.0,205.0,323.0,684.0,5612.0,6356.0,57.3,23.6,3.2,5.1,10.8,--,--
Putney,1046.0,478.0,67.0,38.0,43.0,734.0,1672.0,62.6,28.6,4.0,2.3,2.6,--,--
Pymble,2738.0,1494.0,138.0,119.0,155.0,2579.0,4644.0,59.0,32.2,3.0,2.6,3.3,--,--
Pyrmont,4627.0,957.0,170.0,104.0,243.0,1341.0,6101.0,75.8,15.7,2.8,1.7,4.0,--,--
Quakers Hill,9057.0,2938.0,366.0,332.0,604.0,4598.0,13297.0,68.1,22.1,2.8,2.5,4.5,--,--
Queens Park,924.0,414.0,57.0,21.0,47.0,568.0,1463.0,63.2,28.3,3.9,1.4,3.2,--,--
Raby,2263.0,851.0,110.0,83.0,213.0,1063.0,3520.0,64.3,24.2,3.1,2.4,6.1,--,--
Ramsgate,290.0,115.0,13.0,16.0,34.0,287.0,468.0,62.0,24.6,2.8,3.4,7.3,--,--
Ramsgate Beach,415.0,124.0,10.0,24.0,23.0,508.0,596.0,69.6,20.8,1.7,4.0,3.9,--,--
Randwick,10172.0,3602.0,479.0,287.0,574.0,5468.0,15114.0,67.3,23.8,3.2,1.9,3.8,--,--
Rankin Park,827.0,453.0,57.0,25.0,62.0,591.0,1424.0,58.1,31.8,4.0,1.8,4.4,--,--
Redfern,4146.0,1230.0,132.0,105.0,329.0,2659.0,5942.0,69.8,20.7,2.2,1.8,5.5,--,--
Redhead,815.0,494.0,64.0,26.0,78.0,1104.0,1477.0,55.2,33.4,4.3,1.8,5.3,--,--
Regents Park,1283.0,476.0,47.0,68.0,177.0,1582.0,2051.0,62.6,23.2,2.3,3.3,8.6,--,--
Regentville,242.0,102.0,9.0,10.0,6.0,142.0,369.0,65.6,27.6,2.4,2.7,1.6,--,--
Revesby,3477.0,1248.0,187.0,136.0,293.0,3708.0,5341.0,65.1,23.4,3.5,2.5,5.5,--,--
Revesby Heights,431.0,175.0,17.0,16.0,18.0,321.0,657.0,65.6,26.6,2.6,2.4,2.7,--,--
Rhodes,612.0,186.0,31.0,14.0,58.0,358.0,901.0,67.9,20.6,3.4,1.6,6.4,--,--
Riverstone,1797.0,725.0,86.0,101.0,182.0,1558.0,2891.0,62.2,25.1,3.0,3.5,6.3,--,--
Riverview (Lane Cove),959.0,463.0,51.0,37.0,32.0,917.0,1542.0,62.2,30.0,3.3,2.4,2.1,--,--
Riverwood,2248.0,965.0,99.0,126.0,371.0,3455.0,3809.0,59.0,25.3,2.6,3.3,9.7,--,--
Rockdale,4337.0,1831.0,218.0,243.0,441.0,3606.0,7070.0,61.3,25.9,3.1,3.4,6.2,--,--
Rocky Point,65.0,41.0,9.0,3.0,5.0,59.0,123.0,52.8,33.3,7.3,2.4,4.1,--,--
Rodd Point,417.0,160.0,26.0,7.0,14.0,347.0,624.0,66.8,25.6,4.2,1.1,2.2,--,--
Rooty Hill,3702.0,1186.0,152.0,228.0,357.0,3112.0,5625.0,65.8,21.1,2.7,4.1,6.3,--,--
Rose Bay,2846.0,1204.0,133.0,104.0,143.0,1957.0,4430.0,64.2,27.2,3.0,2.3,3.2,--,--
Rosebery,2492.0,884.0,110.0,95.0,178.0,1975.0,3759.0,66.3,23.5,2.9,2.5,4.7,--,--
Roselands,2711.0,1087.0,116.0,146.0,250.0,2975.0,4310.0,62.9,25.2,2.7,3.4,5.8,--,--
Rosemeadow,2177.0,792.0,99.0,125.0,273.0,1654.0,3466.0,62.8,22.9,2.9,3.6,7.9,--,--
Roseville,2455.0,1289.0,144.0,54.0,118.0,2102.0,4060.0,60.5,31.7,3.5,1.3,2.9,--,--
Roseville Chase,418.0,262.0,34.0,12.0,24.0,395.0,750.0,55.7,34.9,4.5,1.6,3.2,--,--
Rouse Hill,2247.0,791.0,122.0,87.0,76.0,853.0,3323.0,67.6,23.8,3.7,2.6,2.3,--,--
Rozelle,3191.0,823.0,169.0,55.0,131.0,972.0,4369.0,73.0,18.8,3.9,1.3,3.0,--,--
Ruse,2046.0,822.0,126.0,85.0,155.0,1088.0,3234.0,63.3,25.4,3.9,2.6,4.8,--,--
Rushcutters Bay,835.0,220.0,48.0,14.0,48.0,359.0,1165.0,71.7,18.9,4.1,1.2,4.1,--,--
Russell Lea,1744.0,648.0,84.0,51.0,86.0,1318.0,2613.0,66.7,24.8,3.2,2.0,3.3,--,--
Russell Vale,335.0,179.0,20.0,12.0,39.0,394.0,585.0,57.3,30.6,3.4,2.1,6.7,--,--
Rydalmere,412.0,133.0,17.0,15.0,20.0,514.0,597.0,69.0,22.3,2.8,2.5,3.4,--,--
Ryde,6702.0,2490.0,341.0,257.0,414.0,5572.0,10204.0,65.7,24.4,3.3,2.5,4.1,--,--
Sadleir,477.0,201.0,17.0,45.0,133.0,1093.0,873.0,54.6,23.0,1.9,5.2,15.2,--,--
San Remo,903.0,493.0,57.0,52.0,188.0,1124.0,1693.0,53.3,29.1,3.4,3.1,11.1,--,--
Sandringham,370.0,172.0,18.0,21.0,18.0,359.0,599.0,61.8,28.7,3.0,3.5,3.0,--,--
Sans Souci,2534.0,969.0,136.0,105.0,167.0,2709.0,3911.0,64.8,24.8,3.5,2.7,4.3,--,--
Saratoga,904.0,586.0,68.0,35.0,88.0,1023.0,1681.0,53.8,34.9,4.0,2.1,5.2,--,--
Scarborough,102.0,63.0,6.0,4.0,12.0,80.0,187.0,54.5,33.7,3.2,2.1,6.4,--,--
Schofields,1322.0,508.0,68.0,72.0,76.0,880.0,2046.0,64.6,24.8,3.3,3.5,3.7,--,--
Scotland Island,213.0,99.0,16.0,5.0,7.0,100.0,340.0,62.6,29.1,4.7,1.5,2.1,--,--
Seaforth,1791.0,1003.0,123.0,83.0,82.0,1535.0,3082.0,58.1,32.5,4.0,2.7,2.7,--,--
Sefton,1332.0,519.0,62.0,90.0,178.0,1690.0,2181.0,61.1,23.8,2.8,4.1,8.2,--,--
Seven Hills,5732.0,2031.0,278.0,239.0,531.0,4916.0,8811.0,65.1,23.1,3.2,2.7,6.0,--,--
Shalvey,754.0,297.0,44.0,69.0,189.0,1064.0,1353.0,55.7,22.0,3.3,5.1,14.0,--,--
Shell Cove,846.0,368.0,46.0,30.0,54.0,558.0,1344.0,62.9,27.4,3.4,2.2,4.0,--,--
Shellharbour,894.0,439.0,45.0,53.0,83.0,883.0,1514.0,59.0,29.0,3.0,3.5,5.5,--,--
Shelly Beach,312.0,217.0,25.0,16.0,45.0,445.0,615.0,50.7,35.3,4.1,2.6,7.3,--,--
Shortland,778.0,615.0,73.0,46.0,192.0,1661.0,1704.0,45.7,36.1,4.3,2.7,11.3,--,--
Silverwater (Auburn),277.0,107.0,3.0,17.0,39.0,2159.0,443.0,62.5,24.2,0.7,3.8,8.8,--,--
Smithfield,2893.0,1028.0,141.0,160.0,403.0,3668.0,4625.0,62.6,22.2,3.0,3.5,8.7,--,--
South Coogee,1498.0,611.0,77.0,46.0,83.0,1537.0,2315.0,64.7,26.4,3.3,2.0,3.6,--,--
South Granville,715.0,296.0,36.0,51.0,139.0,1064.0,1237.0,57.8,23.9,2.9,4.1,11.2,--,--
South Hurstville,1311.0,585.0,60.0,87.0,111.0,1287.0,2154.0,60.9,27.2,2.8,4.0,5.2,--,--
South Penrith,4032.0,1465.0,220.0,162.0,325.0,2741.0,6204.0,65.0,23.6,3.5,2.6,5.2,--,--
South Turramurra,882.0,482.0,57.0,20.0,43.0,687.0,1484.0,59.4,32.5,3.8,1.3,2.9,--,--
South Wentworthville,1509.0,567.0,68.0,67.0,148.0,1446.0,2359.0,64.0,24.0,2.9,2.8,6.3,--,--
Speers Point,815.0,442.0,42.0,33.0,78.0,1048.0,1410.0,57.8,31.3,3.0,2.3,5.5,--,--
Springfield (Gosford),1114.0,589.0,78.0,42.0,125.0,891.0,1948.0,57.2,30.2,4.0,2.2,6.4,--,--
Springwood,2386.0,1238.0,170.0,80.0,186.0,2396.0,4060.0,58.8,30.5,4.2,2.0,4.6,--,--
St Andrews,1979.0,775.0,110.0,104.0,214.0,1266.0,3182.0,62.2,24.4,3.5,3.3,6.7,--,--
St Clair (Penrith),7322.0,2715.0,330.0,346.0,527.0,3669.0,11240.0,65.1,24.2,2.9,3.1,4.7,--,--
St Helens Park,1965.0,688.0,94.0,67.0,175.0,1058.0,2989.0,65.7,23.0,3.1,2.2,5.9,--,--
St Huberts Island,217.0,141.0,5.0,13.0,21.0,492.0,397.0,54.7,35.5,1.3,3.3,5.3,--,--
St Ives,3937.0,2362.0,192.0,154.0,214.0,4254.0,6859.0,57.4,34.4,2.8,2.2,3.1,--,--
St Ives Chase,910.0,542.0,58.0,41.0,49.0,807.0,1600.0,56.9,33.9,3.6,2.6,3.1,--,--
St Johns Park,1519.0,505.0,56.0,101.0,177.0,1870.0,2358.0,64.4,21.4,2.4,4.3,7.5,--,--
St Leonards,1842.0,379.0,78.0,24.0,83.0,549.0,2406.0,76.6,15.8,3.2,1.0,3.4,--,--
St Marys,2610.0,844.0,120.0,145.0,438.0,2829.0,4157.0,62.8,20.3,2.9,3.5,10.5,--,--
St Peters,1127.0,322.0,45.0,32.0,57.0,482.0,1583.0,71.2,20.3,2.8,2.0,3.6,--,--
Stanhope Gardens,1558.0,457.0,82.0,73.0,72.0,749.0,2242.0,69.5,20.4,3.7,3.3,3.2,--,--
Stanmore,2811.0,1024.0,145.0,79.0,151.0,1366.0,4210.0,66.8,24.3,3.4,1.9,3.6,--,--
Stockton,913.0,450.0,86.0,42.0,125.0,1853.0,1616.0,56.5,27.8,5.3,2.6,7.7,--,--
Strathfield,5735.0,3050.0,277.0,312.0,531.0,6057.0,9905.0,57.9,30.8,2.8,3.1,5.4,--,--
Strathfield South,983.0,363.0,47.0,56.0,87.0,811.0,1536.0,64.0,23.6,3.1,3.6,5.7,--,--
Summer Hill (Ashfield),2352.0,792.0,120.0,81.0,169.0,1252.0,3514.0,66.9,22.5,3.4,2.3,4.8,--,--
Surry Hills,5921.0,1674.0,241.0,111.0,401.0,2419.0,8348.0,70.9,20.1,2.9,1.3,4.8,--,--
Sutherland,3924.0,1116.0,199.0,110.0,156.0,2050.0,5505.0,71.3,20.3,3.6,2.0,2.8,--,--
Swansea,781.0,452.0,67.0,51.0,209.0,2100.0,1560.0,50.1,29.0,4.3,3.3,13.4,--,--
Swansea Heads,157.0,84.0,17.0,4.0,20.0,192.0,282.0,55.7,29.8,6.0,1.4,7.1,--,--
Sydenham,351.0,120.0,33.0,12.0,50.0,211.0,566.0,62.0,21.2,5.8,2.1,8.8,--,--
Sydney,2973.0,1486.0,145.0,114.0,383.0,2355.0,5101.0,58.3,29.1,2.8,2.2,7.5,--,--
Sylvania,2890.0,1292.0,184.0,138.0,137.0,3001.0,4641.0,62.3,27.8,4.0,3.0,3.0,--,--
Sylvania Waters,938.0,429.0,37.0,42.0,46.0,748.0,1492.0,62.9,28.8,2.5,2.8,3.1,--,--
Tacoma,206.0,128.0,10.0,6.0,21.0,140.0,371.0,55.5,34.5,2.7,1.6,5.7,--,--
Tacoma South,75.0,35.0,9.0,0.0,7.0,63.0,126.0,59.5,27.8,7.1,0.0,5.6,--,--
Tamarama,632.0,194.0,30.0,14.0,23.0,206.0,893.0,70.8,21.7,3.4,1.6,2.6,--,--
Taren Point,353.0,165.0,19.0,11.0,18.0,436.0,566.0,62.4,29.2,3.4,1.9,3.2,--,--
Tarrawanna,342.0,162.0,28.0,17.0,40.0,489.0,589.0,58.1,27.5,4.8,2.9,6.8,--,--
Tascott,508.0,259.0,28.0,27.0,50.0,426.0,872.0,58.3,29.7,3.2,3.1,5.7,--,--
Tempe,1076.0,342.0,70.0,51.0,90.0,741.0,1629.0,66.1,21.0,4.3,3.1,5.5,--,--
Teralba,341.0,182.0,26.0,13.0,67.0,500.0,629.0,54.2,28.9,4.1,2.1,10.7,--,--
Terrey Hills,860.0,511.0,43.0,28.0,30.0,580.0,1472.0,58.4,34.7,2.9,1.9,2.0,--,--
Terrigal,2818.0,1580.0,182.0,92.0,216.0,2521.0,4888.0,57.7,32.3,3.7,1.9,4.4,--,--
The Entrance,443.0,245.0,29.0,30.0,151.0,1072.0,898.0,49.3,27.3,3.2,3.3,16.8,--,--
The Entrance North,248.0,137.0,12.0,23.0,48.0,341.0,468.0,53.0,29.3,2.6,4.9,10.3,--,--
The Hill,710.0,374.0,45.0,19.0,76.0,384.0,1224.0,58.0,30.6,3.7,1.6,6.2,--,--
The Junction,421.0,210.0,25.0,10.0,66.0,339.0,732.0,57.5,28.7,3.4,1.4,9.0,--,--
Thirroul,1575.0,897.0,120.0,68.0,147.0,1464.0,2807.0,56.1,32.0,4.3,2.4,5.2,--,--
Thornleigh,2451.0,1148.0,130.0,85.0,163.0,1836.0,3977.0,61.6,28.9,3.3,2.1,4.1,--,--
Tighes Hill,354.0,218.0,27.0,17.0,84.0,426.0,700.0,50.6,31.1,3.9,2.4,12.0,--,--
Tingira Heights,827.0,439.0,54.0,51.0,84.0,799.0,1455.0,56.8,30.2,3.7,3.5,5.8,--,--
Toongabbie,4188.0,1524.0,171.0,184.0,335.0,3075.0,6402.0,65.4,23.8,2.7,2.9,5.2,--,--
Toowoon Bay,97.0,61.0,9.0,8.0,10.0,209.0,185.0,52.4,33.0,4.9,4.3,5.4,--,--
Toronto,967.0,561.0,62.0,48.0,194.0,2133.0,1832.0,52.8,30.6,3.4,2.6,10.6,--,--
Toukley,770.0,425.0,52.0,46.0,139.0,1906.0,1432.0,53.8,29.7,3.6,3.2,9.7,--,--
Towradgi,724.0,364.0,35.0,38.0,97.0,1136.0,1258.0,57.6,28.9,2.8,3.0,7.7,--,--
Tregear,619.0,270.0,31.0,52.0,195.0,1273.0,1167.0,53.0,23.1,2.7,4.5,16.7,--,--
Tuggerah,266.0,103.0,16.0,5.0,33.0,253.0,423.0,62.9,24.3,3.8,1.2,7.8,--,--
Tuggerawong,288.0,142.0,19.0,17.0,50.0,332.0,516.0,55.8,27.5,3.7,3.3,9.7,--,--
Tumbi Umbi,1029.0,606.0,70.0,44.0,118.0,1356.0,1867.0,55.1,32.5,3.7,2.4,6.3,--,--
Turramurra,2927.0,1678.0,146.0,120.0,153.0,3037.0,5024.0,58.3,33.4,2.9,2.4,3.0,--,--
Turrella,257.0,114.0,14.0,20.0,28.0,300.0,433.0,59.4,26.3,3.2,4.6,6.5,--,--
Ultimo,1472.0,630.0,71.0,48.0,228.0,1156.0,2449.0,60.1,25.7,2.9,2.0,9.3,--,--
Umina Beach,3365.0,1790.0,224.0,176.0,527.0,4869.0,6082.0,55.3,29.4,3.7,2.9,8.7,--,--
Unanderra,1229.0,614.0,77.0,54.0,210.0,2159.0,2184.0,56.3,28.1,3.5,2.5,9.6,--,--
Valentine,1669.0,899.0,100.0,65.0,135.0,1469.0,2868.0,58.2,31.3,3.5,2.3,4.7,--,--
Valley Heights,427.0,260.0,20.0,20.0,26.0,309.0,753.0,56.7,34.5,2.7,2.7,3.5,--,--
Vaucluse,2413.0,1188.0,123.0,132.0,125.0,2156.0,3981.0,60.6,29.8,3.1,3.3,3.1,--,--
Villawood,776.0,337.0,40.0,56.0,238.0,2310.0,1447.0,53.6,23.3,2.8,3.9,16.4,--,--
Voyager Point,496.0,152.0,32.0,22.0,25.0,180.0,727.0,68.2,20.9,4.4,3.0,3.4,--,--
Wahroonga,4016.0,2232.0,197.0,159.0,231.0,3893.0,6835.0,58.8,32.7,2.9,2.3,3.4,--,--
Waitara,1856.0,533.0,81.0,35.0,122.0,1410.0,2627.0,70.7,20.3,3.1,1.3,4.6,--,--
Wakeley,1348.0,500.0,65.0,106.0,187.0,1427.0,2206.0,61.1,22.7,2.9,4.8,8.5,--,--
Wallsend,2852.0,1531.0,183.0,118.0,386.0,4120.0,5070.0,56.3,30.2,3.6,2.3,7.6,--,--
Wamberal,1565.0,936.0,135.0,62.0,147.0,1356.0,2845.0,55.0,32.9,4.7,2.2,5.2,--,--
Warabrook,570.0,274.0,43.0,18.0,71.0,669.0,976.0,58.4,28.1,4.4,1.8,7.3,--,--
Waratah,925.0,533.0,68.0,34.0,174.0,1608.0,1734.0,53.3,30.7,3.9,2.0,10.0,--,--
Waratah West,597.0,352.0,55.0,41.0,110.0,955.0,1155.0,51.7,30.5,4.8,3.5,9.5,--,--
Wareemba,497.0,170.0,21.0,15.0,25.0,415.0,728.0,68.3,23.4,2.9,2.1,3.4,--,--
Warilla,961.0,601.0,84.0,59.0,249.0,2256.0,1954.0,49.2,30.8,4.3,3.0,12.7,--,--
Warners Bay,1750.0,1039.0,121.0,106.0,186.0,2227.0,3202.0,54.7,32.4,3.8,3.3,5.8,--,--
Warrawee,740.0,420.0,39.0,36.0,30.0,721.0,1265.0,58.5,33.2,3.1,2.8,2.4,--,--
Warrawong,774.0,382.0,51.0,58.0,297.0,2288.0,1562.0,49.6,24.5,3.3,3.7,19.0,--,--
Warriewood,1712.0,833.0,99.0,53.0,71.0,969.0,2768.0,61.8,30.1,3.6,1.9,2.6,--,--
Warrimoo,789.0,358.0,44.0,19.0,41.0,474.0,1251.0,63.1,28.6,3.5,1.5,3.3,--,--
Warwick Farm,855.0,284.0,32.0,52.0,215.0,1318.0,1438.0,59.5,19.7,2.2,3.6,15.0,--,--
Watanobbi,774.0,406.0,62.0,60.0,186.0,964.0,1488.0,52.0,27.3,4.2,4.0,12.5,--,--
Waterloo,2328.0,662.0,97.0,84.0,306.0,2894.0,3477.0,67.0,19.0,2.8,2.4,8.8,--,--
Watsons Bay,266.0,92.0,21.0,0.0,5.0,166.0,384.0,69.3,24.0,5.5,0.0,1.3,--,--
Wattle Grove,2473.0,834.0,125.0,71.0,144.0,1055.0,3647.0,67.8,22.9,3.4,1.9,3.9,--,--
Waverley,1298.0,520.0,82.0,40.0,63.0,1122.0,2003.0,64.8,26.0,4.1,2.0,3.1,--,--
Waverton,1374.0,390.0,57.0,29.0,54.0,606.0,1904.0,72.2,20.5,3.0,1.5,2.8,--,--
Wentworthville,3503.0,973.0,154.0,140.0,355.0,2684.0,5125.0,68.4,19.0,3.0,2.7,6.9,--,--
Werrington,1118.0,400.0,56.0,53.0,151.0,824.0,1778.0,62.9,22.5,3.1,3.0,8.5,--,--
Werrington County,1412.0,555.0,71.0,61.0,103.0,728.0,2202.0,64.1,25.2,3.2,2.8,4.7,--,--
Werrington Downs,1297.0,489.0,44.0,60.0,73.0,535.0,1963.0,66.1,24.9,2.2,3.1,3.7,--,--
West Gosford,416.0,187.0,20.0,17.0,41.0,588.0,681.0,61.1,27.5,2.9,2.5,6.0,--,--
West Hoxton,2559.0,858.0,116.0,152.0,168.0,1315.0,3853.0,66.4,22.3,3.0,3.9,4.4,--,--
West Pennant Hills,5626.0,2705.0,238.0,201.0,279.0,3896.0,9049.0,62.2,29.9,2.6,2.2,3.1,--,--
West Pymble,1328.0,759.0,73.0,58.0,61.0,1152.0,2279.0,58.3,33.3,3.2,2.5,2.7,--,--
West Ryde,3776.0,1404.0,174.0,143.0,291.0,2878.0,5788.0,65.2,24.3,3.0,2.5,5.0,--,--
West Wallsend,403.0,211.0,38.0,25.0,56.0,489.0,733.0,55.0,28.8,5.2,3.4,7.6,--,--
West Wollongong,1064.0,546.0,86.0,51.0,136.0,1316.0,1883.0,56.5,29.0,4.6,2.7,7.2,--,--
Westleigh,1534.0,807.0,80.0,42.0,73.0,1000.0,2536.0,60.5,31.8,3.2,1.7,2.9,--,--
Westmead,2885.0,935.0,125.0,119.0,366.0,2657.0,4430.0,65.1,21.1,2.8,2.7,8.3,--,--
Wetherill Park,1957.0,729.0,85.0,127.0,203.0,1740.0,3101.0,63.1,23.5,2.7,4.1,6.5,--,--
Whalan,974.0,379.0,56.0,93.0,281.0,1940.0,1783.0,54.6,21.3,3.1,5.2,15.8,--,--
Whitebridge,690.0,434.0,47.0,32.0,60.0,636.0,1263.0,54.6,34.4,3.7,2.5,4.8,--,--
Wickham,287.0,140.0,22.0,4.0,45.0,204.0,498.0,57.6,28.1,4.4,0.8,9.0,--,--
Wiley Park,1826.0,823.0,91.0,174.0,455.0,2650.0,3369.0,54.2,24.4,2.7,5.2,13.5,--,--
Willmot,397.0,148.0,20.0,40.0,112.0,751.0,717.0,55.4,20.6,2.8,5.6,15.6,--,--
Willoughby,1932.0,670.0,84.0,66.0,85.0,1250.0,2837.0,68.1,23.6,3.0,2.3,3.0,--,--
Willoughby East,517.0,268.0,25.0,15.0,18.0,351.0,843.0,61.3,31.8,3.0,1.8,2.1,--,--
Windale,274.0,243.0,13.0,28.0,188.0,1221.0,746.0,36.7,32.6,1.7,3.8,25.2,--,--
Windang,448.0,281.0,27.0,21.0,73.0,1032.0,850.0,52.7,33.1,3.2,2.5,8.6,--,--
Winmalee,2015.0,1029.0,114.0,79.0,122.0,1392.0,3359.0,60.0,30.6,3.4,2.4,3.6,--,--
Winston Hills,3036.0,1205.0,191.0,106.0,176.0,2118.0,4714.0,64.4,25.6,4.1,2.2,3.7,--,--
Wollongong,4073.0,2017.0,216.0,120.0,684.0,4432.0,7110.0,57.3,28.4,3.0,1.7,9.6,--,--
Wollstonecraft,3761.0,924.0,170.0,58.0,149.0,1407.0,5062.0,74.3,18.3,3.4,1.1,2.9,--,--
Wombarra,234.0,144.0,16.0,14.0,26.0,189.0,434.0,53.9,33.2,3.7,3.2,6.0,--,--
Woodbine,951.0,368.0,41.0,36.0,85.0,532.0,1481.0,64.2,24.8,2.8,2.4,5.7,--,--
Woodcroft,2108.0,588.0,75.0,103.0,139.0,1008.0,3013.0,70.0,19.5,2.5,3.4,4.6,--,--
Woodpark,407.0,140.0,17.0,23.0,32.0,351.0,619.0,65.8,22.6,2.7,3.7,5.2,--,--
Woodrising,448.0,241.0,32.0,13.0,54.0,331.0,788.0,56.9,30.6,4.1,1.6,6.9,--,--
Woollahra,2390.0,912.0,126.0,75.0,79.0,1727.0,3582.0,66.7,25.5,3.5,2.1,2.2,--,--
Woolloomooloo,1258.0,300.0,52.0,32.0,109.0,708.0,1751.0,71.8,17.1,3.0,1.8,6.2,--,--
Woolooware,2188.0,1191.0,146.0,81.0,100.0,1650.0,3706.0,59.0,32.1,3.9,2.2,2.7,--,--
Woolwich,234.0,122.0,15.0,8.0,9.0,201.0,388.0,60.3,31.4,3.9,2.1,2.3,--,--
Woonona,2966.0,1392.0,203.0,127.0,279.0,3232.0,4967.0,59.7,28.0,4.1,2.6,5.6,--,--
Woronora,747.0,380.0,44.0,31.0,27.0,407.0,1229.0,60.8,30.9,3.6,2.5,2.2,--,--
Woronora Heights,1140.0,602.0,33.0,37.0,45.0,403.0,1857.0,61.4,32.4,1.8,2.0,2.4,--,--
Woy Woy,2038.0,1056.0,150.0,90.0,364.0,3729.0,3698.0,55.1,28.6,4.1,2.4,9.8,--,--
Woy Woy Bay,210.0,95.0,18.0,6.0,9.0,145.0,338.0,62.1,28.1,5.3,1.8,2.7,--,--
Wyoming,2405.0,1174.0,147.0,88.0,303.0,2468.0,4117.0,58.4,28.5,3.6,2.1,7.4,--,--
Wyong,661.0,363.0,25.0,31.0,145.0,1198.0,1225.0,54.0,29.6,2.0,2.5,11.8,--,--
Wyongah,445.0,258.0,26.0,16.0,48.0,499.0,793.0,56.1,32.5,3.3,2.0,6.1,--,--
Yagoona,3494.0,1383.0,157.0,253.0,535.0,4849.0,5822.0,60.0,23.8,2.7,4.3,9.2,--,--
Yarrawarrah,566.0,314.0,41.0,30.0,27.0,216.0,978.0,57.9,32.1,4.2,3.1,2.8,--,--
Yattalunga,131.0,89.0,10.0,8.0,19.0,99.0,257.0,51.0,34.6,3.9,3.1,7.4,--,--
Yennora,212.0,72.0,8.0,23.0,45.0,615.0,360.0,58.9,20.0,2.2,6.4,12.5,--,--
Yowie Bay,1096.0,664.0,60.0,59.0,48.0,944.0,1927.0,56.9,34.5,3.1,3.1,2.5,--,--
Zetland,1235.0,276.0,63.0,34.0,72.0,385.0,1680.0,73.5,16.4,3.8,2.0,4.3,--,--
