,Owned outright,Owned with a mortgage (includes being purchased under rent/buy scheme),Rented (includes rent-free),Other tenure type,Tenure type not stated,Owned outright (%),Owned with a mortgage (includes being purchased under rent/buy scheme) (%),Rented (includes rent-free) (%),Other tenure type (%),Tenure type not stated (%)
Abbotsbury,462.0,579.0,81.0,0.0,25.0,40.2,50.4,7.1,0.0,2.2
Australia,2478264.0,2448205.0,2063947.0,65715.0,540050.0,32.6,32.2,27.2,0.9,7.1
Abbotsford,698.0,490.0,758.0,9.0,225.0,32.0,22.5,34.8,0.4,10.3
Acacia Gardens,131.0,638.0,140.0,4.0,22.0,14.0,68.2,15.0,0.4,2.4
Adamstown,685.0,612.0,810.0,18.0,164.0,29.9,26.7,35.4,0.8,7.2
Adamstown Heights,1009.0,632.0,237.0,7.0,82.0,51.3,32.1,12.0,0.4,4.2
Airds,25.0,25.0,1031.0,19.0,105.0,2.1,2.1,85.7,1.6,8.7
Albion Park,990.0,1937.0,582.0,16.0,131.0,27.1,53.0,15.9,0.4,3.6
Albion Park Rail,771.0,912.0,635.0,26.0,132.0,31.2,36.8,25.7,1.1,5.3
Alexandria,329.0,914.0,1226.0,7.0,424.0,11.3,31.5,42.3,0.2,14.6
Alfords Point,415.0,453.0,40.0,0.0,19.0,44.9,49.0,4.3,0.0,2.1
Allambie Heights,916.0,809.0,401.0,32.0,108.0,40.5,35.8,17.7,1.4,4.8
Allawah,495.0,581.0,790.0,3.0,182.0,24.1,28.3,38.5,0.1,8.9
Ambarvale,393.0,885.0,943.0,6.0,153.0,16.5,37.2,39.6,0.3,6.4
Annandale,752.0,1082.0,1469.0,8.0,353.0,20.5,29.5,40.1,0.2,9.6
Argenton,207.0,149.0,164.0,5.0,21.0,38.1,27.4,30.1,0.9,3.9
Arncliffe,1020.0,735.0,902.0,20.0,243.0,34.9,25.2,30.9,0.7,8.3
Artarmon,855.0,871.0,1571.0,35.0,307.0,23.5,23.9,43.2,1.0,8.4
Ashbury,527.0,331.0,148.0,7.0,82.0,48.1,30.2,13.5,0.6,7.5
Ashcroft,233.0,258.0,472.0,3.0,111.0,21.6,24.0,43.8,0.3,10.3
Ashfield,2034.0,1810.0,3853.0,101.0,870.0,23.5,20.9,44.5,1.2,10.0
Asquith,471.0,402.0,200.0,3.0,35.0,42.4,36.2,18.0,0.3,3.2
Auburn,2258.0,2176.0,3717.0,43.0,1033.0,24.5,23.6,40.3,0.5,11.2
Austinmer,309.0,294.0,150.0,6.0,31.0,39.2,37.3,19.0,0.8,3.9
Avoca Beach,531.0,614.0,282.0,7.0,79.0,35.1,40.6,18.6,0.5,5.2
Balgowlah,902.0,754.0,805.0,15.0,194.0,33.8,28.3,30.2,0.6,7.3
Balgowlah Heights,547.0,339.0,98.0,4.0,61.0,52.1,32.3,9.3,0.4,5.8
Balgownie,962.0,601.0,367.0,7.0,96.0,47.3,29.6,18.1,0.3,4.7
Balmain,982.0,1238.0,1858.0,16.0,363.0,22.0,27.7,41.6,0.4,8.1
Balmain East,242.0,159.0,352.0,0.0,67.0,29.5,19.4,43.0,0.0,8.2
Bangor,710.0,730.0,136.0,11.0,42.0,43.6,44.8,8.3,0.7,2.6
Banksia,461.0,280.0,211.0,3.0,49.0,46.0,27.9,21.0,0.3,4.9
Bankstown,2057.0,2230.0,3675.0,87.0,1038.0,22.6,24.5,40.5,1.0,11.4
Bar Beach,120.0,110.0,361.0,3.0,42.0,18.9,17.3,56.9,0.5,6.6
Barden Ridge,344.0,675.0,85.0,5.0,27.0,30.3,59.5,7.5,0.4,2.4
Bardwell Park,381.0,270.0,153.0,6.0,39.0,45.0,31.9,18.1,0.7,4.6
Bardwell Valley,314.0,233.0,107.0,6.0,32.0,45.5,33.8,15.5,0.9,4.6
Barnsley,176.0,309.0,90.0,0.0,23.0,29.5,51.8,15.1,0.0,3.9
Barrack Heights,866.0,597.0,678.0,13.0,111.0,38.3,26.4,30.0,0.6,4.9
Barrack Point,125.0,56.0,42.0,3.0,23.0,50.2,22.5,16.9,1.2,9.2
Bass Hill,862.0,685.0,682.0,10.0,219.0,35.1,27.9,27.8,0.4,8.9
Bateau Bay,1702.0,1356.0,1052.0,128.0,261.0,37.8,30.1,23.4,2.8,5.8
Baulkham Hills,4491.0,4919.0,2027.0,55.0,404.0,37.7,41.3,17.0,0.5,3.4
Bayview,579.0,306.0,93.0,100.0,112.0,48.6,25.7,7.8,8.4,9.4
Beacon Hill,831.0,842.0,252.0,6.0,70.0,41.6,42.1,12.6,0.3,3.5
Beaconsfield,41.0,101.0,76.0,3.0,69.0,14.4,35.4,26.7,1.1,24.2
Beecroft,1404.0,973.0,307.0,22.0,78.0,50.4,34.9,11.0,0.8,2.8
Belfield,771.0,587.0,521.0,10.0,117.0,38.4,29.3,26.0,0.5,5.8
Bella Vista,516.0,1028.0,213.0,3.0,47.0,28.5,56.8,11.8,0.2,2.6
Bellambi,369.0,319.0,896.0,4.0,83.0,22.1,19.1,53.6,0.2,5.0
Bellevue Hill,1308.0,879.0,1181.0,14.0,502.0,33.7,22.6,30.4,0.4,12.9
Belmont,1089.0,679.0,759.0,39.0,157.0,40.0,24.9,27.9,1.4,5.8
Belmont North,765.0,752.0,398.0,33.0,90.0,37.5,36.9,19.5,1.6,4.4
Belmont South,168.0,93.0,195.0,0.0,22.0,35.1,19.5,40.8,0.0,4.6
Belmore,1379.0,969.0,1509.0,24.0,545.0,31.2,21.9,34.1,0.5,12.3
Belrose,1360.0,1069.0,235.0,45.0,104.0,48.4,38.0,8.4,1.6,3.7
Bensville,256.0,507.0,69.0,3.0,39.0,29.4,58.2,7.9,0.3,4.5
Berala,911.0,663.0,848.0,15.0,234.0,34.1,24.9,31.8,0.6,8.8
Berkeley,867.0,695.0,924.0,24.0,253.0,31.4,25.2,33.5,0.9,9.2
Berkeley Vale,959.0,1227.0,544.0,20.0,123.0,33.4,42.7,18.9,0.7,4.3
Berowra,472.0,687.0,164.0,3.0,39.0,34.5,50.3,12.0,0.2,2.9
Berowra Heights,635.0,853.0,123.0,0.0,74.0,37.7,50.6,7.3,0.0,4.4
Beverley Park,364.0,205.0,102.0,4.0,48.0,50.6,28.5,14.2,0.6,6.7
Beverly Hills,1298.0,810.0,647.0,13.0,157.0,44.4,27.7,22.1,0.4,5.4
Bexley,2331.0,1925.0,1442.0,26.0,456.0,37.7,31.2,23.3,0.4,7.4
Bexley North,587.0,300.0,354.0,17.0,80.0,43.8,22.4,26.4,1.3,6.0
Bidwill,120.0,170.0,944.0,8.0,135.0,8.7,12.3,68.5,0.6,9.8
Birchgrove,445.0,435.0,513.0,5.0,174.0,28.3,27.6,32.6,0.3,11.1
Birmingham Gardens,254.0,186.0,256.0,4.0,43.0,34.2,25.1,34.5,0.5,5.8
Birrong,327.0,171.0,117.0,0.0,64.0,48.0,25.1,17.2,0.0,9.4
Blackalls Park,442.0,342.0,229.0,4.0,42.0,41.8,32.3,21.6,0.4,4.0
Blackbutt,350.0,359.0,305.0,9.0,81.0,31.6,32.5,27.6,0.8,7.3
Blackett,221.0,269.0,486.0,0.0,83.0,20.8,25.3,45.8,0.0,7.8
Blacksmiths,200.0,124.0,100.0,3.0,31.0,44.0,27.3,22.0,0.7,6.8
Blacktown,3980.0,4313.0,4469.0,87.0,1002.0,28.7,31.1,32.3,0.6,7.2
Blackwall,299.0,210.0,199.0,0.0,75.0,38.0,26.7,25.3,0.0,9.5
Blairmount,21.0,46.0,50.0,3.0,8.0,16.5,36.2,39.4,2.4,6.3
Blakehurst,839.0,531.0,260.0,21.0,102.0,48.0,30.4,14.9,1.2,5.8
Blaxland,951.0,988.0,461.0,8.0,73.0,38.3,39.8,18.6,0.3,2.9
Blue Bay,153.0,55.0,184.0,0.0,44.0,35.2,12.6,42.3,0.0,10.1
Blue Haven,474.0,915.0,545.0,0.0,78.0,23.6,45.5,27.1,0.0,3.9
Bolton Point,183.0,128.0,399.0,16.0,46.0,23.7,16.6,51.7,2.1,6.0
Bondi,910.0,716.0,1929.0,22.0,879.0,20.4,16.1,43.3,0.5,19.7
Bondi Beach,766.0,731.0,2297.0,9.0,1460.0,14.6,13.9,43.7,0.2,27.8
Bondi Junction,963.0,546.0,1533.0,20.0,773.0,25.1,14.2,40.0,0.5,20.2
Bonnet Bay,374.0,299.0,35.0,0.0,15.0,52.1,41.6,4.9,0.0,2.1
Bonnyrigg,510.0,671.0,1072.0,12.0,186.0,20.8,27.4,43.7,0.5,7.6
Bonnyrigg Heights,570.0,934.0,280.0,6.0,78.0,30.5,50.0,15.0,0.3,4.2
Booker Bay,276.0,76.0,235.0,5.0,60.0,42.2,11.6,35.9,0.8,9.2
Boolaroo,159.0,119.0,93.0,9.0,18.0,40.4,30.2,23.6,2.3,4.6
Booragul,157.0,135.0,170.0,18.0,28.0,30.7,26.4,33.3,3.5,5.5
Bossley Park,1533.0,1520.0,809.0,21.0,231.0,37.3,36.9,19.7,0.5,5.6
Botany,751.0,1000.0,760.0,18.0,218.0,27.3,36.4,27.7,0.7,7.9
Bow Bowing,105.0,293.0,75.0,3.0,22.0,21.1,59.0,15.1,0.6,4.4
Bradbury,966.0,1238.0,838.0,43.0,207.0,29.3,37.6,25.4,1.3,6.3
Broadmeadow,219.0,202.0,294.0,4.0,43.0,28.7,26.4,38.5,0.5,5.6
Bronte,806.0,587.0,862.0,7.0,329.0,31.1,22.7,33.3,0.3,12.7
Brookvale,338.0,406.0,424.0,5.0,86.0,26.8,32.2,33.6,0.4,6.8
Budgewoi,532.0,302.0,364.0,6.0,83.0,41.3,23.4,28.2,0.5,6.4
Buff Point,524.0,447.0,304.0,3.0,61.0,39.2,33.5,22.8,0.2,4.6
Bulli,662.0,683.0,512.0,15.0,145.0,32.9,33.9,25.4,0.7,7.2
Burwood,1303.0,748.0,1832.0,19.0,468.0,29.8,17.1,41.9,0.4,10.7
Burwood Heights,128.0,70.0,51.0,0.0,21.0,47.4,25.9,18.9,0.0,7.8
Busby,314.0,334.0,533.0,6.0,93.0,24.6,26.1,41.7,0.5,7.3
Cabarita,321.0,248.0,130.0,4.0,79.0,40.9,31.6,16.6,0.5,10.1
Cabramatta,1642.0,1641.0,2545.0,28.0,781.0,24.7,24.7,38.4,0.4,11.8
Cabramatta West,670.0,530.0,581.0,11.0,154.0,34.4,27.2,29.9,0.6,7.9
Cambridge Gardens,205.0,350.0,112.0,0.0,22.0,29.8,50.9,16.3,0.0,3.2
Cambridge Park,701.0,850.0,523.0,7.0,87.0,32.3,39.2,24.1,0.3,4.0
Camden,410.0,362.0,393.0,22.0,73.0,32.6,28.8,31.2,1.7,5.8
Camden South,606.0,687.0,186.0,7.0,69.0,39.0,44.2,12.0,0.5,4.4
Cammeray,763.0,833.0,1380.0,15.0,208.0,23.9,26.0,43.2,0.5,6.5
Campbelltown,855.0,907.0,1202.0,14.0,235.0,26.6,28.2,37.4,0.4,7.3
Camperdown,278.0,667.0,1504.0,0.0,481.0,9.5,22.8,51.4,0.0,16.4
Campsie,1724.0,1615.0,3334.0,33.0,758.0,23.1,21.6,44.7,0.4,10.2
Canada Bay,158.0,144.0,139.0,0.0,42.0,32.8,29.9,28.9,0.0,8.7
Canley Heights,952.0,950.0,853.0,14.0,185.0,32.2,32.1,28.9,0.5,6.3
Canley Vale,871.0,800.0,969.0,13.0,289.0,29.6,27.2,32.9,0.4,9.8
Canterbury,631.0,550.0,652.0,13.0,155.0,31.6,27.5,32.6,0.7,7.8
Canton Beach,313.0,44.0,113.0,30.0,34.0,58.9,8.3,21.3,5.6,6.4
Cardiff,844.0,835.0,489.0,15.0,101.0,37.0,36.6,21.4,0.7,4.4
Cardiff Heights,404.0,374.0,106.0,19.0,45.0,42.6,39.5,11.2,2.0,4.7
Cardiff South,395.0,435.0,206.0,3.0,63.0,35.9,39.5,18.7,0.3,5.7
Caringbah,3306.0,2588.0,1964.0,37.0,507.0,39.4,30.8,23.4,0.4,6.0
Carlingford,2937.0,2287.0,1484.0,22.0,313.0,41.7,32.5,21.1,0.3,4.4
Carlton,1135.0,969.0,1019.0,20.0,411.0,31.9,27.3,28.7,0.6,11.6
Carramar,271.0,292.0,519.0,5.0,121.0,22.4,24.2,42.9,0.4,10.0
Carrington (Newcastle),185.0,171.0,377.0,5.0,85.0,22.5,20.8,45.8,0.6,10.3
Carss Park,193.0,134.0,96.0,0.0,27.0,43.3,30.0,21.5,0.0,6.1
Cartwright,143.0,188.0,383.0,8.0,114.0,17.1,22.5,45.9,1.0,13.7
Castle Cove,454.0,222.0,87.0,0.0,44.0,56.4,27.6,10.8,0.0,5.5
Castle Hill,4130.0,4791.0,1980.0,369.0,460.0,35.2,40.8,16.9,3.1,3.9
Castlecrag,468.0,330.0,117.0,5.0,28.0,49.4,34.8,12.4,0.5,3.0
Casula,1176.0,1724.0,1096.0,49.0,281.0,27.2,39.9,25.3,1.1,6.5
Caves Beach,661.0,469.0,260.0,16.0,57.0,45.1,32.0,17.7,1.1,3.9
Cecil Hills,395.0,1128.0,177.0,0.0,108.0,21.8,62.4,9.8,0.0,6.0
Centennial Park,217.0,189.0,546.0,0.0,228.0,18.3,16.0,46.1,0.0,19.3
Charlestown,1947.0,1442.0,1045.0,19.0,252.0,41.4,30.6,22.2,0.4,5.4
Charmhaven,278.0,313.0,209.0,4.0,26.0,33.6,37.8,25.2,0.5,3.1
Chatswood,1506.0,976.0,2393.0,39.0,655.0,27.0,17.5,43.0,0.7,11.8
Chatswood West,1052.0,901.0,852.0,13.0,199.0,34.9,29.9,28.2,0.4,6.6
Cheltenham,335.0,269.0,54.0,0.0,14.0,49.7,39.9,8.0,0.0,2.1
Cherrybrook,2177.0,2589.0,712.0,50.0,157.0,38.3,45.5,12.5,0.9,2.8
Chester Hill,1214.0,957.0,1106.0,27.0,284.0,33.8,26.7,30.8,0.8,7.9
Chifley,403.0,308.0,303.0,3.0,113.0,35.7,27.3,26.9,0.3,10.0
Chippendale,90.0,257.0,864.0,3.0,778.0,4.5,12.9,43.3,0.2,39.0
Chipping Norton,1125.0,1081.0,439.0,8.0,186.0,39.6,38.1,15.5,0.3,6.6
Chiswick,235.0,179.0,562.0,0.0,164.0,20.6,15.7,49.3,0.0,14.4
Chittaway Bay,264.0,264.0,185.0,3.0,32.0,35.3,35.3,24.7,0.4,4.3
Chittaway Point,100.0,115.0,62.0,5.0,17.0,33.7,38.7,20.9,1.7,5.7
Church Point,187.0,150.0,39.0,0.0,28.0,46.5,37.3,9.7,0.0,7.0
Claremont Meadows,128.0,671.0,217.0,4.0,57.0,11.9,62.2,20.1,0.4,5.3
Claymore,14.0,10.0,837.0,11.0,101.0,1.4,1.0,86.2,1.1,10.4
Clontarf,315.0,145.0,47.0,4.0,12.0,60.0,27.6,9.0,0.8,2.3
Clovelly,544.0,488.0,679.0,4.0,133.0,29.5,26.4,36.8,0.2,7.2
Coal Point,313.0,209.0,76.0,8.0,19.0,49.8,33.2,12.1,1.3,3.0
Coledale,125.0,124.0,68.0,4.0,19.0,36.7,36.4,19.9,1.2,5.6
Collaroy,1809.0,1763.0,1302.0,40.0,302.0,34.7,33.8,25.0,0.8,5.8
Colyton,811.0,1094.0,572.0,13.0,209.0,30.0,40.5,21.2,0.5,7.7
Como,514.0,565.0,127.0,4.0,23.0,41.6,45.7,10.3,0.3,1.9
Concord,2042.0,1321.0,975.0,12.0,320.0,43.7,28.3,20.9,0.3,6.8
Concord West,855.0,573.0,379.0,13.0,120.0,44.1,29.6,19.5,0.7,6.2
Condell Park,1335.0,940.0,747.0,10.0,260.0,40.6,28.6,22.7,0.3,7.9
Coniston,263.0,175.0,275.0,6.0,57.0,34.0,22.6,35.5,0.8,7.4
Connells Point,529.0,294.0,107.0,0.0,45.0,54.1,30.1,11.0,0.0,4.6
Coogee,1409.0,1222.0,3012.0,19.0,673.0,22.2,19.3,47.6,0.3,10.6
Cooks Hill,270.0,298.0,743.0,10.0,129.0,18.6,20.5,51.1,0.7,8.9
Copacabana,272.0,396.0,204.0,0.0,66.0,29.0,42.2,21.7,0.0,7.0
Cordeaux Heights,573.0,713.0,108.0,4.0,76.0,38.9,48.4,7.3,0.3,5.2
Corrimal,1054.0,698.0,733.0,32.0,130.0,39.8,26.4,27.7,1.2,4.9
Cranebrook,681.0,2173.0,1123.0,11.0,229.0,16.1,51.5,26.6,0.3,5.4
Cremorne,1335.0,1140.0,2110.0,19.0,655.0,25.4,21.7,40.1,0.4,12.5
Cremorne Point,245.0,139.0,396.0,3.0,160.0,26.0,14.8,42.0,0.3,17.0
Cringila,395.0,160.0,139.0,4.0,49.0,52.9,21.4,18.6,0.5,6.6
Cromer,1073.0,1086.0,363.0,72.0,112.0,39.7,40.1,13.4,2.7,4.1
Cronulla,2227.0,1816.0,3103.0,28.0,1002.0,27.2,22.2,37.9,0.3,12.3
Croudace Bay,73.0,61.0,13.0,0.0,7.0,47.4,39.6,8.4,0.0,4.5
Crows Nest,313.0,416.0,722.0,8.0,154.0,19.4,25.8,44.8,0.5,9.6
Croydon,1262.0,901.0,940.0,18.0,282.0,37.1,26.5,27.6,0.5,8.3
Croydon Park,1315.0,1140.0,1184.0,19.0,312.0,33.1,28.7,29.8,0.5,7.9
Curl Curl,279.0,241.0,201.0,0.0,31.0,37.2,32.1,26.8,0.0,4.1
Currans Hill,147.0,976.0,448.0,4.0,60.0,9.0,59.8,27.4,0.2,3.7
Daceyville,52.0,28.0,443.0,9.0,52.0,8.9,4.8,76.1,1.5,8.9
Daleys Point,120.0,41.0,32.0,39.0,15.0,48.6,16.6,13.0,15.8,6.1
Dapto,1556.0,1393.0,857.0,24.0,156.0,39.0,34.9,21.5,0.6,3.9
Darling Point,819.0,273.0,598.0,17.0,303.0,40.7,13.6,29.7,0.8,15.1
Darlinghurst,541.0,821.0,2223.0,10.0,2065.0,9.6,14.5,39.3,0.2,36.5
Darlington (Sydney),113.0,153.0,404.0,0.0,223.0,12.7,17.2,45.3,0.0,25.0
Davidson,380.0,337.0,42.0,4.0,15.0,49.2,43.6,5.4,0.5,1.9
Davistown,386.0,279.0,174.0,78.0,50.0,40.0,28.9,18.0,8.1,5.2
Dawes Point,44.0,41.0,133.0,7.0,121.0,12.8,11.9,38.6,2.0,35.1
Dean Park,191.0,476.0,190.0,7.0,75.0,20.4,50.7,20.3,0.7,8.0
Dee Why,1694.0,2222.0,3301.0,43.0,853.0,20.9,27.4,40.7,0.5,10.5
Denistone,541.0,425.0,155.0,0.0,38.0,46.7,36.7,13.4,0.0,3.3
Denistone East,331.0,261.0,90.0,4.0,19.0,46.9,37.0,12.7,0.6,2.7
Denistone West,115.0,91.0,24.0,0.0,9.0,47.9,37.9,10.0,0.0,3.8
Dharruk,230.0,347.0,244.0,4.0,50.0,26.2,39.6,27.8,0.5,5.7
Dolans Bay,189.0,150.0,42.0,0.0,14.0,48.3,38.4,10.7,0.0,3.6
Dolls Point,297.0,188.0,296.0,8.0,78.0,34.3,21.7,34.1,0.9,9.0
Doonside,927.0,1395.0,1673.0,16.0,265.0,21.7,32.6,39.1,0.4,6.2
Double Bay,775.0,356.0,829.0,8.0,248.0,34.9,16.0,37.3,0.4,11.2
Dover Heights,605.0,375.0,235.0,37.0,191.0,41.9,26.0,16.3,2.6,13.2
Drummoyne,1456.0,1141.0,1522.0,44.0,421.0,31.8,24.9,33.2,1.0,9.2
Dudley,380.0,302.0,130.0,5.0,27.0,45.1,35.9,15.4,0.6,3.2
Dulwich Hill,1312.0,1402.0,2097.0,17.0,521.0,24.5,26.2,39.2,0.3,9.7
Dundas,963.0,1070.0,1431.0,9.0,259.0,25.8,28.7,38.3,0.2,6.9
Dundas Valley,741.0,720.0,599.0,81.0,189.0,31.8,30.9,25.7,3.5,8.1
Dural (Baulkham Hills and Hornsby),944.0,891.0,292.0,14.0,113.0,41.8,39.5,12.9,0.6,5.0
Eagle Vale,325.0,957.0,327.0,3.0,90.0,19.1,56.2,19.2,0.2,5.3
Earlwood,2724.0,1556.0,1065.0,27.0,472.0,46.6,26.6,18.2,0.5,8.1
East Gosford,566.0,336.0,646.0,22.0,149.0,32.9,19.5,37.6,1.3,8.7
East Hills,360.0,279.0,273.0,0.0,57.0,37.0,28.7,28.1,0.0,5.9
East Killara,484.0,283.0,103.0,0.0,41.0,53.1,31.1,11.3,0.0,4.5
East Lindfield,606.0,362.0,117.0,33.0,46.0,52.0,31.0,10.0,2.8,3.9
East Ryde,400.0,260.0,80.0,3.0,30.0,51.7,33.6,10.3,0.4,3.9
Eastern Creek,61.0,80.0,26.0,0.0,10.0,34.5,45.2,14.7,0.0,5.6
Eastlakes,647.0,493.0,1312.0,24.0,211.0,24.1,18.3,48.8,0.9,7.8
Eastwood,1903.0,1430.0,1489.0,15.0,378.0,36.5,27.4,28.6,0.3,7.2
Edensor Park,910.0,1114.0,487.0,6.0,105.0,34.7,42.5,18.6,0.2,4.0
Edgecliff,243.0,126.0,405.0,3.0,152.0,26.2,13.6,43.6,0.3,16.4
Edgeworth,728.0,845.0,477.0,80.0,133.0,32.2,37.4,21.1,3.5,5.9
Elanora Heights,528.0,513.0,132.0,5.0,41.0,43.3,42.1,10.8,0.4,3.4
Elderslie (Camden),345.0,386.0,222.0,5.0,37.0,34.6,38.8,22.3,0.5,3.7
Eleebana,867.0,799.0,186.0,17.0,49.0,45.2,41.6,9.7,0.9,2.6
Elermore Vale,634.0,610.0,347.0,0.0,77.0,38.0,36.5,20.8,0.0,4.6
Elizabeth Bay,525.0,452.0,1495.0,11.0,655.0,16.7,14.4,47.7,0.4,20.9
Emerton,110.0,211.0,345.0,5.0,74.0,14.7,28.2,46.2,0.7,9.9
Empire Bay,331.0,338.0,148.0,6.0,42.0,38.2,39.0,17.1,0.7,4.8
Emu Heights,297.0,574.0,165.0,0.0,18.0,28.2,54.5,15.7,0.0,1.7
Emu Plains,1056.0,1092.0,555.0,31.0,120.0,37.0,38.3,19.4,1.1,4.2
Enfield,332.0,267.0,296.0,8.0,46.0,35.1,28.2,31.3,0.8,4.9
Engadine,2438.0,2776.0,800.0,28.0,179.0,39.2,44.6,12.9,0.5,2.9
Enmore (Marrickville),296.0,386.0,677.0,3.0,209.0,18.8,24.6,43.1,0.2,13.3
Epping,2735.0,1833.0,1804.0,26.0,409.0,40.2,26.9,26.5,0.4,6.0
Erina,932.0,510.0,327.0,131.0,104.0,46.5,25.4,16.3,6.5,5.2
Ermington,1115.0,1062.0,1281.0,13.0,263.0,29.9,28.4,34.3,0.3,7.0
Erskine Park,389.0,1194.0,268.0,0.0,97.0,20.0,61.3,13.8,0.0,5.0
Erskineville,329.0,896.0,1725.0,11.0,240.0,10.3,28.0,53.9,0.3,7.5
Eschol Park,190.0,489.0,142.0,3.0,39.0,22.0,56.7,16.5,0.3,4.5
Ettalong Beach,797.0,220.0,800.0,13.0,170.0,39.9,11.0,40.1,0.7,8.5
Fairfield,1218.0,1050.0,2433.0,13.0,476.0,23.5,20.2,46.9,0.3,9.2
Fairfield East,393.0,400.0,478.0,6.0,94.0,28.7,29.2,34.9,0.4,6.9
Fairfield Heights,591.0,425.0,765.0,3.0,169.0,30.3,21.8,39.2,0.2,8.7
Fairfield West,1227.0,1107.0,618.0,13.0,197.0,38.8,35.0,19.5,0.4,6.2
Fairlight,790.0,651.0,854.0,12.0,193.0,31.6,26.1,34.2,0.5,7.7
Fairy Meadow,917.0,550.0,1022.0,18.0,202.0,33.9,20.3,37.7,0.7,7.5
Farmborough Heights,452.0,579.0,108.0,3.0,97.0,36.4,46.7,8.7,0.2,7.8
Faulconbridge,529.0,647.0,216.0,9.0,54.0,36.4,44.5,14.8,0.6,3.7
Fennell Bay,254.0,200.0,123.0,0.0,25.0,42.1,33.1,20.4,0.0,4.1
Figtree,1770.0,1262.0,507.0,35.0,136.0,47.7,34.0,13.7,0.9,3.7
Five Dock,1053.0,836.0,1087.0,17.0,246.0,32.5,25.8,33.5,0.5,7.6
Fletcher,90.0,440.0,55.0,4.0,9.0,15.1,73.8,9.2,0.7,1.5
Flinders,308.0,623.0,376.0,7.0,64.0,22.3,45.2,27.3,0.5,4.6
Floraville,187.0,226.0,94.0,3.0,9.0,36.0,43.5,18.1,0.6,1.7
Forest Lodge,163.0,271.0,516.0,5.0,164.0,14.5,24.2,46.0,0.4,14.6
Forestville,1231.0,915.0,506.0,65.0,111.0,43.5,32.4,17.9,2.3,3.9
Forresters Beach,274.0,350.0,135.0,0.0,48.0,34.0,43.4,16.7,0.0,5.9
Frenchs Forest,1729.0,1759.0,469.0,10.0,110.0,42.4,43.1,11.5,0.2,2.7
Garden Suburb,256.0,259.0,47.0,0.0,26.0,43.5,44.0,8.0,0.0,4.4
Gateshead,384.0,391.0,508.0,4.0,84.0,28.0,28.5,37.1,0.3,6.1
Georges Hall,1215.0,841.0,372.0,7.0,121.0,47.6,32.9,14.6,0.3,4.7
Georgetown,281.0,281.0,223.0,0.0,31.0,34.4,34.4,27.3,0.0,3.8
Girraween,514.0,447.0,436.0,6.0,83.0,34.6,30.1,29.4,0.4,5.6
Gladesville,1381.0,1310.0,1544.0,22.0,294.0,30.4,28.8,33.9,0.5,6.5
Glebe,784.0,717.0,2896.0,51.0,840.0,14.8,13.6,54.8,1.0,15.9
Glen Alpine,383.0,776.0,48.0,6.0,52.0,30.3,61.4,3.8,0.5,4.1
Glenbrook,712.0,698.0,294.0,11.0,54.0,40.2,39.5,16.6,0.6,3.1
Glendale,479.0,394.0,303.0,9.0,32.0,39.3,32.3,24.9,0.7,2.6
Glendenning,113.0,894.0,343.0,10.0,76.0,7.9,62.3,23.9,0.7,5.3
Glenfield,652.0,791.0,519.0,19.0,244.0,29.3,35.6,23.4,0.9,11.0
Glenhaven,699.0,838.0,139.0,9.0,37.0,40.5,48.6,8.1,0.5,2.1
Glenmore Park,960.0,3459.0,1327.0,11.0,189.0,16.2,58.2,22.3,0.2,3.2
Glenning Valley,189.0,328.0,100.0,0.0,19.0,29.6,51.3,15.6,0.0,3.0
Glenwood,572.0,2568.0,795.0,6.0,142.0,14.0,62.9,19.5,0.1,3.5
Gordon,1013.0,575.0,340.0,11.0,65.0,50.7,28.8,17.0,0.6,3.3
Gorokan,1226.0,768.0,936.0,13.0,177.0,39.3,24.6,30.0,0.4,5.7
Gosford,213.0,196.0,933.0,0.0,290.0,13.1,12.0,57.2,0.0,17.8
Granville,1880.0,1947.0,3154.0,38.0,682.0,24.4,25.3,41.0,0.5,8.9
Grays Point,396.0,416.0,54.0,7.0,27.0,44.0,46.3,6.0,0.8,3.0
Green Point (Gosford),1064.0,839.0,437.0,19.0,106.0,43.1,34.0,17.7,0.8,4.3
Green Valley,713.0,1572.0,683.0,14.0,316.0,21.6,47.7,20.7,0.4,9.6
Greenacre,2295.0,2101.0,1959.0,40.0,533.0,33.1,30.3,28.3,0.6,7.7
Greenfield Park,538.0,566.0,260.0,4.0,97.0,36.7,38.6,17.7,0.3,6.6
Greenwich,679.0,554.0,533.0,17.0,162.0,34.9,28.5,27.4,0.9,8.3
Greystanes,3048.0,2317.0,1057.0,21.0,302.0,45.2,34.3,15.7,0.3,4.5
Guildford,1134.0,918.0,1378.0,19.0,460.0,29.0,23.5,35.3,0.5,11.8
Guildford West,454.0,477.0,325.0,8.0,148.0,32.1,33.7,23.0,0.6,10.5
Gwynneville,295.0,205.0,478.0,10.0,66.0,27.9,19.4,45.2,0.9,6.2
Gymea,1014.0,839.0,843.0,13.0,124.0,35.8,29.6,29.7,0.5,4.4
Gymea Bay,1067.0,1065.0,175.0,10.0,80.0,44.6,44.5,7.3,0.4,3.3
Haberfield,1157.0,609.0,457.0,11.0,114.0,49.3,26.0,19.5,0.5,4.9
Halekulani,503.0,276.0,194.0,4.0,56.0,48.6,26.7,18.8,0.4,5.4
Hamilton,475.0,345.0,706.0,30.0,129.0,28.2,20.5,41.9,1.8,7.7
Hamilton East,167.0,118.0,68.0,0.0,42.0,42.4,29.9,17.3,0.0,10.7
Hamilton North,117.0,127.0,105.0,6.0,20.0,31.0,33.7,27.9,1.6,5.3
Hamilton South,494.0,344.0,770.0,6.0,195.0,27.3,19.0,42.5,0.3,10.8
Hammondville,261.0,452.0,203.0,0.0,32.0,27.5,47.6,21.4,0.0,3.4
Harrington Park,274.0,1176.0,250.0,3.0,91.0,15.3,65.5,13.9,0.2,5.1
Harris Park,360.0,506.0,1591.0,19.0,283.0,13.1,18.4,57.7,0.7,10.3
Hassall Grove,146.0,749.0,278.0,3.0,49.0,11.9,60.9,22.6,0.2,4.0
Haymarket,179.0,163.0,818.0,6.0,352.0,11.8,10.7,53.9,0.4,23.2
Heathcote,811.0,813.0,177.0,93.0,75.0,41.2,41.3,9.0,4.7,3.8
Hebersham,372.0,626.0,601.0,3.0,157.0,21.1,35.6,34.2,0.2,8.9
Heckenberg,182.0,241.0,400.0,8.0,65.0,20.3,26.9,44.6,0.9,7.3
Henley,73.0,45.0,37.0,0.0,6.0,44.8,27.6,22.7,0.0,3.7
Highfields,105.0,114.0,39.0,0.0,9.0,38.9,42.2,14.4,0.0,3.3
Hillsborough (Lake Macquarie),90.0,108.0,18.0,0.0,6.0,40.0,48.0,8.0,0.0,2.7
Hillsdale,341.0,408.0,943.0,5.0,130.0,18.7,22.4,51.7,0.3,7.1
Hinchinbrook,536.0,1660.0,542.0,16.0,165.0,18.4,56.9,18.6,0.5,5.7
Holmesville,193.0,259.0,64.0,0.0,19.0,36.1,48.5,12.0,0.0,3.6
Holsworthy,127.0,690.0,391.0,4.0,29.0,10.3,55.7,31.6,0.3,2.3
Homebush,477.0,585.0,1070.0,17.0,298.0,19.5,23.9,43.7,0.7,12.2
Homebush West,172.0,381.0,1011.0,5.0,192.0,9.8,21.6,57.4,0.3,10.9
Horningsea Park,100.0,658.0,158.0,4.0,85.0,9.9,65.4,15.7,0.4,8.4
Hornsby,1918.0,2155.0,3050.0,53.0,420.0,25.3,28.4,40.2,0.7,5.5
Hornsby Heights,722.0,980.0,192.0,4.0,54.0,36.9,50.2,9.8,0.2,2.8
Horsley,533.0,1273.0,231.0,3.0,78.0,25.2,60.1,10.9,0.1,3.7
Hoxton Park,169.0,597.0,204.0,0.0,67.0,16.3,57.5,19.7,0.0,6.5
Hunters Hill,1185.0,823.0,604.0,63.0,251.0,40.5,28.1,20.6,2.2,8.6
Huntleys Point,27.0,18.0,4.0,0.0,5.0,48.2,32.1,7.1,0.0,8.9
Hurlstone Park,708.0,502.0,510.0,7.0,108.0,38.6,27.4,27.8,0.4,5.9
Hurstville,2284.0,2244.0,3128.0,39.0,618.0,27.5,27.0,37.6,0.5,7.4
Hurstville Grove,394.0,246.0,92.0,5.0,21.0,52.0,32.5,12.2,0.7,2.8
Illawong,984.0,977.0,159.0,3.0,70.0,44.8,44.5,7.2,0.1,3.2
Ingleburn,1403.0,1836.0,1415.0,20.0,294.0,28.2,37.0,28.5,0.4,5.9
Ingleside,38.0,20.0,24.0,0.0,7.0,41.8,22.0,26.4,0.0,7.7
Islington,166.0,163.0,269.0,3.0,130.0,22.7,22.3,36.7,0.4,17.8
Jamisontown,523.0,699.0,567.0,0.0,89.0,27.8,37.2,30.2,0.0,4.7
Jannali,708.0,742.0,592.0,11.0,107.0,32.8,34.4,27.4,0.5,5.0
Jesmond,270.0,137.0,572.0,7.0,88.0,25.1,12.7,53.2,0.7,8.2
Jewells,391.0,394.0,62.0,11.0,39.0,43.6,43.9,6.9,1.2,4.3
Kahibah,428.0,373.0,192.0,3.0,44.0,41.2,35.9,18.5,0.3,4.2
Kanahooka,940.0,620.0,187.0,33.0,73.0,50.8,33.5,10.1,1.8,3.9
Kangaroo Point,112.0,60.0,15.0,0.0,7.0,57.7,30.9,7.7,0.0,3.6
Kanwal,556.0,459.0,291.0,5.0,81.0,39.9,33.0,20.9,0.4,5.8
Kareela,462.0,304.0,41.0,4.0,25.0,55.4,36.5,4.9,0.5,3.0
Kariong,418.0,1068.0,421.0,5.0,76.0,21.0,53.7,21.2,0.3,3.8
Kearns,207.0,498.0,114.0,0.0,31.0,24.3,58.5,13.4,0.0,3.6
Keiraville,511.0,268.0,335.0,28.0,61.0,42.4,22.3,27.8,2.3,5.1
Kellyville,1140.0,3318.0,710.0,8.0,213.0,21.2,61.6,13.2,0.1,4.0
Kembla Grange,17.0,18.0,14.0,3.0,0.0,32.1,34.0,26.4,5.7,0.0
Kensington,998.0,644.0,2029.0,13.0,370.0,24.6,15.9,50.0,0.3,9.1
Kilaben Bay,214.0,161.0,60.0,4.0,14.0,47.3,35.6,13.3,0.9,3.1
Killara,1525.0,913.0,445.0,66.0,110.0,49.8,29.8,14.5,2.2,3.6
Killarney Heights,687.0,473.0,156.0,0.0,31.0,51.0,35.1,11.6,0.0,2.3
Killarney Vale,930.0,824.0,689.0,59.0,148.0,35.1,31.1,26.0,2.2,5.6
Kincumber,956.0,836.0,536.0,280.0,180.0,34.3,30.0,19.2,10.0,6.5
Kincumber South,275.0,48.0,35.0,0.0,26.0,71.6,12.5,9.1,0.0,6.8
Kings Langley,1091.0,1495.0,334.0,16.0,98.0,36.0,49.3,11.0,0.5,3.2
Kings Park,316.0,603.0,212.0,3.0,37.0,27.0,51.5,18.1,0.3,3.2
Kingsford,1704.0,1027.0,2242.0,24.0,576.0,30.6,18.4,40.2,0.4,10.3
Kingsgrove,1907.0,894.0,780.0,24.0,219.0,49.8,23.4,20.4,0.6,5.7
Kingswood (Penrith),730.0,911.0,1475.0,11.0,214.0,21.8,27.3,44.1,0.3,6.4
Kirrawee,1304.0,1220.0,763.0,34.0,154.0,37.5,35.1,21.9,1.0,4.4
Kirribilli,395.0,189.0,1137.0,9.0,260.0,19.9,9.5,57.2,0.5,13.1
Kogarah,1224.0,1141.0,1805.0,12.0,441.0,26.5,24.7,39.1,0.3,9.5
Kogarah Bay,327.0,187.0,72.0,4.0,55.0,50.9,29.1,11.2,0.6,8.6
Koolewong,124.0,110.0,54.0,3.0,62.0,35.0,31.1,15.3,0.8,17.5
Koonawarra,316.0,392.0,504.0,5.0,54.0,24.9,30.9,39.7,0.4,4.3
Kotara,718.0,527.0,239.0,10.0,55.0,46.4,34.0,15.4,0.6,3.6
Kotara South,197.0,157.0,92.0,0.0,10.0,43.4,34.6,20.3,0.0,2.2
Kurnell,230.0,333.0,105.0,3.0,55.0,31.7,45.9,14.5,0.4,7.6
Kyeemagh,154.0,81.0,34.0,3.0,15.0,52.9,27.8,11.7,1.0,5.2
Kyle Bay,220.0,132.0,45.0,0.0,17.0,53.1,31.9,10.9,0.0,4.1
La Perouse,39.0,17.0,52.0,0.0,16.0,30.5,13.3,40.6,0.0,12.5
Lake Haven,598.0,357.0,387.0,61.0,74.0,40.5,24.2,26.2,4.1,5.0
Lake Heights,589.0,254.0,241.0,6.0,74.0,50.7,21.9,20.7,0.5,6.4
Lake Illawarra,409.0,273.0,590.0,9.0,102.0,29.5,19.7,42.6,0.6,7.4
Lakelands,199.0,224.0,54.0,0.0,18.0,40.3,45.3,10.9,0.0,3.6
Lakemba,1092.0,1131.0,2336.0,13.0,524.0,21.4,22.2,45.8,0.3,10.3
Lalor Park,780.0,889.0,990.0,19.0,204.0,27.1,30.8,34.4,0.7,7.1
Lambton,604.0,567.0,654.0,9.0,97.0,31.3,29.4,33.9,0.5,5.0
Lane Cove,1288.0,1088.0,1261.0,46.0,230.0,32.9,27.8,32.2,1.2,5.9
Lane Cove North,956.0,1162.0,1453.0,51.0,342.0,24.1,29.3,36.6,1.3,8.6
Lane Cove West,273.0,319.0,188.0,7.0,26.0,33.7,39.3,23.2,0.9,3.2
Lansvale,294.0,279.0,127.0,3.0,67.0,38.3,36.4,16.6,0.4,8.7
Lapstone,163.0,118.0,37.0,0.0,11.0,49.4,35.8,11.2,0.0,3.3
Lavender Bay,109.0,62.0,267.0,0.0,89.0,20.6,11.7,50.6,0.0,16.9
Leichhardt,1215.0,1666.0,2073.0,21.0,458.0,22.4,30.7,38.2,0.4,8.4
Leonay,345.0,382.0,87.0,3.0,19.0,41.3,45.7,10.4,0.4,2.3
Lethbridge Park,304.0,380.0,826.0,12.0,123.0,18.5,23.1,50.3,0.7,7.5
Leumeah,966.0,1138.0,915.0,10.0,190.0,30.0,35.3,28.4,0.3,5.9
Lewisham,294.0,323.0,418.0,8.0,83.0,26.1,28.7,37.2,0.7,7.4
Liberty Grove,106.0,359.0,253.0,3.0,41.0,13.9,47.1,33.2,0.4,5.4
Lidcombe,1349.0,1289.0,1419.0,26.0,572.0,29.0,27.7,30.5,0.6,12.3
Lilli Pilli (Sutherland Shire),336.0,268.0,41.0,5.0,30.0,49.5,39.5,6.0,0.7,4.4
Lilyfield,735.0,887.0,989.0,16.0,246.0,25.6,30.9,34.4,0.6,8.6
Lindfield,1113.0,835.0,494.0,26.0,115.0,43.0,32.3,19.1,1.0,4.4
Linley Point,67.0,40.0,11.0,0.0,0.0,55.8,33.3,9.2,0.0,0.0
Lisarow,420.0,903.0,255.0,11.0,64.0,25.4,54.6,15.4,0.7,3.9
Little Bay,242.0,158.0,239.0,4.0,61.0,34.4,22.5,34.0,0.6,8.7
Liverpool,1502.0,1653.0,3605.0,29.0,1022.0,19.2,21.2,46.1,0.4,13.1
Loftus,615.0,603.0,130.0,6.0,36.0,44.3,43.4,9.4,0.4,2.6
Long Jetty,804.0,379.0,928.0,8.0,247.0,34.0,16.0,39.2,0.3,10.4
Long Point (Campbelltown),42.0,34.0,31.0,4.0,0.0,37.5,30.4,27.7,3.6,0.0
Longueville,345.0,217.0,46.0,3.0,23.0,54.3,34.2,7.2,0.5,3.6
Lugarno,1014.0,679.0,168.0,7.0,59.0,52.6,35.2,8.7,0.4,3.1
Lurnea,661.0,664.0,891.0,4.0,304.0,26.2,26.3,35.3,0.2,12.1
Macquarie Fields,868.0,1352.0,1826.0,19.0,422.0,19.3,30.1,40.7,0.4,9.4
Macquarie Hills,210.0,354.0,78.0,0.0,21.0,31.7,53.4,11.8,0.0,3.2
Macquarie Links,43.0,177.0,21.0,0.0,17.0,16.5,68.1,8.1,0.0,6.5
Macquarie Park,391.0,397.0,1417.0,59.0,325.0,15.1,15.3,54.7,2.3,12.6
Malabar,448.0,261.0,437.0,0.0,253.0,32.0,18.6,31.2,0.0,18.0
Mangerton,355.0,322.0,317.0,3.0,115.0,31.9,29.0,28.5,0.3,10.3
Manly,1591.0,991.0,2903.0,55.0,947.0,24.5,15.3,44.7,0.8,14.6
Manly Vale,552.0,691.0,818.0,13.0,109.0,25.2,31.6,37.4,0.6,5.0
Marayong,715.0,772.0,739.0,16.0,163.0,29.8,32.1,30.8,0.7,6.8
Mardi,215.0,383.0,347.0,4.0,41.0,21.7,38.6,35.0,0.4,4.1
Marks Point,235.0,138.0,351.0,4.0,44.0,30.4,17.9,45.4,0.5,5.7
Marmong Point,99.0,44.0,29.0,0.0,10.0,54.4,24.2,15.9,0.0,5.5
Maroubra,3276.0,2100.0,4311.0,103.0,1115.0,30.0,19.3,39.5,0.9,10.2
Marrickville,2369.0,2262.0,3695.0,38.0,879.0,25.6,24.5,40.0,0.4,9.5
Marsfield,1477.0,1269.0,1591.0,95.0,440.0,30.3,26.1,32.7,2.0,9.0
Maryland (Newcastle),707.0,1318.0,480.0,12.0,74.0,27.3,50.9,18.5,0.5,2.9
Maryville,157.0,158.0,223.0,4.0,84.0,25.0,25.2,35.6,0.6,13.4
Mascot,1037.0,860.0,993.0,11.0,257.0,32.8,27.2,31.4,0.3,8.1
Matraville,1059.0,820.0,1019.0,15.0,260.0,33.4,25.9,32.1,0.5,8.2
Mayfield (Newcastle),1130.0,1056.0,1471.0,21.0,299.0,28.4,26.6,37.0,0.5,7.5
Mayfield East,173.0,206.0,254.0,0.0,38.0,25.7,30.6,37.7,0.0,5.6
Mayfield West,222.0,221.0,232.0,4.0,48.0,30.5,30.4,31.9,0.5,6.6
Mays Hill,86.0,63.0,83.0,0.0,27.0,33.6,24.6,32.4,0.0,10.5
McMahons Point,246.0,182.0,569.0,4.0,137.0,21.5,15.9,49.8,0.4,12.0
Meadowbank,163.0,254.0,744.0,4.0,276.0,11.3,17.6,51.6,0.3,19.2
Melrose Park,235.0,288.0,141.0,0.0,29.0,34.0,41.7,20.4,0.0,4.2
Menai,914.0,1698.0,613.0,9.0,155.0,27.0,50.1,18.1,0.3,4.6
Merewether,1480.0,1185.0,1459.0,52.0,227.0,33.6,26.9,33.2,1.2,5.2
Merewether Heights,257.0,188.0,57.0,0.0,14.0,49.4,36.2,11.0,0.0,2.7
Merrylands,2097.0,1666.0,2949.0,23.0,712.0,28.2,22.4,39.6,0.3,9.6
Merrylands West,655.0,551.0,706.0,65.0,173.0,30.5,25.6,32.8,3.0,8.0
Middle Cove,174.0,126.0,35.0,4.0,16.0,49.3,35.7,9.9,1.1,4.5
Miller,173.0,212.0,610.0,14.0,114.0,15.5,19.0,54.6,1.3,10.2
Millers Point,124.0,90.0,449.0,9.0,404.0,11.5,8.4,41.7,0.8,37.5
Milperra,582.0,546.0,130.0,3.0,29.0,45.1,42.3,10.1,0.2,2.2
Milsons Point,182.0,112.0,344.0,0.0,267.0,20.1,12.4,38.1,0.0,29.5
Minchinbury,377.0,875.0,219.0,4.0,58.0,24.6,57.2,14.3,0.3,3.8
Minmi,50.0,136.0,27.0,0.0,12.0,22.1,60.2,11.9,0.0,5.3
Minto,556.0,1304.0,1479.0,17.0,239.0,15.5,36.3,41.2,0.5,6.6
Miranda,1760.0,1501.0,1745.0,35.0,383.0,32.4,27.7,32.2,0.6,7.1
Mona Vale,1448.0,1025.0,803.0,71.0,235.0,40.4,28.6,22.4,2.0,6.6
Monterey,674.0,369.0,430.0,8.0,279.0,38.3,21.0,24.4,0.5,15.9
Moorebank,932.0,930.0,556.0,8.0,143.0,36.3,36.2,21.6,0.3,5.6
Mortdale,1200.0,1179.0,1262.0,16.0,244.0,30.8,30.2,32.4,0.4,6.3
Mortlake,47.0,60.0,85.0,0.0,20.0,22.2,28.3,40.1,0.0,9.4
Mosman,3876.0,2640.0,3760.0,71.0,934.0,34.4,23.4,33.3,0.6,8.3
Mount Annan,371.0,1690.0,423.0,11.0,57.0,14.5,66.2,16.6,0.4,2.2
Mount Colah,826.0,1094.0,310.0,9.0,61.0,35.9,47.6,13.5,0.4,2.7
Mount Druitt,909.0,1356.0,1758.0,14.0,535.0,19.9,29.6,38.4,0.3,11.7
Mount Hutton,384.0,369.0,343.0,7.0,100.0,31.9,30.6,28.5,0.6,8.3
Mount Keira,241.0,180.0,58.0,0.0,22.0,48.1,35.9,11.6,0.0,4.4
Mount Kembla,139.0,109.0,45.0,0.0,14.0,45.0,35.3,14.6,0.0,4.5
Mount Lewis,115.0,75.0,116.0,4.0,27.0,34.3,22.4,34.6,1.2,8.1
Mount Ousley,342.0,181.0,81.0,0.0,28.0,53.9,28.5,12.8,0.0,4.4
Mount Pleasant,164.0,114.0,30.0,0.0,17.0,50.8,35.3,9.3,0.0,5.3
Mount Pritchard,980.0,894.0,792.0,8.0,263.0,33.4,30.4,27.0,0.3,9.0
Mount Riverview,432.0,474.0,112.0,4.0,36.0,41.0,45.0,10.6,0.4,3.4
Mount Saint Thomas,212.0,220.0,128.0,0.0,33.0,35.7,37.0,21.5,0.0,5.6
Mount Warrigal,783.0,577.0,403.0,0.0,60.0,43.0,31.7,22.1,0.0,3.3
Narara,840.0,1269.0,515.0,6.0,121.0,30.5,46.1,18.7,0.2,4.4
Narellan,318.0,504.0,306.0,3.0,113.0,25.6,40.6,24.7,0.2,9.1
Narellan Vale,398.0,1423.0,455.0,8.0,56.0,17.0,60.8,19.5,0.3,2.4
Naremburn,572.0,711.0,711.0,7.0,113.0,27.0,33.6,33.6,0.3,5.3
Narrabeen,723.0,613.0,1154.0,182.0,302.0,24.3,20.6,38.8,6.1,10.2
Narraweena,729.0,551.0,618.0,61.0,107.0,35.3,26.7,29.9,3.0,5.2
Narwee,622.0,518.0,649.0,5.0,132.0,32.3,26.9,33.7,0.3,6.9
Neutral Bay,1210.0,993.0,2569.0,17.0,623.0,22.4,18.3,47.5,0.3,11.5
New Lambton,1435.0,1183.0,1116.0,17.0,224.0,36.1,29.8,28.1,0.4,5.6
New Lambton Heights,243.0,249.0,62.0,0.0,27.0,41.9,42.9,10.7,0.0,4.7
Newcastle,157.0,159.0,444.0,0.0,143.0,17.4,17.6,49.1,0.0,15.8
Newcastle East,88.0,59.0,278.0,3.0,78.0,17.4,11.7,55.0,0.6,15.4
Newcastle West,26.0,32.0,118.0,4.0,28.0,12.4,15.2,56.2,1.9,13.3
Newington,280.0,762.0,590.0,7.0,194.0,15.3,41.5,32.2,0.4,10.6
Newport,1275.0,1227.0,822.0,14.0,225.0,35.8,34.4,23.1,0.4,6.3
Newtown,843.0,1367.0,2919.0,18.0,1243.0,13.2,21.4,45.7,0.3,19.4
Niagara Park,231.0,361.0,206.0,4.0,28.0,27.8,43.4,24.8,0.5,3.4
Norah Head,191.0,110.0,96.0,0.0,17.0,46.2,26.6,23.2,0.0,4.1
Noraville,397.0,284.0,291.0,6.0,38.0,39.1,28.0,28.7,0.6,3.7
Normanhurst,605.0,578.0,287.0,46.0,76.0,38.1,36.4,18.1,2.9,4.8
North Avoca,232.0,342.0,165.0,6.0,64.0,28.6,42.1,20.3,0.7,7.9
North Balgowlah,402.0,494.0,171.0,0.0,40.0,36.1,44.3,15.4,0.0,3.6
North Bondi,888.0,850.0,1331.0,20.0,610.0,24.0,23.0,36.0,0.5,16.5
North Curl Curl,452.0,402.0,210.0,5.0,49.0,40.4,35.9,18.8,0.4,4.4
North Epping,676.0,513.0,197.0,3.0,53.0,46.9,35.6,13.7,0.2,3.7
North Gosford,306.0,422.0,558.0,0.0,82.0,22.3,30.8,40.7,0.0,6.0
North Lambton,448.0,352.0,364.0,10.0,61.0,36.3,28.5,29.5,0.8,4.9
North Manly,380.0,316.0,170.0,7.0,34.0,42.0,35.0,18.8,0.8,3.8
North Narrabeen,668.0,750.0,324.0,7.0,130.0,35.6,40.0,17.3,0.4,6.9
North Parramatta,468.0,783.0,1696.0,62.0,523.0,13.2,22.2,48.0,1.8,14.8
North Rocks,1111.0,942.0,290.0,4.0,80.0,45.8,38.8,12.0,0.2,3.3
North Ryde,1510.0,1127.0,723.0,20.0,176.0,42.5,31.7,20.3,0.6,5.0
North St Marys,314.0,411.0,494.0,3.0,58.0,24.5,32.1,38.6,0.2,4.5
North Strathfield,318.0,365.0,485.0,5.0,108.0,24.8,28.5,37.9,0.4,8.4
North Sydney,509.0,450.0,1666.0,55.0,429.0,16.4,14.5,53.6,1.8,13.8
North Turramurra,783.0,397.0,104.0,37.0,61.0,56.7,28.8,7.5,2.7,4.4
North Wahroonga,369.0,282.0,51.0,4.0,10.0,51.5,39.4,7.1,0.6,1.4
North Willoughby,578.0,428.0,411.0,0.0,70.0,38.8,28.7,27.6,0.0,4.7
North Wollongong,147.0,125.0,474.0,0.0,80.0,17.8,15.2,57.5,0.0,9.7
Northbridge,975.0,631.0,386.0,8.0,97.0,46.5,30.1,18.4,0.4,4.6
Northmead,819.0,911.0,779.0,14.0,183.0,30.3,33.7,28.8,0.5,6.8
Northwood,152.0,104.0,28.0,4.0,13.0,50.2,34.3,9.2,1.3,4.3
Oak Flats,995.0,744.0,456.0,8.0,139.0,42.5,31.8,19.5,0.3,5.9
Oakhurst,287.0,1113.0,364.0,3.0,99.0,15.4,59.7,19.5,0.2,5.3
Oatlands,705.0,571.0,436.0,4.0,97.0,38.9,31.5,24.0,0.2,5.4
Oatley,1740.0,997.0,595.0,11.0,150.0,49.8,28.6,17.0,0.3,4.3
Old Guildford,229.0,211.0,140.0,6.0,71.0,34.9,32.2,21.3,0.9,10.8
Old Toongabbie,583.0,574.0,475.0,212.0,84.0,30.2,29.7,24.6,11.0,4.4
Ourimbah,216.0,502.0,314.0,4.0,46.0,20.0,46.4,29.0,0.4,4.3
Oxley Park,267.0,311.0,274.0,0.0,73.0,28.7,33.5,29.5,0.0,7.9
Oyster Bay,702.0,754.0,161.0,9.0,38.0,42.2,45.3,9.7,0.5,2.3
Paddington,1350.0,1220.0,2439.0,30.0,667.0,23.7,21.4,42.8,0.5,11.7
Padstow,1589.0,1290.0,1099.0,11.0,271.0,37.3,30.3,25.8,0.3,6.4
Padstow Heights,549.0,434.0,165.0,38.0,59.0,44.0,34.8,13.2,3.0,4.7
Pagewood,458.0,308.0,224.0,0.0,53.0,44.0,29.6,21.5,0.0,5.1
Palm Beach,283.0,119.0,131.0,4.0,112.0,43.7,18.4,20.2,0.6,17.3
Panania,1530.0,1279.0,1039.0,16.0,175.0,37.9,31.7,25.7,0.4,4.3
Parramatta,980.0,1453.0,4463.0,32.0,839.0,12.6,18.7,57.5,0.4,10.8
Peakhurst,1390.0,995.0,696.0,71.0,239.0,41.0,29.4,20.5,2.1,7.1
Peakhurst Heights,445.0,264.0,83.0,3.0,21.0,54.5,32.4,10.2,0.4,2.6
Pearl Beach,134.0,34.0,39.0,4.0,14.0,60.4,15.3,17.6,1.8,6.3
Pelican,141.0,95.0,64.0,3.0,16.0,43.8,29.5,19.9,0.9,5.0
Pendle Hill,1047.0,1040.0,1305.0,61.0,269.0,28.1,27.9,35.1,1.6,7.2
Pennant Hills,979.0,835.0,449.0,25.0,134.0,40.4,34.5,18.5,1.0,5.5
Penrith,1117.0,1001.0,2443.0,59.0,422.0,22.2,19.9,48.5,1.2,8.4
Penrose (Wollongong),166.0,202.0,172.0,0.0,16.0,29.8,36.3,30.9,0.0,2.9
Penshurst,1408.0,1302.0,1392.0,11.0,272.0,32.1,29.7,31.7,0.3,6.2
Petersham,639.0,793.0,1506.0,7.0,325.0,19.5,24.3,46.1,0.2,9.9
Phillip Bay,89.0,67.0,52.0,0.0,18.0,39.0,29.4,22.8,0.0,7.9
Picnic Point,974.0,768.0,253.0,6.0,89.0,46.6,36.8,12.1,0.3,4.3
Plumpton,342.0,1284.0,482.0,28.0,68.0,15.5,58.3,21.9,1.3,3.1
Point Clare,495.0,397.0,278.0,10.0,58.0,40.1,32.1,22.5,0.8,4.7
Point Frederick,235.0,181.0,318.0,10.0,85.0,28.4,21.9,38.5,1.2,10.3
Point Piper,277.0,89.0,152.0,0.0,115.0,43.8,14.1,24.0,0.0,18.2
Port Kembla,814.0,345.0,420.0,3.0,151.0,47.0,19.9,24.2,0.2,8.7
Potts Point,462.0,582.0,1816.0,10.0,1235.0,11.3,14.2,44.2,0.2,30.1
Prairiewood,343.0,269.0,209.0,0.0,60.0,39.0,30.6,23.8,0.0,6.8
Prestons,578.0,2255.0,522.0,29.0,329.0,15.6,60.7,14.1,0.8,8.9
Primbee,297.0,147.0,166.0,4.0,51.0,44.7,22.1,25.0,0.6,7.7
Prospect,451.0,614.0,213.0,4.0,64.0,33.5,45.6,15.8,0.3,4.8
Punchbowl (Canterbury and Bankstown),1716.0,1523.0,1622.0,35.0,483.0,31.9,28.3,30.2,0.7,9.0
Putney,505.0,356.0,142.0,6.0,41.0,48.1,33.9,13.5,0.6,3.9
Pymble,1471.0,1126.0,354.0,7.0,72.0,48.5,37.2,11.7,0.2,2.4
Pyrmont,482.0,965.0,2535.0,20.0,1565.0,8.7,17.3,45.6,0.4,28.1
Quakers Hill,1516.0,3935.0,2164.0,30.0,328.0,19.0,49.3,27.1,0.4,4.1
Queens Park,401.0,310.0,330.0,0.0,83.0,35.7,27.6,29.4,0.0,7.4
Raby,474.0,1059.0,295.0,12.0,88.0,24.6,55.0,15.3,0.6,4.6
Ramsgate,172.0,99.0,61.0,9.0,67.0,42.2,24.3,15.0,2.2,16.4
Ramsgate Beach,318.0,112.0,212.0,4.0,76.0,44.0,15.5,29.4,0.6,10.5
Randwick,2656.0,2428.0,5319.0,64.0,983.0,23.2,21.2,46.5,0.6,8.6
Rankin Park,388.0,394.0,91.0,0.0,29.0,43.0,43.6,10.1,0.0,3.2
Redfern,623.0,1142.0,2833.0,39.0,1246.0,10.6,19.4,48.2,0.7,21.2
Redhead,654.0,375.0,194.0,19.0,74.0,49.6,28.5,14.7,1.4,5.6
Regents Park,529.0,425.0,613.0,6.0,142.0,30.8,24.8,35.7,0.3,8.3
Regentville,84.0,100.0,50.0,0.0,12.0,34.0,40.5,20.2,0.0,4.9
Revesby,1515.0,1228.0,1275.0,18.0,256.0,35.3,28.6,29.7,0.4,6.0
Revesby Heights,207.0,195.0,45.0,3.0,22.0,43.9,41.3,9.5,0.6,4.7
Rhodes,113.0,193.0,284.0,4.0,85.0,16.7,28.5,41.9,0.6,12.5
Riverstone,719.0,663.0,599.0,15.0,118.0,34.0,31.4,28.3,0.7,5.6
Riverview (Lane Cove),457.0,345.0,131.0,0.0,53.0,46.4,35.1,13.3,0.0,5.4
Riverwood,909.0,841.0,1809.0,22.0,445.0,22.6,20.9,44.9,0.5,11.1
Rockdale,1283.0,1299.0,2014.0,43.0,577.0,24.6,24.9,38.6,0.8,11.1
Rocky Point,33.0,48.0,9.0,4.0,5.0,34.0,49.5,9.3,4.1,5.2
Rodd Point,271.0,128.0,68.0,0.0,19.0,55.5,26.2,13.9,0.0,3.9
Rooty Hill,967.0,1534.0,952.0,10.0,246.0,26.1,41.4,25.7,0.3,6.6
Rose Bay,1040.0,726.0,1455.0,16.0,615.0,27.0,18.8,37.8,0.4,16.0
Rosebery,925.0,765.0,861.0,10.0,215.0,33.3,27.6,31.0,0.4,7.7
Roselands,1255.0,1093.0,886.0,27.0,315.0,35.1,30.6,24.8,0.8,8.8
Rosemeadow,349.0,1202.0,648.0,7.0,107.0,15.1,52.0,28.0,0.3,4.6
Roseville,1295.0,921.0,469.0,10.0,104.0,46.3,32.9,16.8,0.4,3.7
Roseville Chase,235.0,197.0,61.0,0.0,21.0,45.7,38.3,11.9,0.0,4.1
Rouse Hill,284.0,1271.0,300.0,9.0,94.0,14.5,65.0,15.3,0.5,4.8
Rozelle,637.0,990.0,1206.0,6.0,333.0,20.1,31.2,38.0,0.2,10.5
Ruse,650.0,893.0,283.0,0.0,93.0,33.9,46.5,14.7,0.0,4.8
Rushcutters Bay,195.0,186.0,604.0,7.0,415.0,13.8,13.2,42.9,0.5,29.5
Russell Lea,783.0,577.0,499.0,9.0,132.0,39.2,28.9,25.0,0.5,6.6
Russell Vale,190.0,160.0,107.0,0.0,19.0,39.7,33.5,22.4,0.0,4.0
Rydalmere,125.0,180.0,151.0,3.0,35.0,25.2,36.2,30.4,0.6,7.0
Ryde,2580.0,2217.0,2536.0,83.0,513.0,32.5,28.0,32.0,1.0,6.5
Sadleir,209.0,229.0,452.0,7.0,60.0,21.8,23.9,47.2,0.7,6.3
San Remo,394.0,615.0,346.0,6.0,74.0,27.5,42.9,24.1,0.4,5.2
Sandringham,217.0,127.0,102.0,0.0,39.0,44.7,26.1,21.0,0.0,8.0
Sans Souci,1607.0,848.0,838.0,13.0,286.0,44.8,23.6,23.3,0.4,8.0
Saratoga,532.0,505.0,215.0,0.0,105.0,39.1,37.1,15.8,0.0,7.7
Scarborough,38.0,48.0,37.0,0.0,9.0,29.2,36.9,28.5,0.0,6.9
Schofields,500.0,451.0,320.0,9.0,54.0,37.5,33.8,24.0,0.7,4.0
Scotland Island,69.0,107.0,43.0,0.0,25.0,28.2,43.7,17.6,0.0,10.2
Seaforth,887.0,771.0,380.0,5.0,92.0,41.5,36.1,17.8,0.2,4.3
Sefton,664.0,508.0,475.0,8.0,158.0,36.6,28.0,26.2,0.4,8.7
Seven Hills,2143.0,2270.0,1696.0,27.0,338.0,33.1,35.1,26.2,0.4,5.2
Shalvey,166.0,297.0,582.0,8.0,70.0,14.8,26.4,51.8,0.7,6.2
Shell Cove,256.0,462.0,143.0,3.0,29.0,28.6,51.7,16.0,0.3,3.2
Shellharbour,459.0,335.0,314.0,4.0,114.0,37.4,27.3,25.6,0.3,9.3
Shelly Beach,249.0,128.0,111.0,3.0,41.0,46.6,24.0,20.8,0.6,7.7
Shortland,579.0,425.0,348.0,9.0,62.0,40.7,29.9,24.5,0.6,4.4
Silverwater (Auburn),58.0,96.0,159.0,0.0,23.0,17.2,28.5,47.2,0.0,6.8
Smithfield,1366.0,1081.0,1128.0,16.0,248.0,35.6,28.2,29.4,0.4,6.5
South Coogee,452.0,352.0,982.0,25.0,226.0,22.2,17.3,48.2,1.2,11.1
South Granville,333.0,337.0,232.0,8.0,86.0,33.4,33.8,23.2,0.8,8.6
South Hurstville,582.0,500.0,437.0,11.0,117.0,35.3,30.4,26.5,0.7,7.1
South Penrith,1443.0,1701.0,858.0,8.0,148.0,34.7,40.9,20.6,0.2,3.6
South Turramurra,463.0,413.0,69.0,4.0,41.0,46.6,41.6,6.9,0.4,4.1
South Wentworthville,583.0,535.0,569.0,10.0,119.0,32.1,29.5,31.3,0.6,6.6
Speers Point,572.0,344.0,296.0,3.0,71.0,44.5,26.8,23.1,0.2,5.5
Springfield (Gosford),330.0,627.0,357.0,3.0,117.0,23.0,43.7,24.9,0.2,8.2
Springwood,1140.0,1145.0,598.0,112.0,92.0,36.9,37.1,19.4,3.6,3.0
St Andrews,441.0,950.0,357.0,8.0,61.0,24.2,52.2,19.6,0.4,3.4
St Clair (Penrith),1593.0,3335.0,992.0,11.0,221.0,25.9,54.2,16.1,0.2,3.6
St Helens Park,236.0,1066.0,533.0,12.0,139.0,11.9,53.7,26.9,0.6,7.0
St Huberts Island,293.0,92.0,48.0,0.0,28.0,63.7,20.0,10.4,0.0,6.1
St Ives,2422.0,1701.0,467.0,22.0,127.0,51.1,35.9,9.9,0.5,2.7
St Ives Chase,517.0,393.0,67.0,0.0,28.0,51.4,39.1,6.7,0.0,2.8
St Johns Park,729.0,482.0,219.0,3.0,97.0,47.8,31.6,14.4,0.2,6.4
St Leonards,212.0,340.0,1129.0,7.0,391.0,10.2,16.4,54.4,0.3,18.8
St Marys,1016.0,942.0,1570.0,12.0,361.0,26.1,24.2,40.3,0.3,9.3
St Peters,229.0,359.0,412.0,3.0,125.0,20.3,31.9,36.6,0.3,11.1
Stanhope Gardens,320.0,803.0,291.0,8.0,114.0,20.8,52.1,18.9,0.5,7.4
Stanmore,677.0,826.0,1270.0,13.0,344.0,21.6,26.4,40.5,0.4,11.0
Stockton,590.0,377.0,487.0,13.0,115.0,37.3,23.8,30.8,0.8,7.3
Strathfield,2434.0,1522.0,2288.0,35.0,589.0,35.4,22.2,33.3,0.5,8.6
Strathfield South,362.0,385.0,268.0,0.0,73.0,33.2,35.3,24.6,0.0,6.7
Summer Hill (Ashfield),508.0,673.0,1301.0,12.0,261.0,18.4,24.4,47.2,0.4,9.5
Surry Hills,697.0,1324.0,3806.0,32.0,2066.0,8.8,16.7,48.0,0.4,26.1
Sutherland,993.0,1425.0,1724.0,25.0,261.0,22.4,32.2,38.9,0.6,5.9
Swansea,936.0,360.0,561.0,47.0,152.0,45.5,17.5,27.3,2.3,7.4
Swansea Heads,87.0,73.0,45.0,5.0,4.0,40.7,34.1,21.0,2.3,1.9
Sydenham,120.0,126.0,103.0,0.0,36.0,31.1,32.6,26.7,0.0,9.3
Sydney,653.0,600.0,2509.0,22.0,2378.0,10.6,9.7,40.7,0.4,38.6
Sylvania,1610.0,1024.0,792.0,90.0,213.0,43.1,27.4,21.2,2.4,5.7
Sylvania Waters,459.0,355.0,158.0,6.0,71.0,43.8,33.9,15.1,0.6,6.8
Tacoma,67.0,116.0,28.0,4.0,10.0,30.0,52.0,12.6,1.8,4.5
Tacoma South,26.0,48.0,6.0,0.0,6.0,29.5,54.5,6.8,0.0,6.8
Tamarama,165.0,128.0,272.0,0.0,116.0,24.2,18.8,39.9,0.0,17.0
Taren Point,232.0,118.0,72.0,17.0,39.0,48.0,24.4,14.9,3.5,8.1
Tarrawanna,223.0,133.0,152.0,23.0,51.0,38.5,23.0,26.3,4.0,8.8
Tascott,251.0,245.0,109.0,0.0,55.0,37.9,37.0,16.5,0.0,8.3
Tempe,390.0,422.0,267.0,11.0,143.0,31.6,34.2,21.6,0.9,11.6
Teralba,199.0,184.0,137.0,5.0,26.0,36.0,33.3,24.8,0.9,4.7
Terrey Hills,363.0,347.0,115.0,7.0,46.0,41.3,39.5,13.1,0.8,5.2
Terrigal,1415.0,1130.0,983.0,14.0,253.0,37.3,29.8,25.9,0.4,6.7
The Entrance,398.0,97.0,709.0,9.0,172.0,28.8,7.0,51.3,0.7,12.4
The Entrance North,168.0,81.0,189.0,0.0,55.0,34.1,16.5,38.4,0.0,11.2
The Hill,220.0,175.0,469.0,0.0,178.0,21.1,16.8,45.0,0.0,17.1
The Junction,164.0,115.0,302.0,4.0,37.0,26.1,18.3,48.1,0.6,5.9
Thirroul,833.0,642.0,505.0,20.0,110.0,39.5,30.5,24.0,0.9,5.2
Thornleigh,968.0,1091.0,451.0,8.0,97.0,37.0,41.7,17.2,0.3,3.7
Tighes Hill,194.0,196.0,237.0,6.0,31.0,29.2,29.5,35.7,0.9,4.7
Tingira Heights,293.0,499.0,177.0,3.0,65.0,28.3,48.2,17.1,0.3,6.3
Toongabbie,1436.0,1595.0,1195.0,12.0,202.0,32.3,35.9,26.9,0.3,4.5
Toowoon Bay,107.0,22.0,92.0,0.0,12.0,45.7,9.4,39.3,0.0,5.1
Toronto,742.0,424.0,777.0,24.0,121.0,35.5,20.3,37.2,1.1,5.8
Toukley,715.0,320.0,709.0,9.0,124.0,38.1,17.0,37.8,0.5,6.6
Towradgi,458.0,289.0,354.0,52.0,73.0,37.4,23.6,28.9,4.2,6.0
Tregear,215.0,246.0,686.0,4.0,111.0,17.0,19.5,54.4,0.3,8.8
Tuggerah,96.0,108.0,134.0,8.0,23.0,26.0,29.3,36.3,2.2,6.2
Tuggerawong,138.0,167.0,111.0,7.0,24.0,30.9,37.4,24.9,1.6,5.4
Tumbi Umbi,531.0,553.0,299.0,87.0,67.0,34.5,36.0,19.5,5.7,4.4
Turramurra,1722.0,1213.0,505.0,83.0,165.0,46.7,32.9,13.7,2.3,4.5
Turrella,137.0,94.0,50.0,4.0,30.0,43.4,29.7,15.8,1.3,9.5
Ultimo,201.0,299.0,1440.0,10.0,1003.0,6.8,10.1,48.8,0.3,34.0
Umina Beach,2230.0,1574.0,1602.0,62.0,744.0,35.9,25.3,25.8,1.0,12.0
Unanderra,667.0,547.0,804.0,62.0,170.0,29.6,24.3,35.7,2.8,7.6
Valentine,897.0,786.0,218.0,4.0,56.0,45.8,40.1,11.1,0.2,2.9
Valley Heights,197.0,217.0,54.0,0.0,13.0,40.8,44.9,11.2,0.0,2.7
Vaucluse,1265.0,753.0,746.0,12.0,530.0,38.3,22.8,22.6,0.4,16.0
Villawood,288.0,298.0,1085.0,14.0,156.0,15.6,16.2,58.9,0.8,8.5
Voyager Point,58.0,259.0,41.0,0.0,10.0,15.8,70.4,11.1,0.0,2.7
Wahroonga,2061.0,1690.0,597.0,43.0,205.0,44.8,36.8,13.0,0.9,4.5
Waitara,418.0,406.0,1285.0,33.0,209.0,17.8,17.3,54.7,1.4,8.9
Wakeley,534.0,538.0,250.0,5.0,65.0,38.4,38.7,18.0,0.4,4.7
Wallsend,1691.0,1439.0,1321.0,114.0,251.0,35.1,29.9,27.4,2.4,5.2
Wamberal,723.0,763.0,401.0,52.0,148.0,34.7,36.6,19.2,2.5,7.1
Warabrook,247.0,228.0,242.0,0.0,36.0,32.8,30.3,32.2,0.0,4.8
Waratah,454.0,401.0,751.0,13.0,183.0,25.2,22.3,41.7,0.7,10.2
Waratah West,399.0,263.0,340.0,5.0,78.0,36.7,24.2,31.3,0.5,7.2
Wareemba,272.0,138.0,140.0,11.0,34.0,45.8,23.2,23.6,1.9,5.7
Warilla,776.0,454.0,839.0,22.0,163.0,34.4,20.2,37.2,1.0,7.2
Warners Bay,1233.0,807.0,680.0,13.0,142.0,42.9,28.1,23.7,0.5,4.9
Warrawee,372.0,304.0,62.0,0.0,48.0,47.3,38.7,7.9,0.0,6.1
Warrawong,775.0,218.0,929.0,8.0,167.0,36.9,10.4,44.3,0.4,8.0
Warriewood,557.0,797.0,295.0,8.0,63.0,32.4,46.4,17.2,0.5,3.7
Warrimoo,286.0,375.0,124.0,5.0,21.0,35.2,46.2,15.3,0.6,2.6
Warwick Farm,204.0,262.0,1026.0,11.0,234.0,11.8,15.1,59.1,0.6,13.5
Watanobbi,245.0,507.0,444.0,0.0,61.0,19.5,40.4,35.4,0.0,4.9
Waterloo,142.0,492.0,3142.0,48.0,877.0,3.0,10.5,66.8,1.0,18.7
Watsons Bay,104.0,50.0,60.0,15.0,17.0,43.2,20.7,24.9,6.2,7.1
Wattle Grove,414.0,981.0,690.0,0.0,61.0,19.3,45.7,32.1,0.0,2.8
Waverley,457.0,376.0,658.0,18.0,177.0,27.1,22.3,39.0,1.1,10.5
Waverton,475.0,300.0,609.0,10.0,159.0,30.5,19.3,39.2,0.6,10.2
Wentworthville,883.0,996.0,1728.0,30.0,510.0,21.3,24.0,41.7,0.7,12.3
Werrington,303.0,443.0,540.0,6.0,90.0,21.9,32.1,39.1,0.4,6.5
Werrington County,443.0,614.0,152.0,4.0,49.0,35.1,48.6,12.0,0.3,3.9
Werrington Downs,260.0,622.0,142.0,4.0,20.0,24.7,59.1,13.5,0.4,1.9
West Gosford,226.0,161.0,230.0,23.0,99.0,30.7,21.8,31.2,3.1,13.4
West Hoxton,284.0,1442.0,262.0,0.0,144.0,13.3,67.7,12.3,0.0,6.8
West Pennant Hills,2194.0,2148.0,552.0,71.0,125.0,43.1,42.2,10.8,1.4,2.5
West Pymble,717.0,653.0,143.0,14.0,53.0,45.3,41.3,9.0,0.9,3.4
West Ryde,1303.0,1130.0,1788.0,12.0,358.0,28.4,24.6,39.0,0.3,7.8
West Wallsend,209.0,257.0,92.0,3.0,30.0,35.4,43.5,15.6,0.5,5.1
West Wollongong,643.0,478.0,503.0,0.0,116.0,36.9,27.5,28.9,0.0,6.7
Westleigh,674.0,643.0,125.0,0.0,31.0,45.7,43.6,8.5,0.0,2.1
Westmead,510.0,686.0,2041.0,26.0,263.0,14.5,19.5,57.9,0.7,7.5
Wetherill Park,802.0,642.0,322.0,4.0,79.0,43.4,34.7,17.4,0.2,4.3
Whalan,428.0,426.0,883.0,8.0,151.0,22.6,22.5,46.6,0.4,8.0
Whitebridge,361.0,366.0,134.0,0.0,43.0,39.9,40.5,14.8,0.0,4.8
Wickham,65.0,77.0,240.0,0.0,51.0,15.0,17.7,55.3,0.0,11.8
Wiley Park,668.0,686.0,1421.0,8.0,340.0,21.4,22.0,45.5,0.3,10.9
Willmot,134.0,179.0,385.0,6.0,93.0,16.8,22.4,48.2,0.8,11.7
Willoughby,679.0,703.0,630.0,10.0,124.0,31.6,32.7,29.3,0.5,5.8
Willoughby East,247.0,210.0,91.0,8.0,5.0,44.1,37.5,16.3,1.4,0.9
Windale,104.0,90.0,882.0,10.0,87.0,8.9,7.7,75.2,0.9,7.4
Windang,630.0,186.0,221.0,4.0,106.0,55.2,16.3,19.4,0.4,9.3
Winmalee,745.0,1066.0,274.0,8.0,66.0,34.5,49.3,12.7,0.4,3.1
Winston Hills,1236.0,1326.0,316.0,26.0,126.0,40.8,43.8,10.4,0.9,4.2
Wollongong,1676.0,1006.0,3519.0,65.0,862.0,23.5,14.1,49.4,0.9,12.1
Wollstonecraft,916.0,802.0,1850.0,12.0,309.0,23.5,20.6,47.6,0.3,7.9
Wombarra,106.0,125.0,49.0,0.0,17.0,35.7,42.1,16.5,0.0,5.7
Woodbine,263.0,388.0,163.0,3.0,38.0,30.7,45.3,19.0,0.4,4.4
Woodcroft,273.0,888.0,270.0,0.0,62.0,18.3,59.5,18.1,0.0,4.2
Woodpark,155.0,187.0,53.0,5.0,28.0,36.2,43.7,12.4,1.2,6.5
Woodrising,114.0,289.0,101.0,0.0,13.0,22.2,56.3,19.7,0.0,2.5
Woollahra,1141.0,653.0,998.0,83.0,586.0,33.0,18.9,28.8,2.4,16.9
Woolloomooloo,160.0,190.0,1163.0,18.0,556.0,7.7,9.1,55.6,0.9,26.6
Woolooware,1009.0,895.0,413.0,8.0,177.0,40.4,35.8,16.5,0.3,7.1
Woolwich,150.0,65.0,46.0,0.0,60.0,46.7,20.2,14.3,0.0,18.7
Woonona,1445.0,1308.0,1129.0,32.0,214.0,35.0,31.7,27.4,0.8,5.2
Woronora,278.0,352.0,61.0,4.0,20.0,38.9,49.2,8.5,0.6,2.8
Woronora Heights,279.0,515.0,24.0,0.0,15.0,33.5,61.8,2.9,0.0,1.8
Woy Woy,1653.0,946.0,1367.0,33.0,447.0,37.2,21.3,30.7,0.7,10.1
Woy Woy Bay,79.0,113.0,24.0,5.0,35.0,30.7,44.0,9.3,1.9,13.6
Wyoming,1072.0,1245.0,802.0,42.0,146.0,32.4,37.6,24.2,1.3,4.4
Wyong,501.0,272.0,529.0,0.0,96.0,35.8,19.4,37.8,0.0,6.9
Wyongah,228.0,246.0,138.0,0.0,48.0,34.5,37.3,20.9,0.0,7.3
Yagoona,1711.0,1391.0,1356.0,25.0,376.0,35.2,28.6,27.9,0.5,7.7
Yarrawarrah,191.0,217.0,12.0,0.0,6.0,44.7,50.8,2.8,0.0,1.4
Yattalunga,54.0,80.0,24.0,4.0,8.0,32.0,47.3,14.2,2.4,4.7
Yennora,105.0,88.0,197.0,8.0,43.0,23.8,19.9,44.6,1.8,9.7
Yowie Bay,628.0,447.0,124.0,15.0,50.0,49.7,35.4,9.8,1.2,4.0
Zetland,132.0,356.0,567.0,6.0,161.0,10.8,29.2,46.5,0.5,13.2
