,None,1 motor vehicle,2 motor vehicles,3 or more vehicles,Number of motor vehicles not stated,None (%),1 motor vehicle (%),2 motor vehicles (%),3 or more vehicles (%),Number of motor vehicles not stated (%)
Abbotsbury,21.0,198.0,487.0,444.0,25.0,1.8,16.9,41.4,37.8,2.1
New South Wales,258153.0,933953.0,840655.0,360074.0,78462.0,10.4,37.8,34.0,14.6,3.2
Australia,665852.0,2778576.0,2802468.0,1279134.0,234292.0,8.6,35.8,36.1,16.5,3.0
Abbotsford (NSW),225.0,910.0,719.0,206.0,53.0,10.6,43.1,34.0,9.7,2.5
Acacia Gardens,15.0,279.0,537.0,231.0,16.0,1.4,25.9,49.8,21.4,1.5
Adamstown,279.0,930.0,812.0,239.0,78.0,11.9,39.8,34.7,10.2,3.3
Adamstown Heights,85.0,670.0,860.0,285.0,43.0,4.4,34.5,44.3,14.7,2.2
Airds,318.0,485.0,180.0,67.0,70.0,28.4,43.3,16.1,6.0,6.2
Albion Park,138.0,1086.0,1826.0,973.0,81.0,3.4,26.5,44.5,23.7,2.0
Albion Park Rail,160.0,902.0,830.0,486.0,80.0,6.5,36.7,33.8,19.8,3.3
Alexandria,593.0,1864.0,665.0,99.0,54.0,18.1,56.9,20.3,3.0,1.6
Alfords Point,10.0,103.0,407.0,392.0,10.0,1.1,11.2,44.1,42.5,1.1
Allambie Heights,189.0,741.0,873.0,386.0,69.0,8.4,32.8,38.7,17.1,3.1
Allawah,305.0,1082.0,489.0,128.0,59.0,14.8,52.4,23.7,6.2,2.9
Ambarvale,221.0,802.0,719.0,343.0,90.0,10.2,36.9,33.1,15.8,4.1
Annandale (NSW),531.0,1789.0,945.0,176.0,75.0,15.1,50.9,26.9,5.0,2.1
Argenton,74.0,218.0,174.0,74.0,20.0,13.2,38.9,31.1,13.2,3.6
Arncliffe,407.0,1094.0,743.0,297.0,117.0,15.3,41.2,28.0,11.2,4.4
Artarmon,546.0,1934.0,816.0,154.0,68.0,15.5,55.0,23.2,4.4,1.9
Ashbury,87.0,356.0,392.0,174.0,30.0,8.4,34.3,37.7,16.7,2.9
Ashcroft,244.0,361.0,245.0,129.0,77.0,23.1,34.2,23.2,12.2,7.3
Ashfield (NSW),2008.0,4140.0,1496.0,330.0,241.0,24.4,50.4,18.2,4.0,2.9
Asquith,104.0,520.0,412.0,146.0,23.0,8.6,43.2,34.2,12.1,1.9
Auburn (NSW),1680.0,3978.0,2322.0,883.0,482.0,18.0,42.6,24.8,9.4,5.2
Austinmer,41.0,283.0,386.0,116.0,22.0,4.8,33.4,45.5,13.7,2.6
Avoca Beach,49.0,489.0,650.0,253.0,36.0,3.3,33.1,44.0,17.1,2.4
Balgowlah,240.0,1390.0,1007.0,185.0,63.0,8.3,48.2,34.9,6.4,2.2
Balgowlah Heights,32.0,288.0,498.0,190.0,17.0,3.1,28.1,48.6,18.5,1.7
Balgownie,135.0,675.0,792.0,358.0,50.0,6.7,33.6,39.4,17.8,2.5
Balmain,665.0,2246.0,996.0,188.0,98.0,15.9,53.6,23.8,4.5,2.3
Balmain East,123.0,407.0,225.0,48.0,22.0,14.9,49.3,27.3,5.8,2.7
Bangor (NSW),49.0,364.0,802.0,546.0,35.0,2.7,20.3,44.7,30.4,1.9
Banksia,115.0,382.0,343.0,156.0,31.0,11.2,37.2,33.4,15.2,3.0
Bankstown,1369.0,4148.0,2483.0,875.0,400.0,14.8,44.7,26.8,9.4,4.3
Bar Beach,111.0,174.0,154.0,52.0,30.0,21.3,33.4,29.6,10.0,5.8
Barden Ridge,4.0,143.0,519.0,439.0,17.0,0.4,12.7,46.3,39.1,1.5
Bardwell Park,60.0,267.0,295.0,122.0,19.0,7.9,35.0,38.7,16.0,2.5
Bardwell Valley,71.0,277.0,256.0,116.0,32.0,9.4,36.8,34.0,15.4,4.3
Barnsley,9.0,161.0,239.0,173.0,12.0,1.5,27.1,40.2,29.1,2.0
Barrack Heights,191.0,791.0,720.0,347.0,90.0,8.9,37.0,33.7,16.2,4.2
Barrack Point,15.0,85.0,83.0,42.0,6.0,6.5,36.8,35.9,18.2,2.6
Bass Hill,266.0,818.0,907.0,447.0,122.0,10.4,32.0,35.4,17.5,4.8
Bateau Bay,472.0,1669.0,1509.0,656.0,193.0,10.5,37.1,33.5,14.6,4.3
Baulkham Hills,314.0,3409.0,5263.0,2115.0,170.0,2.8,30.2,46.7,18.8,1.5
Bayview (NSW),106.0,385.0,418.0,235.0,42.0,8.9,32.5,35.2,19.8,3.5
Beacon Hill,75.0,620.0,989.0,441.0,38.0,3.5,28.7,45.7,20.4,1.8
Beaconsfield (NSW),44.0,187.0,95.0,30.0,6.0,12.2,51.7,26.2,8.3,1.7
Beecroft,95.0,784.0,1294.0,581.0,43.0,3.4,28.0,46.3,20.8,1.5
Belfield,250.0,706.0,733.0,274.0,77.0,12.3,34.6,35.9,13.4,3.8
Bella Vista,20.0,350.0,1020.0,666.0,22.0,1.0,16.8,49.1,32.1,1.1
Bellambi,317.0,698.0,412.0,129.0,76.0,19.4,42.8,25.2,7.9,4.7
Bellevue Hill,371.0,1454.0,1283.0,478.0,88.0,10.1,39.6,34.9,13.0,2.4
Belmont (NSW),344.0,1043.0,843.0,346.0,119.0,12.8,38.7,31.3,12.8,4.4
Belmont North,170.0,743.0,901.0,431.0,71.0,7.3,32.1,38.9,18.6,3.1
Belmont South,46.0,199.0,141.0,64.0,22.0,9.7,42.2,29.9,13.6,4.7
Belmore,700.0,1757.0,1123.0,436.0,181.0,16.7,41.9,26.8,10.4,4.3
Belrose,121.0,782.0,1227.0,520.0,68.0,4.5,28.8,45.1,19.1,2.5
Bensville,15.0,188.0,388.0,200.0,20.0,1.8,23.2,47.8,24.7,2.5
Berala,444.0,1085.0,783.0,294.0,118.0,16.3,39.8,28.7,10.8,4.3
Berkeley,375.0,1014.0,803.0,419.0,134.0,13.7,36.9,29.3,15.3,4.9
Berkeley Vale,172.0,1065.0,1192.0,466.0,78.0,5.8,35.8,40.1,15.7,2.6
Berowra,42.0,451.0,641.0,296.0,19.0,2.9,31.1,44.2,20.4,1.3
Berowra Heights,37.0,479.0,794.0,333.0,30.0,2.2,28.6,47.5,19.9,1.8
Beverley Park,56.0,236.0,285.0,129.0,17.0,7.7,32.6,39.4,17.8,2.4
Beverly Hills,340.0,1352.0,1138.0,378.0,94.0,10.3,40.9,34.5,11.4,2.8
Bexley,609.0,2521.0,2028.0,777.0,185.0,10.0,41.2,33.1,12.7,3.0
Bexley North,177.0,543.0,416.0,161.0,46.0,13.2,40.4,31.0,12.0,3.4
Bidwill (NSW),350.0,608.0,259.0,95.0,63.0,25.5,44.2,18.8,6.9,4.6
Birchgrove,110.0,593.0,442.0,74.0,18.0,8.9,47.9,35.7,6.0,1.5
Birmingham Gardens,95.0,305.0,238.0,108.0,36.0,12.1,39.0,30.4,13.8,4.6
Birrong,110.0,321.0,285.0,126.0,38.0,12.5,36.5,32.4,14.3,4.3
Blackalls Park,93.0,403.0,346.0,183.0,34.0,8.8,38.1,32.7,17.3,3.2
Blackbutt (NSW),81.0,373.0,411.0,246.0,47.0,7.0,32.2,35.5,21.2,4.1
Blackett,187.0,427.0,273.0,116.0,47.0,17.8,40.7,26.0,11.0,4.5
Blacksmiths,83.0,342.0,238.0,86.0,26.0,10.7,44.1,30.7,11.1,3.4
Blacktown,1686.0,6100.0,4383.0,1732.0,507.0,11.7,42.3,30.4,12.0,3.5
Blackwall (NSW),88.0,336.0,214.0,70.0,21.0,12.1,46.1,29.4,9.6,2.9
Blairmount,5.0,45.0,42.0,25.0,0.0,4.3,38.5,35.9,21.4,0.0
Blakehurst,92.0,530.0,814.0,441.0,46.0,4.8,27.6,42.3,22.9,2.4
Blaxland (NSW),160.0,921.0,1031.0,479.0,50.0,6.1,34.9,39.0,18.1,1.9
Blue Bay,46.0,183.0,140.0,35.0,12.0,11.1,44.0,33.7,8.4,2.9
Blue Haven,76.0,807.0,763.0,337.0,59.0,3.7,39.5,37.4,16.5,2.9
Bolton Point,88.0,335.0,252.0,119.0,27.0,10.7,40.8,30.7,14.5,3.3
Bondi,896.0,1878.0,778.0,157.0,170.0,23.1,48.4,20.1,4.0,4.4
Bondi Beach,1233.0,2260.0,871.0,140.0,175.0,26.4,48.3,18.6,3.0,3.7
Bondi Junction,1024.0,1725.0,556.0,95.0,124.0,29.1,49.0,15.8,2.7,3.5
Bonnet Bay,4.0,130.0,366.0,186.0,9.0,0.6,18.7,52.7,26.8,1.3
Bonnyrigg,231.0,737.0,781.0,399.0,127.0,10.2,32.4,34.3,17.5,5.6
Bonnyrigg Heights,63.0,388.0,759.0,609.0,56.0,3.4,20.7,40.5,32.5,3.0
Booker Bay,90.0,232.0,121.0,44.0,20.0,17.8,45.8,23.9,8.7,3.9
Boolaroo,48.0,147.0,115.0,68.0,13.0,12.3,37.6,29.4,17.4,3.3
Booragul,74.0,212.0,132.0,68.0,9.0,14.9,42.8,26.7,13.7,1.8
Bossley Park,221.0,1080.0,1537.0,1103.0,132.0,5.4,26.5,37.7,27.1,3.2
Botany,296.0,1141.0,1116.0,330.0,98.0,9.9,38.3,37.4,11.1,3.3
Bow Bowing,13.0,146.0,218.0,100.0,9.0,2.7,30.0,44.9,20.6,1.9
Bradbury (NSW),242.0,1172.0,1069.0,401.0,85.0,8.2,39.5,36.0,13.5,2.9
Broadmeadow,99.0,313.0,190.0,59.0,20.0,14.5,46.0,27.9,8.7,2.9
Bronte,296.0,1100.0,800.0,206.0,60.0,12.0,44.7,32.5,8.4,2.4
Brookvale,133.0,455.0,305.0,73.0,38.0,13.2,45.3,30.4,7.3,3.8
Budgewoi,124.0,608.0,414.0,144.0,70.0,9.1,44.7,30.4,10.6,5.1
Buff Point,85.0,548.0,452.0,179.0,41.0,6.5,42.0,34.6,13.7,3.1
Bulli,186.0,650.0,809.0,296.0,58.0,9.3,32.5,40.5,14.8,2.9
Burwood (NSW),1119.0,1807.0,857.0,283.0,168.0,26.4,42.7,20.2,6.7,4.0
Burwood Heights,21.0,86.0,84.0,51.0,7.0,8.4,34.5,33.7,20.5,2.8
Busby,182.0,430.0,351.0,167.0,66.0,15.2,36.0,29.3,14.0,5.5
Cabarita (NSW),13.0,224.0,328.0,115.0,10.0,1.9,32.5,47.5,16.7,1.4
Cabramatta,1437.0,2739.0,1369.0,517.0,378.0,22.3,42.5,21.3,8.0,5.9
Cabramatta West,216.0,642.0,616.0,335.0,86.0,11.4,33.9,32.5,17.7,4.5
Cambridge Gardens,30.0,171.0,298.0,153.0,21.0,4.5,25.4,44.3,22.7,3.1
Cambridge Park,167.0,817.0,817.0,326.0,66.0,7.6,37.3,37.3,14.9,3.0
Camden,130.0,425.0,428.0,201.0,42.0,10.6,34.7,34.9,16.4,3.4
Camden South,52.0,381.0,704.0,351.0,34.0,3.4,25.0,46.3,23.1,2.2
Cammeray,291.0,1684.0,807.0,160.0,49.0,9.7,56.3,27.0,5.3,1.6
Campbelltown (NSW),621.0,1735.0,1024.0,378.0,144.0,15.9,44.5,26.2,9.7,3.7
Camperdown (NSW),817.0,1776.0,464.0,74.0,69.0,25.5,55.5,14.5,2.3,2.2
Campsie,1507.0,3332.0,1476.0,458.0,329.0,21.2,46.9,20.8,6.4,4.6
Canada Bay,45.0,179.0,194.0,45.0,16.0,9.4,37.4,40.5,9.4,3.3
Canley Heights,323.0,1046.0,1019.0,438.0,121.0,11.0,35.5,34.6,14.9,4.1
Canley Vale,475.0,1177.0,764.0,312.0,138.0,16.6,41.1,26.7,10.9,4.8
Canterbury (NSW),316.0,978.0,606.0,198.0,92.0,14.4,44.7,27.7,9.0,4.2
Canton Beach,121.0,321.0,83.0,22.0,31.0,20.9,55.5,14.4,3.8,5.4
Cardiff (NSW),159.0,889.0,788.0,316.0,58.0,7.2,40.2,35.7,14.3,2.6
Cardiff Heights,35.0,149.0,159.0,88.0,15.0,7.8,33.4,35.7,19.7,3.4
Cardiff South,69.0,432.0,423.0,187.0,20.0,6.1,38.2,37.4,16.5,1.8
Caringbah,525.0,1976.0,1441.0,461.0,155.0,11.5,43.4,31.6,10.1,3.4
Carlingford,392.0,2332.0,3088.0,1150.0,134.0,5.5,32.9,43.5,16.2,1.9
Carlton (NSW),396.0,1506.0,1017.0,335.0,105.0,11.8,44.8,30.3,10.0,3.1
Carramar (NSW),230.0,501.0,263.0,109.0,75.0,19.5,42.5,22.3,9.3,6.4
Carrington (Newcastle - NSW),120.0,361.0,231.0,58.0,30.0,15.0,45.1,28.9,7.2,3.8
Carss Park,48.0,109.0,180.0,88.0,10.0,11.0,25.1,41.4,20.2,2.3
Cartwright,270.0,284.0,162.0,69.0,53.0,32.2,33.9,19.3,8.2,6.3
Castle Cove,16.0,227.0,395.0,174.0,11.0,1.9,27.6,48.0,21.1,1.3
Castle Hill (NSW),487.0,3251.0,5388.0,2717.0,221.0,4.0,26.9,44.7,22.5,1.8
Castlecrag,26.0,244.0,474.0,179.0,23.0,2.7,25.8,50.1,18.9,2.4
Casula,295.0,1352.0,1702.0,817.0,243.0,6.7,30.7,38.6,18.5,5.5
Caves Beach,67.0,423.0,613.0,252.0,40.0,4.8,30.3,43.9,18.1,2.9
Cecil Hills,27.0,333.0,784.0,625.0,37.0,1.5,18.4,43.4,34.6,2.0
Centennial Park (NSW),243.0,548.0,184.0,45.0,24.0,23.3,52.5,17.6,4.3,2.3
Charlestown (NSW),371.0,1780.0,1912.0,682.0,120.0,7.6,36.6,39.3,14.0,2.5
Charmhaven,62.0,294.0,309.0,144.0,28.0,7.4,35.1,36.9,17.2,3.3
Chatswood,1629.0,3791.0,1777.0,443.0,161.0,20.9,48.6,22.8,5.7,2.1
Chatswood West,22.0,158.0,217.0,74.0,6.0,4.6,33.1,45.5,15.5,1.3
Cheltenham (NSW),14.0,174.0,320.0,134.0,6.0,2.2,26.9,49.4,20.7,0.9
Cherrybrook,153.0,1561.0,2737.0,1263.0,74.0,2.6,27.0,47.3,21.8,1.3
Chester Hill,521.0,1390.0,1192.0,543.0,181.0,13.6,36.3,31.1,14.2,4.7
Chifley (NSW),153.0,335.0,382.0,168.0,40.0,14.2,31.1,35.4,15.6,3.7
Chippendale,879.0,680.0,118.0,17.0,47.0,50.5,39.1,6.8,1.0,2.7
Chipping Norton,92.0,759.0,1158.0,750.0,62.0,3.3,26.9,41.0,26.6,2.2
Chiswick,65.0,558.0,380.0,90.0,12.0,5.9,50.5,34.4,8.1,1.1
Chittaway Bay,40.0,242.0,282.0,111.0,24.0,5.7,34.6,40.3,15.9,3.4
Chittaway Point,7.0,89.0,130.0,75.0,7.0,2.3,28.9,42.2,24.4,2.3
Church Point,3.0,76.0,207.0,98.0,10.0,0.8,19.3,52.5,24.9,2.5
Claremont Meadows,42.0,378.0,593.0,236.0,23.0,3.3,29.7,46.6,18.6,1.8
Claymore,258.0,354.0,112.0,44.0,49.0,31.6,43.3,13.7,5.4,6.0
Clontarf (NSW),6.0,106.0,277.0,131.0,10.0,1.1,20.0,52.3,24.7,1.9
Clovelly,178.0,800.0,588.0,112.0,41.0,10.4,46.5,34.2,6.5,2.4
Coal Point,16.0,166.0,281.0,154.0,10.0,2.6,26.5,44.8,24.6,1.6
Coledale,21.0,140.0,182.0,61.0,5.0,5.1,34.2,44.5,14.9,1.2
Collaroy (NSW),258.0,1666.0,2143.0,813.0,108.0,5.2,33.4,43.0,16.3,2.2
Colyton,203.0,949.0,943.0,481.0,73.0,7.7,35.8,35.6,18.2,2.8
Como (NSW),39.0,403.0,575.0,193.0,18.0,3.2,32.8,46.8,15.7,1.5
Concord,451.0,1651.0,1789.0,736.0,100.0,9.5,34.9,37.8,15.6,2.1
Concord West,179.0,683.0,710.0,292.0,41.0,9.4,35.9,37.3,15.3,2.2
Condell Park,259.0,1032.0,1089.0,584.0,107.0,8.4,33.6,35.5,19.0,3.5
Coniston,114.0,349.0,249.0,76.0,41.0,13.8,42.1,30.0,9.2,4.9
Connells Point,42.0,231.0,412.0,198.0,10.0,4.7,25.9,46.1,22.2,1.1
Coogee (NSW),963.0,2987.0,1547.0,286.0,130.0,16.3,50.5,26.2,4.8,2.2
Cooks Hill,246.0,700.0,472.0,142.0,57.0,15.2,43.3,29.2,8.8,3.5
Copacabana,21.0,277.0,425.0,169.0,17.0,2.3,30.5,46.8,18.6,1.9
Cordeaux Heights,14.0,239.0,667.0,443.0,24.0,1.0,17.2,48.1,31.9,1.7
Corrimal,333.0,976.0,818.0,315.0,93.0,13.1,38.5,32.3,12.4,3.7
Cranebrook,220.0,1294.0,1934.0,1078.0,105.0,4.8,27.9,41.8,23.3,2.3
Cremorne (NSW),628.0,2705.0,1230.0,225.0,90.0,12.9,55.5,25.2,4.6,1.8
Cremorne Point,74.0,491.0,266.0,46.0,10.0,8.3,55.4,30.0,5.2,1.1
Cringila,117.0,262.0,191.0,77.0,28.0,17.3,38.8,28.3,11.4,4.1
Cromer (NSW),179.0,705.0,1060.0,454.0,63.0,7.3,28.6,43.1,18.4,2.6
Cronulla,798.0,3433.0,2537.0,752.0,255.0,10.3,44.2,32.6,9.7,3.3
Croudace Bay,10.0,57.0,80.0,45.0,7.0,5.0,28.6,40.2,22.6,3.5
Crows Nest (NSW),312.0,1042.0,358.0,57.0,35.0,17.3,57.8,19.8,3.2,1.9
Croydon (NSW),453.0,1521.0,1024.0,337.0,103.0,13.2,44.2,29.8,9.8,3.0
Croydon Park (NSW),488.0,1531.0,1248.0,473.0,126.0,12.6,39.6,32.3,12.2,3.3
Curl Curl,44.0,250.0,354.0,116.0,21.0,5.6,31.8,45.1,14.8,2.7
Currans Hill,33.0,501.0,796.0,244.0,21.0,2.1,31.4,49.9,15.3,1.3
Daceyville,198.0,201.0,64.0,15.0,46.0,37.8,38.4,12.2,2.9,8.8
Daleys Point,15.0,107.0,90.0,36.0,11.0,5.8,41.3,34.7,13.9,4.2
Dapto,333.0,1453.0,1423.0,605.0,121.0,8.5,36.9,36.2,15.4,3.1
Darling Point,251.0,966.0,492.0,100.0,68.0,13.4,51.5,26.2,5.3,3.6
Darlinghurst,2172.0,1982.0,410.0,57.0,126.0,45.8,41.8,8.6,1.2,2.7
Darlington (Sydney - NSW),267.0,372.0,107.0,27.0,19.0,33.7,47.0,13.5,3.4,2.4
Davidson,3.0,141.0,409.0,206.0,8.0,0.4,18.4,53.3,26.9,1.0
Davistown,63.0,392.0,323.0,136.0,30.0,6.7,41.5,34.2,14.4,3.2
Dawes Point,43.0,106.0,64.0,11.0,10.0,18.4,45.3,27.4,4.7,4.3
Dean Park,49.0,281.0,372.0,183.0,28.0,5.4,30.8,40.7,20.0,3.1
Dee Why,1054.0,4218.0,2354.0,566.0,245.0,12.5,50.0,27.9,6.7,2.9
Denistone,49.0,413.0,491.0,163.0,18.0,4.3,36.4,43.3,14.4,1.6
Denistone East,35.0,230.0,312.0,104.0,15.0,5.0,33.0,44.8,14.9,2.2
Denistone West,7.0,100.0,137.0,45.0,8.0,2.4,33.7,46.1,15.2,2.7
Dharruk,79.0,296.0,281.0,123.0,31.0,9.8,36.5,34.7,15.2,3.8
Dolans Bay,0.0,31.0,79.0,55.0,4.0,0.0,18.3,46.7,32.5,2.4
Dolls Point,88.0,413.0,252.0,47.0,30.0,10.6,49.8,30.4,5.7,3.6
Doonside,569.0,1518.0,1250.0,576.0,177.0,13.9,37.1,30.6,14.1,4.3
Double Bay,338.0,977.0,488.0,96.0,68.0,17.2,49.7,24.8,4.9,3.5
Dover Heights,83.0,352.0,582.0,278.0,38.0,6.2,26.4,43.7,20.9,2.9
Drummoyne,423.0,2016.0,1582.0,364.0,104.0,9.4,44.9,35.2,8.1,2.3
Dudley,23.0,258.0,374.0,157.0,18.0,2.8,31.1,45.1,18.9,2.2
Dulwich Hill,904.0,2657.0,1233.0,252.0,129.0,17.5,51.3,23.8,4.9,2.5
Dundas (NSW),100.0,477.0,496.0,169.0,31.0,7.9,37.5,39.0,13.3,2.4
Dundas Valley,194.0,546.0,626.0,214.0,56.0,11.9,33.4,38.3,13.1,3.4
Dural (Hornsby - NSW),78.0,556.0,948.0,698.0,41.0,3.4,24.0,40.8,30.1,1.8
Eagle Vale,84.0,496.0,700.0,398.0,36.0,4.9,28.9,40.8,23.2,2.1
Earlwood,541.0,2114.0,2006.0,899.0,176.0,9.4,36.9,35.0,15.7,3.1
East Gosford,320.0,803.0,468.0,123.0,76.0,17.9,44.9,26.1,6.9,4.2
East Hills,143.0,383.0,395.0,214.0,30.0,12.3,32.9,33.9,18.4,2.6
East Killara,12.0,227.0,474.0,177.0,11.0,1.3,25.2,52.6,19.6,1.2
East Lindfield,42.0,315.0,550.0,193.0,24.0,3.7,28.0,48.9,17.2,2.1
East Ryde,30.0,231.0,341.0,143.0,21.0,3.9,30.2,44.5,18.7,2.7
Eastern Creek,22.0,86.0,80.0,48.0,18.0,8.7,33.9,31.5,18.9,7.1
Eastlakes,674.0,1104.0,489.0,139.0,149.0,26.4,43.2,19.1,5.4,5.8
Eastwood (NSW),794.0,2327.0,1739.0,576.0,135.0,14.3,41.8,31.2,10.3,2.4
Edensor Park,116.0,657.0,996.0,805.0,68.0,4.4,24.9,37.7,30.5,2.6
Edgecliff,258.0,512.0,153.0,27.0,27.0,26.4,52.4,15.7,2.8,2.8
Edgeworth,214.0,832.0,846.0,382.0,70.0,9.1,35.5,36.1,16.3,3.0
Elanora Heights,24.0,242.0,624.0,301.0,24.0,2.0,19.9,51.4,24.8,2.0
Elderslie (Camden - NSW),61.0,396.0,681.0,288.0,40.0,4.2,27.0,46.5,19.6,2.7
Eleebana,33.0,449.0,934.0,467.0,29.0,1.7,23.5,48.8,24.4,1.5
Elermore Vale,114.0,649.0,696.0,343.0,55.0,6.1,34.9,37.5,18.5,3.0
Elizabeth Bay,1241.0,1272.0,213.0,54.0,85.0,43.3,44.4,7.4,1.9,3.0
Emerton,141.0,287.0,174.0,70.0,41.0,19.8,40.3,24.4,9.8,5.8
Empire Bay,30.0,277.0,344.0,132.0,35.0,3.7,33.9,42.1,16.1,4.3
Emu Heights (NSW),27.0,240.0,500.0,255.0,21.0,2.6,23.0,47.9,24.4,2.0
Emu Plains,183.0,973.0,1112.0,482.0,124.0,6.4,33.9,38.7,16.8,4.3
Enfield (NSW),129.0,389.0,292.0,111.0,26.0,13.6,41.1,30.8,11.7,2.7
Engadine,252.0,1689.0,2565.0,1085.0,106.0,4.4,29.6,45.0,19.0,1.9
Enmore (Marrickville - NSW),371.0,706.0,277.0,49.0,41.0,25.7,48.9,19.2,3.4,2.8
Epping (NSW),673.0,2996.0,2481.0,828.0,127.0,9.5,42.2,34.9,11.7,1.8
Erina,284.0,876.0,453.0,200.0,64.0,15.1,46.7,24.1,10.7,3.4
Ermington,387.0,1057.0,1202.0,445.0,101.0,12.1,33.1,37.7,13.9,3.2
Erskine Park,47.0,374.0,798.0,627.0,45.0,2.5,19.8,42.2,33.2,2.4
Erskineville,713.0,1801.0,574.0,90.0,56.0,22.0,55.7,17.7,2.8,1.7
Eschol Park,28.0,264.0,325.0,179.0,23.0,3.4,32.2,39.7,21.9,2.8
Ettalong Beach,382.0,1065.0,466.0,87.0,109.0,18.1,50.5,22.1,4.1,5.2
Fairfield (NSW),1131.0,2363.0,1290.0,499.0,268.0,20.4,42.6,23.2,9.0,4.8
Fairfield East,248.0,503.0,447.0,206.0,80.0,16.7,33.9,30.1,13.9,5.4
Fairfield Heights,268.0,741.0,597.0,288.0,115.0,13.3,36.9,29.7,14.3,5.7
Fairfield West,223.0,1060.0,1102.0,607.0,114.0,7.2,34.1,35.5,19.5,3.7
Fairlight,212.0,1119.0,712.0,141.0,52.0,9.5,50.0,31.8,6.3,2.3
Fairy Meadow,451.0,1118.0,730.0,284.0,113.0,16.7,41.5,27.1,10.5,4.2
Farmborough Heights,34.0,376.0,654.0,277.0,35.0,2.5,27.3,47.5,20.1,2.5
Faulconbridge,52.0,491.0,591.0,260.0,23.0,3.7,34.7,41.7,18.3,1.6
Fennell Bay,33.0,227.0,215.0,98.0,19.0,5.6,38.3,36.3,16.6,3.2
Figtree,214.0,1208.0,1534.0,661.0,86.0,5.8,32.6,41.4,17.9,2.3
Five Dock,415.0,1388.0,1153.0,339.0,109.0,12.2,40.8,33.9,10.0,3.2
Fletcher (NSW),3.0,123.0,478.0,185.0,6.0,0.4,15.5,60.1,23.3,0.8
Flinders (NSW),64.0,473.0,826.0,305.0,46.0,3.7,27.6,48.2,17.8,2.7
Floraville,12.0,145.0,214.0,130.0,14.0,2.3,28.2,41.6,25.2,2.7
Forest Lodge,320.0,544.0,220.0,49.0,40.0,27.3,46.4,18.8,4.2,3.4
Forestville (NSW),200.0,908.0,1134.0,416.0,48.0,7.4,33.6,41.9,15.4,1.8
Forresters Beach,27.0,245.0,416.0,161.0,26.0,3.1,28.0,47.5,18.4,3.0
Frenchs Forest,99.0,1106.0,2048.0,844.0,75.0,2.4,26.5,49.1,20.2,1.8
Garden Suburb,17.0,167.0,304.0,138.0,20.0,2.6,25.9,47.1,21.4,3.1
Gateshead,183.0,542.0,403.0,149.0,43.0,13.9,41.1,30.5,11.3,3.3
Georges Hall,116.0,757.0,1070.0,589.0,72.0,4.5,29.1,41.1,22.6,2.8
Georgetown (NSW),103.0,329.0,297.0,88.0,26.0,12.2,39.0,35.2,10.4,3.1
Girraween (NSW),161.0,708.0,498.0,179.0,42.0,10.1,44.6,31.4,11.3,2.6
Gladesville,583.0,1827.0,1384.0,458.0,121.0,13.3,41.8,31.6,10.5,2.8
Glebe (NSW),1578.0,2175.0,722.0,138.0,178.0,32.9,45.4,15.1,2.9,3.7
Glen Alpine,16.0,200.0,524.0,475.0,14.0,1.3,16.3,42.6,38.6,1.1
Glenbrook,72.0,522.0,712.0,359.0,37.0,4.2,30.7,41.8,21.1,2.2
Glendale (NSW),120.0,452.0,451.0,208.0,37.0,9.5,35.6,35.6,16.4,2.9
Glendenning,46.0,506.0,638.0,207.0,32.0,3.2,35.4,44.6,14.5,2.2
Glenfield (NSW),216.0,1025.0,785.0,325.0,84.0,8.9,42.1,32.2,13.3,3.4
Glenhaven,38.0,400.0,829.0,631.0,26.0,2.0,20.8,43.1,32.8,1.4
Glenmore Park,105.0,1531.0,3023.0,1416.0,85.0,1.7,24.9,49.1,23.0,1.4
Glenning Valley,11.0,165.0,319.0,159.0,16.0,1.6,24.6,47.6,23.7,2.4
Glenwood (NSW),61.0,1004.0,2199.0,908.0,69.0,1.4,23.7,51.9,21.4,1.6
Gordon (NSW),129.0,871.0,857.0,302.0,36.0,5.9,39.7,39.0,13.8,1.6
Gorokan,359.0,1438.0,904.0,337.0,154.0,11.2,45.1,28.3,10.6,4.8
Gosford,345.0,863.0,330.0,50.0,57.0,21.0,52.5,20.1,3.0,3.5
Granville (NSW),806.0,1995.0,1107.0,392.0,193.0,17.9,44.4,24.6,8.7,4.3
Grays Point,13.0,157.0,429.0,262.0,16.0,1.5,17.9,48.9,29.9,1.8
Green Point (Great Lakes - NSW),4.0,94.0,88.0,33.0,6.0,1.8,41.8,39.1,14.7,2.7
Green Valley (NSW),176.0,832.0,1339.0,860.0,99.0,5.3,25.2,40.5,26.0,3.0
Greenacre,742.0,2208.0,2312.0,1176.0,310.0,11.0,32.7,34.3,17.4,4.6
Greenfield Park,58.0,336.0,570.0,313.0,53.0,4.4,25.3,42.9,23.5,4.0
Greenwich,165.0,897.0,656.0,189.0,41.0,8.5,46.0,33.7,9.7,2.1
Greystanes,369.0,2156.0,3010.0,1394.0,162.0,5.2,30.4,42.4,19.7,2.3
Guildford (NSW),980.0,2282.0,1691.0,815.0,286.0,16.2,37.7,27.9,13.5,4.7
Guildford West,127.0,500.0,509.0,215.0,50.0,9.1,35.7,36.3,15.3,3.6
Gwynneville,227.0,460.0,265.0,95.0,41.0,20.9,42.3,24.4,8.7,3.8
Gymea,273.0,1192.0,1032.0,339.0,61.0,9.4,41.1,35.6,11.7,2.1
Gymea Bay,61.0,505.0,1064.0,507.0,44.0,2.8,23.2,48.8,23.2,2.0
Haberfield,234.0,826.0,814.0,293.0,75.0,10.4,36.8,36.3,13.1,3.3
Halekulani,91.0,446.0,317.0,118.0,47.0,8.9,43.8,31.1,11.6,4.6
Hamilton (NSW),286.0,757.0,502.0,149.0,69.0,16.2,42.9,28.5,8.5,3.9
Hamilton East,31.0,104.0,139.0,47.0,10.0,9.4,31.4,42.0,14.2,3.0
Hamilton North,33.0,136.0,132.0,44.0,8.0,9.3,38.5,37.4,12.5,2.3
Hamilton South,398.0,518.0,483.0,158.0,158.0,23.2,30.2,28.2,9.2,9.2
Hammondville,65.0,304.0,426.0,161.0,80.0,6.3,29.3,41.1,15.5,7.7
Harrington Park,24.0,389.0,1219.0,524.0,29.0,1.1,17.8,55.8,24.0,1.3
Harris Park,388.0,994.0,256.0,52.0,94.0,21.7,55.7,14.3,2.9,5.3
Hassall Grove,27.0,362.0,540.0,239.0,36.0,2.2,30.1,44.9,19.9,3.0
Haymarket,1044.0,459.0,56.0,8.0,74.0,63.6,28.0,3.4,0.5,4.5
Heathcote (NSW),125.0,608.0,823.0,421.0,42.0,6.2,30.1,40.8,20.9,2.1
Hebersham,218.0,631.0,495.0,231.0,73.0,13.2,38.3,30.0,14.0,4.4
Heckenberg,123.0,329.0,241.0,122.0,46.0,14.3,38.2,28.0,14.2,5.3
Henley,5.0,39.0,69.0,38.0,0.0,3.3,25.8,45.7,25.2,0.0
Highfields (NSW),22.0,129.0,167.0,57.0,4.0,5.8,34.0,44.1,15.0,1.1
Hillsborough (Lake Macquarie - NSW),5.0,72.0,80.0,59.0,7.0,2.2,32.3,35.9,26.5,3.1
Hillsdale,333.0,965.0,429.0,83.0,76.0,17.7,51.2,22.7,4.4,4.0
Hinchinbrook (NSW),88.0,738.0,1246.0,722.0,82.0,3.1,25.7,43.3,25.1,2.9
Holmesville,19.0,111.0,193.0,137.0,14.0,4.0,23.4,40.7,28.9,3.0
Holsworthy,47.0,511.0,651.0,196.0,22.0,3.3,35.8,45.6,13.7,1.5
Homebush (NSW),277.0,937.0,485.0,163.0,35.0,14.6,49.4,25.6,8.6,1.8
Homebush West,360.0,1140.0,433.0,86.0,70.0,17.2,54.6,20.7,4.1,3.4
Horningsea Park,30.0,214.0,545.0,216.0,13.0,2.9,21.0,53.5,21.2,1.3
Hornsby,1192.0,3898.0,1847.0,499.0,172.0,15.7,51.2,24.3,6.6,2.3
Hornsby Heights,45.0,587.0,989.0,379.0,23.0,2.2,29.0,48.9,18.7,1.1
Horsley,47.0,610.0,1033.0,485.0,26.0,2.1,27.7,46.9,22.0,1.2
Hoxton Park,42.0,313.0,564.0,242.0,20.0,3.6,26.5,47.8,20.5,1.7
Hunters Hill,239.0,923.0,1129.0,497.0,75.0,8.3,32.2,39.4,17.4,2.6
Huntleys Point,4.0,10.0,20.0,17.0,0.0,7.8,19.6,39.2,33.3,0.0
Hurlstone Park,247.0,817.0,493.0,160.0,47.0,14.0,46.3,27.9,9.1,2.7
Hurstville,1801.0,4017.0,2028.0,654.0,250.0,20.6,45.9,23.2,7.5,2.9
Hurstville Grove,34.0,226.0,304.0,178.0,13.0,4.5,29.9,40.3,23.6,1.7
Illawong,28.0,317.0,973.0,833.0,24.0,1.3,14.6,44.7,38.3,1.1
Ingleburn,533.0,2086.0,1468.0,650.0,145.0,10.9,42.7,30.1,13.3,3.0
Ingleside,9.0,84.0,128.0,133.0,12.0,2.5,23.0,35.0,36.3,3.3
Islington,112.0,360.0,227.0,65.0,29.0,14.1,45.4,28.6,8.2,3.7
Jamisontown,176.0,844.0,673.0,270.0,61.0,8.7,41.7,33.3,13.3,3.0
Jannali,233.0,879.0,708.0,256.0,56.0,10.9,41.2,33.2,12.0,2.6
Jesmond,222.0,429.0,236.0,86.0,59.0,21.5,41.6,22.9,8.3,5.7
Jewells,58.0,285.0,441.0,249.0,23.0,5.5,27.0,41.8,23.6,2.2
Kahibah,68.0,342.0,322.0,85.0,27.0,8.1,40.5,38.2,10.1,3.2
Kanahooka,101.0,740.0,677.0,317.0,49.0,5.4,39.3,35.9,16.8,2.6
Kangaroo Point (NSW),0.0,25.0,90.0,64.0,3.0,0.0,13.7,49.5,35.2,1.6
Kanwal,104.0,547.0,450.0,169.0,53.0,7.9,41.3,34.0,12.8,4.0
Kareela,15.0,246.0,583.0,252.0,22.0,1.3,22.0,52.1,22.5,2.0
Kariong,55.0,624.0,910.0,405.0,41.0,2.7,30.7,44.7,19.9,2.0
Kearns,33.0,202.0,318.0,261.0,21.0,4.0,24.2,38.1,31.3,2.5
Keiraville,131.0,485.0,375.0,186.0,47.0,10.7,39.6,30.6,15.2,3.8
Kellyville,86.0,1103.0,3069.0,1524.0,79.0,1.5,18.8,52.4,26.0,1.3
Kembla Grange,0.0,15.0,28.0,30.0,0.0,0.0,20.5,38.4,41.1,0.0
Kensington (NSW),827.0,1869.0,975.0,235.0,109.0,20.6,46.6,24.3,5.9,2.7
Kilaben Bay,13.0,131.0,209.0,126.0,12.0,2.6,26.7,42.6,25.7,2.4
Killara (NSW),149.0,1110.0,1306.0,493.0,51.0,4.8,35.7,42.0,15.9,1.6
Killarney Heights,24.0,352.0,763.0,255.0,16.0,1.7,25.0,54.1,18.1,1.1
Killarney Vale,210.0,1001.0,909.0,344.0,91.0,8.2,39.2,35.6,13.5,3.6
Kincumber,316.0,1061.0,794.0,392.0,104.0,11.8,39.8,29.8,14.7,3.9
Kincumber South,61.0,222.0,72.0,21.0,19.0,15.4,56.2,18.2,5.3,4.8
Kings Langley,96.0,698.0,1428.0,727.0,59.0,3.2,23.2,47.5,24.2,2.0
Kings Park (NSW),34.0,386.0,544.0,186.0,27.0,2.9,32.8,46.2,15.8,2.3
Kingsford (NSW),1358.0,2122.0,1126.0,311.0,166.0,26.7,41.7,22.2,6.1,3.3
Kingsgrove,417.0,1474.0,1361.0,551.0,116.0,10.6,37.6,34.7,14.1,3.0
Kingswood (Tamworth - NSW),3.0,79.0,165.0,128.0,10.0,0.8,20.5,42.9,33.2,2.6
Kirrawee,325.0,1222.0,1264.0,461.0,110.0,9.6,36.1,37.4,13.6,3.3
Kirribilli,619.0,851.0,277.0,44.0,57.0,33.5,46.0,15.0,2.4,3.1
Kogarah,907.0,2312.0,1024.0,229.0,163.0,19.6,49.9,22.1,4.9,3.5
Kogarah Bay,38.0,187.0,278.0,141.0,12.0,5.8,28.5,42.4,21.5,1.8
Koolewong,18.0,128.0,114.0,38.0,8.0,5.9,41.8,37.3,12.4,2.6
Koonawarra,128.0,493.0,417.0,184.0,43.0,10.1,39.0,33.0,14.5,3.4
Kotara,97.0,532.0,627.0,199.0,34.0,6.5,35.7,42.1,13.4,2.3
Kotara South,19.0,161.0,169.0,72.0,9.0,4.4,37.4,39.3,16.7,2.1
Kurnell,31.0,184.0,294.0,194.0,31.0,4.2,25.1,40.1,26.4,4.2
Kyeemagh,11.0,108.0,95.0,55.0,9.0,4.0,38.8,34.2,19.8,3.2
Kyle Bay,9.0,49.0,125.0,74.0,3.0,3.5,18.8,48.1,28.5,1.2
La Perouse,27.0,42.0,43.0,15.0,16.0,18.9,29.4,30.1,10.5,11.2
Lake Haven,176.0,634.0,357.0,153.0,84.0,12.5,45.2,25.4,10.9,6.0
Lake Heights,137.0,495.0,382.0,172.0,44.0,11.1,40.2,31.1,14.0,3.6
Lake Illawarra,221.0,611.0,347.0,123.0,80.0,16.0,44.2,25.1,8.9,5.8
Lakelands (NSW),3.0,105.0,210.0,161.0,3.0,0.6,21.8,43.6,33.4,0.6
Lakemba,811.0,2440.0,972.0,298.0,263.0,17.0,51.0,20.3,6.2,5.5
Lalor Park,421.0,984.0,766.0,300.0,153.0,16.0,37.5,29.2,11.4,5.8
Lambton,239.0,807.0,678.0,237.0,54.0,11.9,40.0,33.6,11.8,2.7
Lane Cove,435.0,1877.0,1113.0,288.0,84.0,11.5,49.4,29.3,7.6,2.2
Lane Cove North,440.0,1931.0,1154.0,212.0,82.0,11.5,50.6,30.2,5.6,2.1
Lane Cove West,68.0,287.0,323.0,65.0,19.0,8.9,37.7,42.4,8.5,2.5
Lansvale,42.0,237.0,286.0,156.0,38.0,5.5,31.2,37.7,20.6,5.0
Lapstone,13.0,125.0,137.0,52.0,5.0,3.9,37.7,41.3,15.7,1.5
Lavender Bay,107.0,184.0,88.0,18.0,9.0,26.4,45.3,21.7,4.4,2.2
Leichhardt (NSW),892.0,2637.0,1518.0,267.0,127.0,16.4,48.5,27.9,4.9,2.3
Leonay,6.0,206.0,430.0,172.0,8.0,0.7,25.1,52.3,20.9,1.0
Lethbridge Park,282.0,629.0,358.0,144.0,101.0,18.6,41.5,23.6,9.5,6.7
Leumeah,360.0,1415.0,1086.0,436.0,121.0,10.5,41.4,31.8,12.8,3.5
Lewisham (NSW),200.0,564.0,241.0,60.0,30.0,18.3,51.5,22.0,5.5,2.7
Liberty Grove,40.0,387.0,228.0,31.0,18.0,5.7,55.0,32.4,4.4,2.6
Lidcombe,710.0,2202.0,1518.0,509.0,192.0,13.8,42.9,29.6,9.9,3.7
Lilli Pilli (Sutherland - NSW),5.0,66.0,191.0,128.0,8.0,1.3,16.6,48.0,32.2,2.0
Lilyfield,456.0,1277.0,836.0,168.0,89.0,16.1,45.2,29.6,5.9,3.1
Lindfield,222.0,1081.0,1145.0,393.0,53.0,7.7,37.4,39.6,13.6,1.8
Linley Point,0.0,18.0,63.0,35.0,0.0,0.0,15.5,54.3,30.2,0.0
Lisarow,56.0,479.0,645.0,369.0,39.0,3.5,30.2,40.6,23.2,2.5
Little Bay,135.0,342.0,388.0,137.0,42.0,12.9,32.8,37.2,13.1,4.0
Liverpool,1608.0,3479.0,1727.0,640.0,402.0,20.5,44.3,22.0,8.1,5.1
Loftus,54.0,431.0,596.0,244.0,29.0,4.0,31.8,44.0,18.0,2.1
Long Jetty,371.0,1122.0,662.0,224.0,136.0,14.8,44.6,26.3,8.9,5.4
Long Point (Campbelltown - NSW),0.0,9.0,20.0,32.0,5.0,0.0,13.6,30.3,48.5,7.6
Longueville,9.0,138.0,323.0,163.0,3.0,1.4,21.7,50.8,25.6,0.5
Lugarno,46.0,442.0,863.0,472.0,37.0,2.5,23.8,46.4,25.4,2.0
Lurnea,353.0,1032.0,859.0,369.0,137.0,12.8,37.5,31.2,13.4,5.0
Macquarie Fields,586.0,1919.0,1198.0,470.0,227.0,13.3,43.6,27.2,10.7,5.2
Macquarie Hills,25.0,222.0,496.0,244.0,23.0,2.5,22.0,49.1,24.2,2.3
Macquarie Links,3.0,53.0,165.0,97.0,6.0,0.9,16.4,50.9,29.9,1.9
Macquarie Park,591.0,1323.0,381.0,43.0,51.0,24.7,55.4,15.9,1.8,2.1
Malabar,222.0,402.0,375.0,177.0,75.0,17.7,32.1,30.0,14.1,6.0
Mangerton,151.0,368.0,391.0,141.0,28.0,14.0,34.1,36.2,13.1,2.6
Manly (NSW),1281.0,3132.0,1419.0,302.0,192.0,20.2,49.5,22.4,4.8,3.0
Manly Vale,251.0,1152.0,652.0,162.0,53.0,11.1,50.7,28.7,7.1,2.3
Marayong,333.0,937.0,714.0,365.0,107.0,13.6,38.2,29.1,14.9,4.4
Mardi,40.0,418.0,454.0,174.0,26.0,3.6,37.6,40.8,15.6,2.3
Marks Point,99.0,312.0,233.0,88.0,34.0,12.9,40.7,30.4,11.5,4.4
Marmong Point,5.0,95.0,108.0,58.0,23.0,1.7,32.9,37.4,20.1,8.0
Maroubra,1920.0,4698.0,3084.0,921.0,399.0,17.4,42.6,28.0,8.4,3.6
Marrickville,1927.0,4439.0,1949.0,535.0,344.0,21.0,48.3,21.2,5.8,3.7
Marsfield,593.0,2242.0,1366.0,375.0,117.0,12.6,47.8,29.1,8.0,2.5
Maryland (Newcastle - NSW),82.0,764.0,1154.0,559.0,66.0,3.1,29.1,44.0,21.3,2.5
Maryville,63.0,214.0,242.0,52.0,25.0,10.6,35.9,40.6,8.7,4.2
Mascot,535.0,1652.0,1065.0,318.0,99.0,14.6,45.0,29.0,8.7,2.7
Matraville,466.0,1084.0,1004.0,440.0,113.0,15.0,34.9,32.3,14.2,3.6
Mayfield (Newcastle - NSW),600.0,1549.0,1102.0,316.0,159.0,16.1,41.6,29.6,8.5,4.3
Mayfield East,101.0,280.0,231.0,49.0,26.0,14.7,40.8,33.6,7.1,3.8
Mayfield West,106.0,270.0,218.0,73.0,26.0,15.3,39.0,31.5,10.5,3.8
Mays Hill,24.0,98.0,81.0,29.0,3.0,10.2,41.7,34.5,12.3,1.3
McMahons Point,227.0,602.0,238.0,35.0,11.0,20.4,54.1,21.4,3.1,1.0
Meadowbank (NSW),300.0,1001.0,321.0,39.0,33.0,17.7,59.1,18.9,2.3,1.9
Melrose Park (NSW),34.0,162.0,218.0,67.0,12.0,6.9,32.9,44.2,13.6,2.4
Menai,96.0,841.0,1549.0,766.0,62.0,2.9,25.4,46.7,23.1,1.9
Merewether,380.0,1515.0,1608.0,634.0,121.0,8.9,35.6,37.8,14.9,2.8
Merewether Heights,9.0,151.0,247.0,75.0,9.0,1.8,30.8,50.3,15.3,1.8
Merrylands,1278.0,3395.0,2325.0,1048.0,339.0,15.2,40.5,27.7,12.5,4.0
Merrylands West,322.0,847.0,613.0,245.0,92.0,15.2,40.0,28.9,11.6,4.3
Middle Cove,12.0,151.0,199.0,54.0,6.0,2.8,35.8,47.2,12.8,1.4
Miller,299.0,379.0,197.0,100.0,70.0,28.6,36.3,18.9,9.6,6.7
Millers Point,283.0,354.0,102.0,12.0,27.0,36.4,45.5,13.1,1.5,3.5
Milperra,24.0,317.0,588.0,316.0,23.0,1.9,25.0,46.4,24.9,1.8
Milsons Point,186.0,458.0,177.0,37.0,20.0,21.2,52.2,20.2,4.2,2.3
Minchinbury,54.0,377.0,660.0,424.0,26.0,3.5,24.5,42.8,27.5,1.7
Minmi,4.0,49.0,93.0,68.0,9.0,1.8,22.0,41.7,30.5,4.0
Minto,345.0,1291.0,1003.0,430.0,124.0,10.8,40.4,31.4,13.5,3.9
Miranda (NSW),664.0,2287.0,1837.0,614.0,172.0,11.9,41.0,33.0,11.0,3.1
Mona Vale,204.0,1219.0,1502.0,615.0,96.0,5.6,33.5,41.3,16.9,2.6
Monterey,173.0,735.0,549.0,201.0,60.0,10.1,42.8,32.0,11.7,3.5
Moorebank,126.0,743.0,1057.0,462.0,66.0,5.1,30.3,43.1,18.8,2.7
Mortdale,469.0,1770.0,1069.0,351.0,103.0,12.5,47.0,28.4,9.3,2.7
Mortlake (NSW),13.0,108.0,122.0,42.0,3.0,4.5,37.5,42.4,14.6,1.0
Mosman,1258.0,4869.0,3432.0,978.0,204.0,11.7,45.3,32.0,9.1,1.9
Mount Annan,43.0,690.0,1654.0,702.0,49.0,1.4,22.0,52.7,22.4,1.6
Mount Colah,74.0,710.0,993.0,468.0,49.0,3.2,31.0,43.3,20.4,2.1
Mount Druitt,626.0,2133.0,1305.0,491.0,213.0,13.1,44.7,27.4,10.3,4.5
Mount Hutton (NSW),111.0,474.0,393.0,196.0,49.0,9.1,38.8,32.1,16.0,4.0
Mount Keira,21.0,177.0,231.0,89.0,17.0,3.9,33.1,43.2,16.6,3.2
Mount Kembla,4.0,91.0,157.0,96.0,8.0,1.1,25.6,44.1,27.0,2.2
Mount Lewis,34.0,118.0,99.0,60.0,16.0,10.4,36.1,30.3,18.3,4.9
Mount Ousley,24.0,155.0,248.0,97.0,12.0,4.5,28.9,46.3,18.1,2.2
Mount Pleasant (NSW),8.0,115.0,192.0,97.0,13.0,1.9,27.1,45.2,22.8,3.1
Mount Pritchard,310.0,954.0,913.0,484.0,120.0,11.1,34.3,32.8,17.4,4.3
Mount Riverview,28.0,255.0,494.0,229.0,16.0,2.7,25.0,48.3,22.4,1.6
Mount Saint Thomas,68.0,199.0,182.0,51.0,19.0,13.1,38.3,35.1,9.8,3.7
Mount Warrigal,91.0,556.0,649.0,303.0,49.0,5.5,33.7,39.4,18.4,3.0
Narara,128.0,1029.0,1028.0,446.0,64.0,4.7,38.2,38.1,16.5,2.4
Narellan,60.0,386.0,476.0,254.0,41.0,4.9,31.7,39.1,20.9,3.4
Narellan Vale,53.0,521.0,1114.0,497.0,41.0,2.4,23.4,50.0,22.3,1.8
Naremburn,214.0,1173.0,667.0,126.0,40.0,9.6,52.8,30.0,5.7,1.8
Narrabeen,422.0,1471.0,995.0,250.0,102.0,13.0,45.4,30.7,7.7,3.1
Narraweena,321.0,764.0,739.0,311.0,76.0,14.5,34.6,33.4,14.1,3.4
Narwee,322.0,700.0,485.0,150.0,59.0,18.8,40.8,28.3,8.7,3.4
Neutral Bay,791.0,2495.0,932.0,158.0,67.0,17.8,56.2,21.0,3.6,1.5
New Lambton,393.0,1595.0,1399.0,408.0,106.0,10.1,40.9,35.9,10.5,2.7
New Lambton Heights,12.0,159.0,358.0,172.0,14.0,1.7,22.2,50.1,24.1,2.0
Newcastle,130.0,557.0,308.0,62.0,28.0,12.0,51.3,28.4,5.7,2.6
Newcastle East,108.0,187.0,109.0,34.0,27.0,23.2,40.2,23.4,7.3,5.8
Newcastle West,50.0,155.0,53.0,10.0,13.0,17.8,55.2,18.9,3.6,4.6
Newington (NSW),63.0,756.0,866.0,144.0,21.0,3.4,40.9,46.8,7.8,1.1
Newport (NSW),150.0,1039.0,1464.0,561.0,82.0,4.6,31.5,44.4,17.0,2.5
Newtown (NSW),1921.0,2986.0,840.0,147.0,149.0,31.8,49.4,13.9,2.4,2.5
Niagara Park,91.0,338.0,364.0,172.0,22.0,9.2,34.2,36.9,17.4,2.2
Norah Head,19.0,135.0,134.0,91.0,9.0,4.9,34.8,34.5,23.5,2.3
Noraville,60.0,420.0,366.0,141.0,46.0,5.8,40.7,35.4,13.6,4.5
Normanhurst,163.0,639.0,657.0,210.0,39.0,9.5,37.4,38.5,12.3,2.3
North Avoca,15.0,197.0,319.0,130.0,14.0,2.2,29.2,47.3,19.3,2.1
North Balgowlah,45.0,353.0,508.0,154.0,16.0,4.2,32.8,47.2,14.3,1.5
North Bondi,522.0,1389.0,975.0,227.0,75.0,16.4,43.6,30.6,7.1,2.4
North Curl Curl,58.0,343.0,504.0,194.0,29.0,5.1,30.4,44.7,17.2,2.6
North Epping,57.0,474.0,665.0,226.0,16.0,4.0,33.0,46.2,15.7,1.1
North Gosford,192.0,565.0,408.0,138.0,49.0,14.2,41.8,30.2,10.2,3.6
North Lambton,106.0,470.0,412.0,152.0,35.0,9.0,40.0,35.1,12.9,3.0
North Manly,62.0,315.0,351.0,126.0,24.0,7.1,35.9,40.0,14.4,2.7
North Narrabeen,64.0,512.0,832.0,362.0,52.0,3.5,28.1,45.7,19.9,2.9
North Parramatta,710.0,2202.0,1181.0,308.0,153.0,15.6,48.4,25.9,6.8,3.4
North Rocks,71.0,650.0,1250.0,491.0,40.0,2.8,26.0,50.0,19.6,1.6
North Ryde,332.0,1200.0,1249.0,479.0,87.0,9.9,35.9,37.3,14.3,2.6
North St Marys,179.0,502.0,346.0,139.0,57.0,14.6,41.0,28.3,11.4,4.7
North Strathfield,172.0,747.0,466.0,92.0,28.0,11.4,49.6,31.0,6.1,1.9
North Sydney,684.0,1463.0,461.0,75.0,127.0,24.3,52.1,16.4,2.7,4.5
North Turramurra,77.0,523.0,565.0,216.0,31.0,5.5,37.0,40.0,15.3,2.2
North Wahroonga,6.0,134.0,326.0,144.0,4.0,1.0,21.8,53.1,23.5,0.7
North Willoughby,144.0,675.0,459.0,126.0,36.0,10.0,46.9,31.9,8.8,2.5
North Wollongong,125.0,329.0,211.0,83.0,24.0,16.2,42.6,27.3,10.8,3.1
Northbridge (NSW),101.0,669.0,861.0,317.0,37.0,5.1,33.7,43.4,16.0,1.9
Northmead,384.0,1700.0,1412.0,446.0,112.0,9.5,41.9,34.8,11.0,2.8
Northwood (NSW),6.0,63.0,142.0,64.0,0.0,2.2,22.9,51.6,23.3,0.0
Oak Flats,155.0,858.0,808.0,437.0,71.0,6.7,36.8,34.7,18.8,3.0
Oakhurst (NSW),81.0,578.0,824.0,372.0,53.0,4.2,30.3,43.2,19.5,2.8
Oatlands (NSW),83.0,499.0,710.0,339.0,46.0,4.9,29.8,42.3,20.2,2.7
Oatley,238.0,1332.0,1359.0,578.0,68.0,6.7,37.3,38.0,16.2,1.9
Old Guildford,38.0,231.0,221.0,139.0,30.0,5.8,35.1,33.5,21.1,4.6
Old Toongabbie,40.0,308.0,366.0,158.0,25.0,4.5,34.3,40.8,17.6,2.8
Ourimbah,42.0,464.0,554.0,323.0,36.0,3.0,32.7,39.0,22.8,2.5
Oxley Park,95.0,395.0,319.0,145.0,25.0,9.7,40.3,32.6,14.8,2.6
Oyster Bay,73.0,443.0,831.0,372.0,40.0,4.2,25.2,47.2,21.1,2.3
Paddington (NSW),1187.0,2550.0,1049.0,181.0,119.0,23.3,50.1,20.6,3.6,2.3
Padstow,493.0,1664.0,1492.0,657.0,170.0,11.0,37.2,33.3,14.7,3.8
Padstow Heights,105.0,349.0,486.0,217.0,27.0,8.9,29.5,41.0,18.3,2.3
Pagewood,155.0,392.0,447.0,208.0,43.0,12.4,31.5,35.9,16.7,3.5
Palm Beach (NSW),14.0,206.0,256.0,84.0,19.0,2.4,35.6,44.2,14.5,3.3
Panania,389.0,1428.0,1418.0,626.0,128.0,9.8,35.8,35.5,15.7,3.2
Parramatta,1720.0,3773.0,1199.0,254.0,177.0,24.1,53.0,16.8,3.6,2.5
Peakhurst,390.0,1157.0,1226.0,527.0,133.0,11.4,33.7,35.7,15.4,3.9
Peakhurst Heights,40.0,212.0,355.0,181.0,18.0,5.0,26.3,44.0,22.5,2.2
Pearl Beach,12.0,114.0,66.0,13.0,3.0,5.8,54.8,31.7,6.2,1.4
Pelican (NSW),26.0,119.0,138.0,43.0,11.0,7.7,35.3,40.9,12.8,3.3
Pendle Hill,356.0,1054.0,563.0,199.0,95.0,15.7,46.5,24.8,8.8,4.2
Pennant Hills,151.0,970.0,937.0,322.0,34.0,6.3,40.2,38.8,13.3,1.4
Penrith,1001.0,2230.0,1098.0,389.0,215.0,20.3,45.2,22.3,7.9,4.4
Penrose (Wollongong - NSW),67.0,172.0,193.0,97.0,19.0,12.2,31.4,35.2,17.7,3.5
Penshurst (NSW),586.0,2077.0,1204.0,377.0,99.0,13.5,47.8,27.7,8.7,2.3
Petersham,618.0,1511.0,661.0,125.0,83.0,20.6,50.4,22.0,4.2,2.8
Phillip Bay,15.0,63.0,78.0,47.0,6.0,7.2,30.1,37.3,22.5,2.9
Picnic Point,80.0,554.0,812.0,411.0,41.0,4.2,29.2,42.8,21.7,2.2
Plumpton (NSW),111.0,713.0,931.0,445.0,46.0,4.9,31.7,41.5,19.8,2.0
Point Clare,144.0,556.0,527.0,147.0,43.0,10.2,39.2,37.2,10.4,3.0
Point Frederick,125.0,349.0,205.0,83.0,37.0,15.6,43.7,25.7,10.4,4.6
Point Piper,29.0,171.0,188.0,73.0,15.0,6.1,35.9,39.5,15.3,3.2
Port Kembla,347.0,743.0,497.0,237.0,78.0,18.2,39.1,26.1,12.5,4.1
Potts Point,1808.0,1263.0,171.0,36.0,67.0,54.1,37.8,5.1,1.1,2.0
Prairiewood,62.0,277.0,327.0,210.0,38.0,6.8,30.3,35.8,23.0,4.2
Prestons,109.0,914.0,1847.0,937.0,98.0,2.8,23.4,47.3,24.0,2.5
Primbee,72.0,211.0,204.0,96.0,30.0,11.7,34.4,33.3,15.7,4.9
Prospect (NSW),53.0,396.0,610.0,360.0,31.0,3.7,27.3,42.1,24.8,2.1
Punchbowl (Canterbury - NSW),646.0,1931.0,1637.0,761.0,257.0,12.3,36.9,31.3,14.5,4.9
Putney,62.0,356.0,591.0,298.0,23.0,4.7,26.8,44.4,22.4,1.7
Pymble,85.0,941.0,1610.0,663.0,68.0,2.5,27.9,47.8,19.7,2.0
Pyrmont,1405.0,2624.0,799.0,99.0,91.0,28.0,52.3,15.9,2.0,1.8
Quakers Hill,353.0,2693.0,3477.0,1399.0,166.0,4.4,33.3,43.0,17.3,2.1
Queens Park (NSW),153.0,484.0,339.0,71.0,35.0,14.1,44.7,31.3,6.6,3.2
Raby,45.0,531.0,759.0,485.0,50.0,2.4,28.4,40.6,25.9,2.7
Ramsgate,25.0,98.0,110.0,57.0,9.0,8.4,32.8,36.8,19.1,3.0
Ramsgate Beach,103.0,344.0,178.0,43.0,27.0,14.8,49.5,25.6,6.2,3.9
Randwick,2124.0,5433.0,2629.0,508.0,336.0,19.3,49.3,23.8,4.6,3.0
Rankin Park,21.0,259.0,411.0,176.0,18.0,2.4,29.3,46.4,19.9,2.0
Redfern,2067.0,2262.0,657.0,128.0,255.0,38.5,42.1,12.2,2.4,4.7
Redhead,100.0,480.0,486.0,223.0,50.0,7.5,35.8,36.3,16.7,3.7
Regents Park (NSW),210.0,575.0,409.0,152.0,78.0,14.7,40.4,28.7,10.7,5.5
Regentville,14.0,50.0,72.0,55.0,5.0,7.1,25.5,36.7,28.1,2.6
Revesby,487.0,1658.0,1430.0,617.0,173.0,11.2,38.0,32.8,14.1,4.0
Revesby Heights,27.0,131.0,183.0,96.0,16.0,6.0,28.9,40.4,21.2,3.5
Rhodes,330.0,1254.0,462.0,89.0,37.0,15.2,57.7,21.3,4.1,1.7
Riverstone,173.0,686.0,747.0,419.0,91.0,8.2,32.4,35.3,19.8,4.3
Riverview (Lane Cove - NSW),34.0,266.0,486.0,155.0,12.0,3.6,27.9,51.0,16.3,1.3
Riverwood,880.0,1531.0,893.0,275.0,210.0,23.2,40.4,23.6,7.3,5.5
Rockdale,954.0,2259.0,989.0,330.0,156.0,20.3,48.2,21.1,7.0,3.3
Rocky Point (NSW),0.0,32.0,47.0,12.0,3.0,0.0,34.0,50.0,12.8,3.2
Rodd Point,31.0,166.0,202.0,57.0,12.0,6.6,35.5,43.2,12.2,2.6
Rooty Hill,290.0,1388.0,1390.0,620.0,113.0,7.6,36.5,36.6,16.3,3.0
Rose Bay (NSW),510.0,1625.0,1174.0,290.0,102.0,13.8,43.9,31.7,7.8,2.8
Rosebery (NSW),384.0,1406.0,853.0,231.0,78.0,13.0,47.6,28.9,7.8,2.6
Roselands,352.0,1307.0,1307.0,545.0,135.0,9.7,35.8,35.8,14.9,3.7
Rosemeadow,189.0,836.0,827.0,405.0,90.0,8.1,35.6,35.2,17.3,3.8
Roseville,150.0,1116.0,1247.0,412.0,56.0,5.0,37.4,41.8,13.8,1.9
Roseville Chase,11.0,155.0,229.0,98.0,8.0,2.2,30.9,45.7,19.6,1.6
Rouse Hill,39.0,484.0,1106.0,452.0,29.0,1.8,22.9,52.4,21.4,1.4
Rozelle,377.0,1751.0,957.0,135.0,50.0,11.5,53.5,29.3,4.1,1.5
Ruse,59.0,600.0,790.0,373.0,41.0,3.2,32.2,42.4,20.0,2.2
Rushcutters Bay,565.0,511.0,100.0,9.0,24.0,46.7,42.3,8.3,0.7,2.0
Russell Lea,187.0,654.0,677.0,219.0,50.0,10.5,36.6,37.9,12.3,2.8
Russell Vale,42.0,195.0,220.0,86.0,8.0,7.6,35.4,39.9,15.6,1.5
Rydalmere,238.0,735.0,786.0,264.0,56.0,11.4,35.4,37.8,12.7,2.7
Ryde,984.0,3355.0,2540.0,922.0,199.0,12.3,41.9,31.8,11.5,2.5
Sadleir,181.0,367.0,234.0,117.0,61.0,18.9,38.2,24.4,12.2,6.4
San Remo (NSW),76.0,611.0,513.0,217.0,52.0,5.2,41.6,34.9,14.8,3.5
Sandringham (NSW),34.0,143.0,159.0,50.0,11.0,8.6,36.0,40.1,12.6,2.8
Sans Souci,378.0,1504.0,1285.0,491.0,130.0,10.0,39.7,33.9,13.0,3.4
Saratoga,53.0,453.0,572.0,238.0,38.0,3.9,33.5,42.2,17.6,2.8
Scarborough (NSW),10.0,35.0,35.0,15.0,3.0,10.2,35.7,35.7,15.3,3.1
Schofields,65.0,371.0,489.0,307.0,41.0,5.1,29.1,38.4,24.1,3.2
Scotland Island,41.0,104.0,71.0,26.0,8.0,16.4,41.6,28.4,10.4,3.2
Seaforth (NSW),93.0,657.0,992.0,359.0,25.0,4.4,30.9,46.7,16.9,1.2
Sefton,184.0,611.0,539.0,237.0,75.0,11.2,37.1,32.7,14.4,4.6
Seven Hills (NSW),764.0,2348.0,2266.0,882.0,211.0,11.8,36.3,35.0,13.6,3.3
Shalvey,156.0,397.0,263.0,150.0,50.0,15.4,39.1,25.9,14.8,4.9
Shell Cove,12.0,289.0,643.0,256.0,14.0,1.0,23.8,53.0,21.1,1.2
Shellharbour,78.0,433.0,435.0,243.0,32.0,6.4,35.5,35.6,19.9,2.6
Shelly Beach (NSW),20.0,188.0,166.0,78.0,17.0,4.3,40.1,35.4,16.6,3.6
Shortland,151.0,618.0,476.0,202.0,54.0,10.1,41.2,31.7,13.5,3.6
Silverwater (Lake Macquarie - NSW),3.0,42.0,29.0,20.0,3.0,3.1,43.3,29.9,20.6,3.1
Smithfield (NSW),445.0,1235.0,1078.0,595.0,180.0,12.6,35.0,30.5,16.8,5.1
South Coogee,507.0,613.0,553.0,178.0,97.0,26.0,31.5,28.4,9.1,5.0
South Granville,272.0,489.0,360.0,210.0,93.0,19.1,34.3,25.3,14.7,6.5
South Hurstville,187.0,708.0,533.0,194.0,50.0,11.2,42.3,31.9,11.6,3.0
South Penrith,253.0,1385.0,1650.0,676.0,95.0,6.2,34.1,40.7,16.7,2.3
South Turramurra,18.0,272.0,490.0,157.0,18.0,1.9,28.5,51.3,16.4,1.9
South Wentworthville,173.0,752.0,626.0,280.0,56.0,9.2,39.9,33.2,14.8,3.0
Speers Point,82.0,465.0,466.0,219.0,53.0,6.4,36.2,36.3,17.0,4.1
Springfield (Gosford - NSW),86.0,529.0,554.0,202.0,33.0,6.1,37.7,39.5,14.4,2.4
Springwood (NSW),274.0,1157.0,1171.0,454.0,77.0,8.7,36.9,37.4,14.5,2.5
St Andrews (NSW),85.0,524.0,732.0,407.0,40.0,4.8,29.3,40.9,22.8,2.2
St Clair (Penrith - NSW),165.0,1581.0,2562.0,1649.0,129.0,2.7,26.0,42.1,27.1,2.1
St Helens Park,81.0,679.0,859.0,330.0,38.0,4.1,34.2,43.2,16.6,1.9
St Huberts Island,18.0,149.0,179.0,61.0,13.0,4.3,35.5,42.6,14.5,3.1
St Ives (NSW),129.0,1404.0,2457.0,1117.0,91.0,2.5,27.0,47.3,21.5,1.8
St Ives Chase,11.0,193.0,510.0,240.0,11.0,1.1,20.0,52.8,24.9,1.1
St Johns Park,105.0,452.0,663.0,403.0,49.0,6.3,27.0,39.7,24.1,2.9
St Leonards (NSW),615.0,1129.0,287.0,32.0,23.0,29.5,54.1,13.8,1.5,1.1
St Marys (NSW),654.0,1742.0,1057.0,430.0,222.0,15.9,42.4,25.7,10.5,5.4
St Peters (NSW),223.0,603.0,247.0,56.0,31.0,19.2,52.0,21.3,4.8,2.7
Stanhope Gardens,82.0,759.0,1152.0,346.0,54.0,3.4,31.7,48.1,14.5,2.3
Stanmore (NSW),627.0,1549.0,662.0,173.0,79.0,20.3,50.1,21.4,5.6,2.6
Stockton (NSW),216.0,578.0,452.0,185.0,56.0,14.5,38.9,30.4,12.4,3.8
Strathfield (NSW),1407.0,2747.0,2021.0,1048.0,257.0,18.8,36.7,27.0,14.0,3.4
Strathfield South,98.0,418.0,391.0,150.0,19.0,9.1,38.8,36.3,13.9,1.8
Summer Hill (Ashfield - NSW),583.0,1420.0,540.0,105.0,66.0,21.5,52.3,19.9,3.9,2.4
Surry Hills,3267.0,2824.0,591.0,64.0,209.0,47.0,40.6,8.5,0.9,3.0
Sutherland (NSW),533.0,2223.0,1160.0,274.0,120.0,12.4,51.6,26.9,6.4,2.8
Swansea (NSW),274.0,922.0,527.0,234.0,98.0,13.3,44.9,25.6,11.4,4.8
Swansea Heads,11.0,64.0,101.0,50.0,5.0,4.8,27.7,43.7,21.6,2.2
Sydenham (NSW),76.0,191.0,91.0,24.0,6.0,19.6,49.2,23.5,6.2,1.5
Sydney,3171.0,1753.0,256.0,29.0,144.0,59.2,32.7,4.8,0.5,2.7
Sylvania,289.0,1114.0,1390.0,644.0,121.0,8.1,31.3,39.1,18.1,3.4
Sylvania Waters,35.0,290.0,466.0,260.0,22.0,3.3,27.0,43.4,24.2,2.1
Tacoma,3.0,68.0,86.0,74.0,3.0,1.3,29.1,36.8,31.6,1.3
Tacoma South,0.0,21.0,30.0,31.0,3.0,0.0,24.7,35.3,36.5,3.5
Tamarama,77.0,252.0,156.0,19.0,16.0,14.8,48.5,30.0,3.7,3.1
Taren Point,48.0,262.0,226.0,97.0,27.0,7.3,39.7,34.2,14.7,4.1
Tarrawanna,88.0,298.0,244.0,115.0,30.0,11.4,38.5,31.5,14.8,3.9
Tascott,31.0,233.0,242.0,56.0,19.0,5.3,40.1,41.7,9.6,3.3
Tempe,182.0,524.0,313.0,97.0,40.0,15.7,45.3,27.1,8.4,3.5
Teralba,59.0,216.0,179.0,104.0,12.0,10.4,37.9,31.4,18.2,2.1
Terrey Hills,20.0,187.0,413.0,284.0,19.0,2.2,20.3,44.7,30.8,2.1
Terrigal,224.0,1411.0,1596.0,621.0,113.0,5.6,35.6,40.3,15.7,2.8
The Entrance,319.0,834.0,348.0,84.0,96.0,19.0,49.6,20.7,5.0,5.7
The Entrance North,45.0,247.0,170.0,71.0,29.0,8.0,44.0,30.2,12.6,5.2
The Hill,76.0,342.0,279.0,65.0,30.0,9.6,43.2,35.2,8.2,3.8
The Junction,95.0,245.0,224.0,75.0,19.0,14.4,37.2,34.0,11.4,2.9
Thirroul,164.0,722.0,787.0,289.0,52.0,8.1,35.8,39.1,14.3,2.6
Thornleigh,151.0,973.0,1129.0,373.0,50.0,5.6,36.4,42.2,13.9,1.9
Tighes Hill,83.0,308.0,190.0,48.0,30.0,12.6,46.7,28.8,7.3,4.6
Tingira Heights,14.0,183.0,320.0,137.0,10.0,2.1,27.6,48.2,20.6,1.5
Toongabbie (NSW),372.0,1743.0,1510.0,605.0,128.0,8.5,40.0,34.6,13.9,2.9
Toowoon Bay,38.0,112.0,64.0,27.0,16.0,14.8,43.6,24.9,10.5,6.2
Toronto,254.0,906.0,621.0,259.0,83.0,12.0,42.7,29.3,12.2,3.9
Toukley,294.0,756.0,470.0,159.0,114.0,16.4,42.2,26.2,8.9,6.4
Towradgi,157.0,434.0,398.0,166.0,50.0,13.0,36.0,33.0,13.8,4.1
Tregear,240.0,512.0,283.0,90.0,100.0,19.6,41.8,23.1,7.3,8.2
Tuggerah,22.0,168.0,121.0,35.0,16.0,6.1,46.4,33.4,9.7,4.4
Tuggerawong,45.0,171.0,157.0,69.0,18.0,9.8,37.2,34.1,15.0,3.9
Tumbi Umbi,95.0,612.0,641.0,339.0,45.0,5.5,35.3,37.0,19.6,2.6
Turramurra,220.0,1305.0,1552.0,612.0,62.0,5.9,34.8,41.4,16.3,1.7
Turrella,47.0,171.0,149.0,78.0,18.0,10.2,36.9,32.2,16.8,3.9
Ultimo,1388.0,951.0,153.0,26.0,66.0,53.7,36.8,5.9,1.0,2.6
Umina Beach,787.0,2705.0,1886.0,640.0,270.0,12.5,43.0,30.0,10.2,4.3
Unanderra,349.0,901.0,612.0,216.0,107.0,16.0,41.2,28.0,9.9,4.9
Valentine (NSW),32.0,524.0,952.0,432.0,31.0,1.6,26.6,48.3,21.9,1.6
Valley Heights,21.0,146.0,212.0,100.0,8.0,4.3,30.0,43.5,20.5,1.6
Vaucluse,200.0,1014.0,1221.0,534.0,87.0,6.5,33.2,40.0,17.5,2.8
Villawood,399.0,649.0,383.0,192.0,121.0,22.9,37.2,22.0,11.0,6.9
Voyager Point,0.0,58.0,208.0,98.0,3.0,0.0,15.8,56.7,26.7,0.8
Wahroonga,220.0,1707.0,2373.0,937.0,98.0,4.1,32.0,44.5,17.6,1.8
Waitara,429.0,1348.0,347.0,69.0,55.0,19.1,60.0,15.4,3.1,2.4
Wakeley,83.0,391.0,518.0,331.0,30.0,6.1,28.9,38.3,24.5,2.2
Wallsend,566.0,1853.0,1592.0,609.0,195.0,11.8,38.5,33.1,12.6,4.0
Wamberal,89.0,600.0,968.0,427.0,54.0,4.2,28.1,45.3,20.0,2.5
Warabrook,44.0,284.0,263.0,124.0,25.0,5.9,38.4,35.5,16.8,3.4
Waratah (NSW),302.0,776.0,483.0,181.0,60.0,16.8,43.1,26.8,10.0,3.3
Waratah West,107.0,423.0,310.0,150.0,41.0,10.4,41.0,30.1,14.5,4.0
Wareemba,60.0,235.0,191.0,68.0,15.0,10.5,41.3,33.6,12.0,2.6
Warilla,368.0,1068.0,690.0,264.0,115.0,14.7,42.6,27.5,10.5,4.6
Warners Bay,204.0,1192.0,1058.0,449.0,89.0,6.8,39.8,35.4,15.0,3.0
Warrawee,31.0,285.0,401.0,188.0,9.0,3.4,31.2,43.9,20.6,1.0
Warrawong,464.0,769.0,348.0,181.0,102.0,24.9,41.3,18.7,9.7,5.5
Warriewood,47.0,591.0,975.0,320.0,41.0,2.4,29.9,49.4,16.2,2.1
Warrimoo,43.0,272.0,320.0,157.0,16.0,5.3,33.7,39.6,19.4,2.0
Warwick Farm,464.0,740.0,285.0,67.0,110.0,27.9,44.4,17.1,4.0,6.6
Watanobbi,127.0,525.0,418.0,174.0,59.0,9.7,40.3,32.1,13.4,4.5
Waterloo (NSW),1926.0,2004.0,484.0,78.0,324.0,40.0,41.6,10.0,1.6,6.7
Watsons Bay,25.0,98.0,92.0,38.0,9.0,9.5,37.4,35.1,14.5,3.4
Wattle Grove (NSW),47.0,756.0,1258.0,439.0,43.0,1.8,29.7,49.5,17.3,1.7
Waverley (NSW),355.0,752.0,343.0,63.0,49.0,22.7,48.1,22.0,4.0,3.1
Waverton,191.0,743.0,276.0,40.0,21.0,15.0,58.5,21.7,3.1,1.7
Wentworthville,518.0,1687.0,989.0,316.0,122.0,14.3,46.4,27.2,8.7,3.4
Werrington,189.0,652.0,396.0,149.0,55.0,13.1,45.2,27.5,10.3,3.8
Werrington County,32.0,337.0,528.0,283.0,27.0,2.7,27.9,43.7,23.4,2.2
Werrington Downs,30.0,280.0,462.0,260.0,12.0,2.9,26.8,44.3,24.9,1.1
West Gosford,137.0,309.0,117.0,32.0,26.0,22.1,49.8,18.8,5.2,4.2
West Hoxton,28.0,414.0,1242.0,661.0,57.0,1.2,17.2,51.7,27.5,2.4
West Pennant Hills,141.0,1091.0,2320.0,1388.0,80.0,2.8,21.7,46.2,27.6,1.6
West Pymble,69.0,435.0,810.0,309.0,24.0,4.2,26.4,49.2,18.8,1.5
West Ryde,672.0,2171.0,1154.0,406.0,104.0,14.9,48.2,25.6,9.0,2.3
West Wallsend,45.0,210.0,215.0,135.0,20.0,7.2,33.6,34.4,21.6,3.2
West Wollongong,195.0,712.0,571.0,180.0,54.0,11.4,41.6,33.4,10.5,3.2
Westleigh,28.0,366.0,748.0,313.0,5.0,1.9,25.1,51.2,21.4,0.3
Westmead,849.0,2788.0,936.0,204.0,126.0,17.3,56.9,19.1,4.2,2.6
Wetherill Park,112.0,551.0,664.0,450.0,43.0,6.2,30.3,36.5,24.7,2.4
Whalan,397.0,761.0,468.0,168.0,116.0,20.8,39.8,24.5,8.8,6.1
Whitebridge,32.0,275.0,391.0,193.0,24.0,3.5,30.1,42.7,21.1,2.6
Wickham (NSW),59.0,179.0,142.0,35.0,14.0,13.8,41.7,33.1,8.2,3.3
Wiley Park,472.0,1421.0,697.0,252.0,149.0,15.8,47.5,23.3,8.4,5.0
Willmot,151.0,296.0,205.0,68.0,53.0,19.5,38.3,26.5,8.8,6.9
Willoughby (NSW),182.0,998.0,697.0,177.0,47.0,8.7,47.5,33.2,8.4,2.2
Willoughby East,21.0,193.0,262.0,58.0,13.0,3.8,35.3,47.9,10.6,2.4
Windale,324.0,530.0,214.0,82.0,82.0,26.3,43.0,17.4,6.7,6.7
Windang,135.0,586.0,283.0,96.0,66.0,11.6,50.3,24.3,8.2,5.7
Winmalee,76.0,647.0,999.0,482.0,37.0,3.4,28.9,44.6,21.5,1.7
Winston Hills,195.0,1109.0,1741.0,652.0,73.0,5.2,29.4,46.2,17.3,1.9
Wollongong,1456.0,3346.0,1756.0,517.0,297.0,19.8,45.4,23.8,7.0,4.0
Wollstonecraft,610.0,2087.0,847.0,146.0,59.0,16.3,55.7,22.6,3.9,1.6
Wombarra,12.0,112.0,134.0,50.0,8.0,3.8,35.4,42.4,15.8,2.5
Woodbine (NSW),28.0,281.0,310.0,201.0,25.0,3.3,33.3,36.7,23.8,3.0
Woodcroft (NSW),61.0,558.0,795.0,364.0,40.0,3.4,30.7,43.7,20.0,2.2
Woodpark,18.0,139.0,185.0,79.0,3.0,4.2,32.8,43.6,18.6,0.7
Woodrising,10.0,129.0,177.0,71.0,9.0,2.5,32.6,44.7,17.9,2.3
Woollahra,547.0,1463.0,784.0,167.0,123.0,17.7,47.4,25.4,5.4,4.0
Woolloomooloo,783.0,687.0,153.0,25.0,55.0,46.0,40.3,9.0,1.5,3.2
Woolooware,108.0,521.0,611.0,224.0,44.0,7.2,34.5,40.5,14.9,2.9
Woolwich,18.0,92.0,108.0,59.0,3.0,6.4,32.9,38.6,21.1,1.1
Woonona,431.0,1575.0,1615.0,571.0,116.0,10.0,36.6,37.5,13.3,2.7
Woronora,28.0,160.0,346.0,170.0,13.0,3.9,22.3,48.3,23.7,1.8
Woronora Heights,6.0,99.0,407.0,320.0,8.0,0.7,11.8,48.5,38.1,1.0
Woy Woy,852.0,2007.0,981.0,279.0,219.0,19.6,46.3,22.6,6.4,5.0
Woy Woy Bay,7.0,47.0,62.0,33.0,4.0,4.6,30.7,40.5,21.6,2.6
Wyoming,433.0,1581.0,1131.0,426.0,134.0,11.7,42.7,30.5,11.5,3.6
Wyong,293.0,694.0,366.0,138.0,78.0,18.7,44.2,23.3,8.8,5.0
Wyongah,38.0,212.0,290.0,119.0,18.0,5.6,31.3,42.8,17.6,2.7
Yagoona,576.0,1809.0,1555.0,733.0,179.0,11.9,37.3,32.0,15.1,3.7
Yarrawarrah,19.0,181.0,443.0,296.0,7.0,2.0,19.1,46.8,31.3,0.7
Yattalunga (NSW),4.0,59.0,90.0,27.0,5.0,2.2,31.9,48.6,14.6,2.7
Yennora,127.0,138.0,114.0,48.0,17.0,28.6,31.1,25.7,10.8,3.8
Yowie Bay,40.0,247.0,471.0,262.0,40.0,3.8,23.3,44.4,24.7,3.8
Zetland,237.0,952.0,391.0,51.0,18.0,14.4,57.7,23.7,3.1,1.1
