,"Both employed, worked full-time","Both employed, worked part-time","One employed full-time, one part-time","One employed full-time, other not working","One employed part-time, other not working",Both not working,Other,Labour force status not stated,"Both employed, worked full-time (%)","Both employed, worked part-time (%)","One employed full-time, one part-time (%)","One employed full-time, other not working (%)","One employed part-time, other not working (%)",Both not working (%),Other (%),Labour force status not stated (%)
Abbotsbury,261.0,31.0,266.0,156.0,48.0,117.0,56.0,45.0,26.6,3.2,27.1,15.9,4.9,11.9,5.7,4.6
New South Wales,327626.0,54280.0,306829.0,239315.0,83287.0,308233.0,89812.0,91486.0,21.8,3.6,20.4,15.9,5.5,20.5,6.0,6.1
Australia,1015165.0,174795.0,1001907.0,736322.0,251191.0,899598.0,291196.0,314529.0,21.7,3.7,21.4,15.7,5.4,19.2,6.2,6.7
Abbotsford (NSW),318.0,32.0,224.0,182.0,63.0,232.0,85.0,87.0,26.0,2.6,18.3,14.9,5.2,19.0,7.0,7.1
Acacia Gardens,306.0,20.0,228.0,141.0,26.0,60.0,67.0,41.0,34.4,2.2,25.6,15.9,2.9,6.7,7.5,4.6
Adamstown,261.0,42.0,303.0,148.0,41.0,191.0,80.0,70.0,23.0,3.7,26.7,13.0,3.6,16.8,7.0,6.2
Adamstown Heights,231.0,47.0,328.0,148.0,83.0,349.0,80.0,78.0,17.2,3.5,24.4,11.0,6.2,26.0,6.0,5.8
Airds,27.0,3.0,15.0,62.0,34.0,179.0,11.0,35.0,7.4,0.8,4.1,16.9,9.3,48.9,3.0,9.6
Albion Park,643.0,83.0,829.0,520.0,110.0,451.0,225.0,161.0,21.3,2.7,27.4,17.2,3.6,14.9,7.4,5.3
Albion Park Rail,247.0,46.0,339.0,266.0,78.0,354.0,84.0,84.0,16.5,3.1,22.6,17.8,5.2,23.6,5.6,5.6
Alexandria,740.0,42.0,260.0,184.0,38.0,61.0,88.0,122.0,48.2,2.7,16.9,12.0,2.5,4.0,5.7,7.9
Alfords Point,216.0,23.0,240.0,123.0,37.0,91.0,49.0,48.0,26.1,2.8,29.0,14.9,4.5,11.0,5.9,5.8
Allambie Heights,295.0,56.0,451.0,232.0,81.0,286.0,80.0,90.0,18.8,3.6,28.7,14.8,5.2,18.2,5.1,5.7
Allawah,318.0,49.0,185.0,272.0,84.0,191.0,62.0,62.0,26.0,4.0,15.1,22.2,6.9,15.6,5.1,5.1
Ambarvale,288.0,23.0,233.0,308.0,59.0,218.0,92.0,70.0,22.3,1.8,18.0,23.9,4.6,16.9,7.1,5.4
Annandale (NSW),625.0,67.0,414.0,274.0,68.0,126.0,133.0,117.0,34.3,3.7,22.7,15.0,3.7,6.9,7.3,6.4
Argenton,50.0,8.0,49.0,49.0,15.0,78.0,11.0,13.0,18.3,2.9,17.9,17.9,5.5,28.6,4.0,4.8
Arncliffe,351.0,61.0,243.0,301.0,137.0,391.0,124.0,122.0,20.3,3.5,14.0,17.4,7.9,22.6,7.2,7.1
Artarmon,609.0,71.0,384.0,390.0,88.0,208.0,101.0,106.0,31.1,3.6,19.6,19.9,4.5,10.6,5.2,5.4
Ashbury,153.0,41.0,174.0,108.0,49.0,152.0,37.0,40.0,20.3,5.4,23.1,14.3,6.5,20.2,4.9,5.3
Ashcroft,61.0,15.0,41.0,81.0,55.0,202.0,31.0,48.0,11.4,2.8,7.7,15.2,10.3,37.8,5.8,9.0
Ashfield (NSW),1055.0,227.0,796.0,845.0,251.0,716.0,286.0,264.0,23.8,5.1,17.9,19.0,5.7,16.1,6.4,5.9
Asquith,163.0,35.0,204.0,162.0,37.0,144.0,48.0,47.0,19.4,4.2,24.3,19.3,4.4,17.1,5.7,5.6
Auburn (NSW),754.0,233.0,560.0,1440.0,694.0,1901.0,417.0,440.0,11.7,3.6,8.7,22.4,10.8,29.5,6.5,6.8
Austinmer,110.0,29.0,155.0,72.0,19.0,96.0,41.0,44.0,19.4,5.1,27.4,12.7,3.4,17.0,7.2,7.8
Avoca Beach,166.0,47.0,277.0,137.0,62.0,171.0,57.0,82.0,16.6,4.7,27.7,13.7,6.2,17.1,5.7,8.2
Balgowlah,394.0,79.0,433.0,319.0,102.0,223.0,107.0,101.0,22.4,4.5,24.6,18.1,5.8,12.7,6.1,5.7
Balgowlah Heights,135.0,37.0,195.0,169.0,46.0,122.0,49.0,61.0,16.6,4.5,24.0,20.8,5.7,15.0,6.0,7.5
Balgownie,249.0,44.0,296.0,185.0,60.0,358.0,75.0,65.0,18.7,3.3,22.2,13.9,4.5,26.9,5.6,4.9
Balmain,795.0,66.0,416.0,326.0,87.0,167.0,157.0,151.0,36.7,3.0,19.2,15.1,4.0,7.7,7.3,7.0
Balmain East,122.0,11.0,100.0,70.0,21.0,52.0,32.0,36.0,27.5,2.5,22.5,15.8,4.7,11.7,7.2,8.1
Bangor (NSW),329.0,53.0,427.0,215.0,58.0,165.0,87.0,60.0,23.6,3.8,30.6,15.4,4.2,11.8,6.2,4.3
Banksia,168.0,32.0,129.0,118.0,36.0,171.0,41.0,40.0,22.9,4.4,17.6,16.1,4.9,23.3,5.6,5.4
Bankstown,882.0,154.0,575.0,1331.0,589.0,1577.0,354.0,328.0,15.2,2.7,9.9,23.0,10.2,27.2,6.1,5.7
Bar Beach,40.0,12.0,54.0,26.0,7.0,28.0,7.0,20.0,20.6,6.2,27.8,13.4,3.6,14.4,3.6,10.3
Barden Ridge,251.0,24.0,335.0,139.0,29.0,75.0,69.0,39.0,26.1,2.5,34.9,14.5,3.0,7.8,7.2,4.1
Bardwell Park,121.0,26.0,128.0,99.0,25.0,105.0,33.0,18.0,21.8,4.7,23.1,17.8,4.5,18.9,5.9,3.2
Bardwell Valley,112.0,14.0,82.0,93.0,37.0,79.0,37.0,30.0,23.1,2.9,16.9,19.2,7.6,16.3,7.6,6.2
Barnsley,94.0,24.0,110.0,71.0,10.0,66.0,30.0,17.0,22.3,5.7,26.1,16.8,2.4,15.6,7.1,4.0
Barrack Heights,169.0,28.0,251.0,207.0,72.0,399.0,86.0,66.0,13.2,2.2,19.6,16.2,5.6,31.2,6.7,5.2
Barrack Point,17.0,4.0,32.0,28.0,4.0,40.0,8.0,4.0,12.4,2.9,23.4,20.4,2.9,29.2,5.8,2.9
Bass Hill,252.0,34.0,249.0,311.0,135.0,439.0,113.0,94.0,15.5,2.1,15.3,19.1,8.3,27.0,6.9,5.8
Bateau Bay,461.0,92.0,568.0,272.0,133.0,679.0,150.0,153.0,18.4,3.7,22.6,10.8,5.3,27.1,6.0,6.1
Baulkham Hills,2113.0,250.0,1978.0,1477.0,444.0,1361.0,515.0,403.0,24.7,2.9,23.2,17.3,5.2,15.9,6.0,4.7
Bayview (NSW),111.0,43.0,157.0,95.0,47.0,225.0,29.0,47.0,14.7,5.7,20.8,12.6,6.2,29.8,3.8,6.2
Beacon Hill,366.0,66.0,452.0,237.0,72.0,301.0,95.0,88.0,21.8,3.9,27.0,14.1,4.3,17.9,5.7,5.2
Beaconsfield (NSW),91.0,10.0,31.0,32.0,4.0,13.0,13.0,6.0,45.5,5.0,15.5,16.0,2.0,6.5,6.5,3.0
Beecroft,484.0,87.0,571.0,330.0,141.0,404.0,98.0,127.0,21.6,3.9,25.5,14.7,6.3,18.0,4.4,5.7
Belfield,258.0,36.0,212.0,224.0,81.0,313.0,98.0,91.0,19.6,2.7,16.1,17.1,6.2,23.8,7.5,6.9
Bella Vista,553.0,57.0,423.0,302.0,58.0,172.0,130.0,115.0,30.6,3.1,23.4,16.7,3.2,9.5,7.2,6.4
Bellambi,102.0,26.0,134.0,90.0,44.0,196.0,42.0,39.0,15.2,3.9,19.9,13.4,6.5,29.1,6.2,5.8
Bellevue Hill,531.0,98.0,494.0,427.0,124.0,239.0,117.0,154.0,24.3,4.5,22.6,19.6,5.7,10.9,5.4,7.1
Belmont (NSW),232.0,36.0,301.0,161.0,72.0,441.0,75.0,104.0,16.3,2.5,21.2,11.3,5.1,31.0,5.3,7.3
Belmont North,259.0,42.0,358.0,202.0,82.0,349.0,93.0,79.0,17.7,2.9,24.5,13.8,5.6,23.8,6.4,5.4
Belmont South,32.0,4.0,51.0,28.0,9.0,79.0,8.0,19.0,13.9,1.7,22.2,12.2,3.9,34.3,3.5,8.3
Belmore,407.0,79.0,329.0,516.0,200.0,699.0,151.0,162.0,16.0,3.1,12.9,20.3,7.9,27.5,5.9,6.4
Belrose,365.0,57.0,533.0,275.0,138.0,467.0,108.0,95.0,17.9,2.8,26.2,13.5,6.8,22.9,5.3,4.7
Bensville,113.0,28.0,195.0,105.0,30.0,97.0,49.0,40.0,17.2,4.3,29.7,16.0,4.6,14.8,7.5,6.1
Berala,314.0,76.0,191.0,406.0,156.0,475.0,92.0,116.0,17.2,4.2,10.5,22.2,8.5,26.0,5.0,6.4
Berkeley,212.0,41.0,285.0,271.0,92.0,448.0,80.0,80.0,14.0,2.7,18.9,18.0,6.1,29.7,5.3,5.3
Berkeley Vale,365.0,63.0,445.0,285.0,102.0,306.0,115.0,82.0,20.7,3.6,25.2,16.2,5.8,17.4,6.5,4.7
Berowra,253.0,40.0,337.0,188.0,57.0,142.0,68.0,60.0,22.1,3.5,29.4,16.4,5.0,12.4,5.9,5.2
Berowra Heights,292.0,47.0,398.0,170.0,75.0,183.0,78.0,58.0,22.4,3.6,30.6,13.1,5.8,14.1,6.0,4.5
Beverley Park,98.0,18.0,113.0,92.0,30.0,117.0,31.0,19.0,18.9,3.5,21.8,17.8,5.8,22.6,6.0,3.7
Beverly Hills,470.0,76.0,376.0,402.0,115.0,522.0,117.0,115.0,21.4,3.5,17.1,18.3,5.2,23.8,5.3,5.2
Bexley,925.0,120.0,744.0,703.0,272.0,823.0,296.0,237.0,22.5,2.9,18.1,17.1,6.6,20.0,7.2,5.8
Bexley North,180.0,37.0,145.0,151.0,51.0,248.0,44.0,50.0,19.9,4.1,16.0,16.7,5.6,27.4,4.9,5.5
Bidwill (NSW),59.0,10.0,50.0,93.0,48.0,216.0,25.0,33.0,11.0,1.9,9.4,17.4,9.0,40.4,4.7,6.2
Birchgrove,244.0,37.0,148.0,121.0,31.0,65.0,53.0,65.0,31.9,4.8,19.4,15.8,4.1,8.5,6.9,8.5
Birmingham Gardens,55.0,9.0,65.0,51.0,28.0,102.0,19.0,13.0,16.1,2.6,19.0,14.9,8.2,29.8,5.6,3.8
Birrong,110.0,7.0,66.0,119.0,41.0,151.0,19.0,37.0,20.0,1.3,12.0,21.6,7.5,27.5,3.5,6.7
Blackalls Park,88.0,19.0,139.0,88.0,30.0,181.0,27.0,32.0,14.6,3.1,23.0,14.6,5.0,30.0,4.5,5.3
Blackbutt (NSW),143.0,25.0,163.0,127.0,38.0,163.0,51.0,43.0,19.0,3.3,21.6,16.9,5.0,21.6,6.8,5.7
Blackett,69.0,8.0,53.0,113.0,38.0,159.0,26.0,42.0,13.6,1.6,10.4,22.2,7.5,31.3,5.1,8.3
Blacksmiths,66.0,4.0,84.0,34.0,22.0,134.0,24.0,18.0,17.1,1.0,21.8,8.8,5.7,34.7,6.2,4.7
Blacktown,2069.0,270.0,1443.0,1988.0,558.0,1840.0,568.0,503.0,22.4,2.9,15.6,21.5,6.0,19.9,6.1,5.4
Blackwall (NSW),46.0,14.0,65.0,56.0,28.0,102.0,16.0,22.0,13.2,4.0,18.6,16.0,8.0,29.2,4.6,6.3
Blairmount,30.0,0.0,15.0,18.0,0.0,11.0,3.0,3.0,37.5,0.0,18.8,22.5,0.0,13.8,3.8,3.8
Blakehurst,337.0,50.0,343.0,207.0,78.0,245.0,74.0,92.0,23.6,3.5,24.1,14.5,5.5,17.2,5.2,6.5
Blaxland (NSW),419.0,63.0,472.0,266.0,88.0,314.0,99.0,83.0,23.2,3.5,26.2,14.7,4.9,17.4,5.5,4.6
Blue Bay,35.0,12.0,33.0,33.0,13.0,65.0,3.0,10.0,17.2,5.9,16.2,16.2,6.4,31.9,1.5,4.9
Blue Haven,280.0,41.0,253.0,194.0,62.0,308.0,84.0,84.0,21.4,3.1,19.4,14.9,4.7,23.6,6.4,6.4
Bolton Point,66.0,13.0,62.0,57.0,36.0,158.0,26.0,23.0,15.0,2.9,14.1,12.9,8.2,35.8,5.9,5.2
Bondi,589.0,85.0,366.0,230.0,79.0,211.0,105.0,126.0,32.9,4.7,20.4,12.8,4.4,11.8,5.9,7.0
Bondi Beach,695.0,79.0,370.0,282.0,77.0,157.0,121.0,155.0,35.9,4.1,19.1,14.6,4.0,8.1,6.2,8.0
Bondi Junction,506.0,69.0,272.0,227.0,73.0,234.0,105.0,92.0,32.1,4.4,17.2,14.4,4.6,14.8,6.7,5.8
Bonnet Bay,130.0,21.0,152.0,105.0,20.0,99.0,42.0,24.0,21.9,3.5,25.6,17.7,3.4,16.7,7.1,4.0
Bonnyrigg,250.0,36.0,155.0,280.0,102.0,469.0,92.0,87.0,17.0,2.4,10.5,19.0,6.9,31.9,6.3,5.9
Bonnyrigg Heights,342.0,35.0,247.0,318.0,98.0,333.0,98.0,84.0,22.0,2.3,15.9,20.5,6.3,21.4,6.3,5.4
Booker Bay,25.0,12.0,26.0,31.0,16.0,97.0,19.0,12.0,10.5,5.0,10.9,13.0,6.7,40.8,8.0,5.0
Boolaroo,44.0,4.0,32.0,25.0,14.0,46.0,16.0,11.0,22.9,2.1,16.7,13.0,7.3,24.0,8.3,5.7
Booragul,38.0,9.0,50.0,33.0,17.0,69.0,9.0,19.0,15.6,3.7,20.5,13.5,7.0,28.3,3.7,7.8
Bossley Park,612.0,72.0,502.0,590.0,221.0,844.0,188.0,155.0,19.2,2.3,15.8,18.5,6.9,26.5,5.9,4.9
Botany,562.0,66.0,437.0,269.0,65.0,253.0,131.0,98.0,29.9,3.5,23.2,14.3,3.5,13.5,7.0,5.2
Bow Bowing,100.0,11.0,83.0,75.0,11.0,31.0,26.0,17.0,28.2,3.1,23.4,21.2,3.1,8.8,7.3,4.8
Bradbury (NSW),386.0,57.0,331.0,346.0,105.0,387.0,130.0,82.0,21.2,3.1,18.1,19.0,5.8,21.2,7.1,4.5
Broadmeadow,61.0,17.0,72.0,40.0,10.0,47.0,16.0,26.0,21.1,5.9,24.9,13.8,3.5,16.3,5.5,9.0
Bronte,422.0,67.0,348.0,234.0,63.0,162.0,88.0,107.0,28.3,4.5,23.3,15.7,4.2,10.9,5.9,7.2
Brookvale,166.0,13.0,119.0,75.0,22.0,51.0,44.0,24.0,32.3,2.5,23.2,14.6,4.3,9.9,8.6,4.7
Budgewoi,102.0,23.0,102.0,89.0,32.0,242.0,35.0,64.0,14.8,3.3,14.8,12.9,4.6,35.1,5.1,9.3
Buff Point,122.0,20.0,138.0,100.0,31.0,237.0,43.0,43.0,16.6,2.7,18.8,13.6,4.2,32.3,5.9,5.9
Bulli,258.0,55.0,344.0,169.0,53.0,217.0,92.0,79.0,20.4,4.3,27.2,13.3,4.2,17.1,7.3,6.2
Burwood (NSW),519.0,112.0,358.0,449.0,171.0,513.0,101.0,160.0,21.8,4.7,15.0,18.8,7.2,21.5,4.2,6.7
Burwood Heights,42.0,7.0,34.0,24.0,5.0,39.0,13.0,16.0,23.3,3.9,18.9,13.3,2.8,21.7,7.2,8.9
Busby,85.0,20.0,69.0,117.0,56.0,243.0,40.0,43.0,12.6,3.0,10.3,17.4,8.3,36.1,5.9,6.4
Cabarita (NSW),126.0,14.0,103.0,75.0,38.0,110.0,32.0,28.0,24.0,2.7,19.6,14.3,7.2,20.9,6.1,5.3
Cabramatta,409.0,124.0,252.0,824.0,363.0,1209.0,189.0,252.0,11.3,3.4,7.0,22.7,10.0,33.4,5.2,7.0
Cabramatta West,167.0,37.0,127.0,237.0,83.0,412.0,64.0,82.0,13.8,3.1,10.5,19.6,6.9,34.1,5.3,6.8
Cambridge Gardens,135.0,11.0,101.0,89.0,24.0,50.0,56.0,15.0,28.1,2.3,21.0,18.5,5.0,10.4,11.6,3.1
Cambridge Park,300.0,30.0,251.0,274.0,56.0,253.0,78.0,66.0,22.9,2.3,19.2,20.9,4.3,19.3,6.0,5.0
Camden,163.0,24.0,144.0,102.0,19.0,101.0,46.0,22.0,26.2,3.9,23.2,16.4,3.1,16.3,7.4,3.5
Camden South,272.0,39.0,282.0,173.0,38.0,196.0,67.0,55.0,24.2,3.5,25.1,15.4,3.4,17.5,6.0,4.9
Cammeray,494.0,42.0,319.0,268.0,65.0,111.0,107.0,87.0,33.1,2.8,21.4,18.0,4.4,7.4,7.2,5.8
Campbelltown (NSW),442.0,46.0,313.0,368.0,102.0,503.0,114.0,105.0,22.2,2.3,15.7,18.5,5.1,25.2,5.7,5.3
Camperdown (NSW),619.0,42.0,249.0,195.0,38.0,69.0,64.0,78.0,45.7,3.1,18.4,14.4,2.8,5.1,4.7,5.8
Campsie,716.0,238.0,541.0,957.0,409.0,1115.0,243.0,270.0,16.0,5.3,12.1,21.3,9.1,24.8,5.4,6.0
Canada Bay,78.0,11.0,71.0,38.0,14.0,56.0,17.0,20.0,25.6,3.6,23.3,12.5,4.6,18.4,5.6,6.6
Canley Heights,320.0,53.0,189.0,418.0,164.0,644.0,107.0,104.0,16.0,2.7,9.5,20.9,8.2,32.2,5.4,5.2
Canley Vale,237.0,55.0,131.0,377.0,132.0,530.0,98.0,112.0,14.2,3.3,7.8,22.5,7.9,31.7,5.9,6.7
Canterbury (NSW),274.0,63.0,218.0,226.0,100.0,295.0,87.0,78.0,20.4,4.7,16.3,16.9,7.5,22.0,6.5,5.8
Canton Beach,24.0,4.0,14.0,21.0,9.0,114.0,0.0,10.0,12.2,2.0,7.1,10.7,4.6,58.2,0.0,5.1
Cardiff (NSW),241.0,39.0,272.0,180.0,56.0,270.0,92.0,71.0,19.7,3.2,22.3,14.7,4.6,22.1,7.5,5.8
Cardiff Heights,57.0,7.0,69.0,38.0,14.0,57.0,14.0,17.0,20.9,2.6,25.3,13.9,5.1,20.9,5.1,6.2
Cardiff South,127.0,18.0,188.0,99.0,32.0,136.0,41.0,39.0,18.7,2.6,27.6,14.6,4.7,20.0,6.0,5.7
Caringbah,594.0,85.0,552.0,317.0,88.0,331.0,149.0,127.0,26.5,3.8,24.6,14.1,3.9,14.8,6.6,5.7
Carlingford,1154.0,238.0,1005.0,922.0,364.0,1064.0,275.0,261.0,21.8,4.5,19.0,17.5,6.9,20.1,5.2,4.9
Carlton (NSW),529.0,83.0,364.0,395.0,139.0,432.0,129.0,130.0,24.0,3.8,16.5,17.9,6.3,19.6,5.9,5.9
Carramar (NSW),80.0,19.0,63.0,133.0,49.0,153.0,37.0,50.0,13.7,3.3,10.8,22.8,8.4,26.2,6.3,8.6
Carrington (Newcastle - NSW),88.0,11.0,59.0,48.0,11.0,52.0,24.0,30.0,27.2,3.4,18.3,14.9,3.4,16.1,7.4,9.3
Carss Park,63.0,4.0,80.0,36.0,22.0,57.0,20.0,10.0,21.6,1.4,27.4,12.3,7.5,19.5,6.8,3.4
Cartwright,33.0,4.0,33.0,76.0,27.0,132.0,15.0,29.0,9.5,1.1,9.5,21.8,7.7,37.8,4.3,8.3
Castle Cove,102.0,24.0,155.0,120.0,40.0,143.0,29.0,32.0,15.8,3.7,24.0,18.6,6.2,22.2,4.5,5.0
Castle Hill (NSW),2301.0,277.0,2115.0,1665.0,438.0,1433.0,456.0,526.0,25.0,3.0,23.0,18.1,4.8,15.6,5.0,5.7
Castlecrag,131.0,30.0,185.0,149.0,42.0,118.0,38.0,53.0,17.6,4.0,24.8,20.0,5.6,15.8,5.1,7.1
Casula,737.0,71.0,542.0,639.0,142.0,635.0,203.0,160.0,23.6,2.3,17.3,20.4,4.5,20.3,6.5,5.1
Caves Beach,125.0,30.0,232.0,126.0,63.0,288.0,61.0,61.0,12.7,3.0,23.5,12.8,6.4,29.2,6.2,6.2
Cecil Hills,435.0,39.0,309.0,283.0,79.0,210.0,102.0,90.0,28.1,2.5,20.0,18.3,5.1,13.6,6.6,5.8
Centennial Park (NSW),140.0,9.0,81.0,56.0,18.0,26.0,22.0,29.0,36.7,2.4,21.3,14.7,4.7,6.8,5.8,7.6
Charlestown (NSW),568.0,96.0,688.0,363.0,140.0,687.0,199.0,160.0,19.6,3.3,23.7,12.5,4.8,23.7,6.9,5.5
Charmhaven,70.0,11.0,98.0,70.0,33.0,113.0,30.0,17.0,15.8,2.5,22.2,15.8,7.5,25.6,6.8,3.8
Chatswood,1070.0,184.0,767.0,974.0,261.0,774.0,255.0,304.0,23.3,4.0,16.7,21.2,5.7,16.9,5.6,6.6
Chatswood West,81.0,18.0,83.0,52.0,18.0,66.0,26.0,25.0,22.0,4.9,22.5,14.1,4.9,17.9,7.0,6.8
Cheltenham (NSW),115.0,15.0,130.0,95.0,40.0,84.0,17.0,29.0,21.9,2.9,24.8,18.1,7.6,16.0,3.2,5.5
Cherrybrook,1155.0,153.0,1120.0,834.0,218.0,707.0,211.0,258.0,24.8,3.3,24.1,17.9,4.7,15.2,4.5,5.5
Chester Hill,397.0,50.0,307.0,439.0,168.0,691.0,119.0,113.0,17.4,2.2,13.4,19.2,7.4,30.3,5.2,4.9
Chifley (NSW),172.0,21.0,160.0,103.0,38.0,119.0,39.0,48.0,24.6,3.0,22.9,14.7,5.4,17.0,5.6,6.9
Chippendale,215.0,29.0,104.0,85.0,27.0,50.0,36.0,42.0,36.6,4.9,17.7,14.5,4.6,8.5,6.1,7.1
Chipping Norton,522.0,71.0,443.0,347.0,109.0,357.0,131.0,85.0,25.3,3.4,21.5,16.8,5.3,17.3,6.3,4.1
Chiswick,234.0,24.0,85.0,98.0,17.0,64.0,37.0,46.0,38.7,4.0,14.0,16.2,2.8,10.6,6.1,7.6
Chittaway Bay,77.0,4.0,110.0,69.0,17.0,110.0,20.0,18.0,18.1,0.9,25.9,16.2,4.0,25.9,4.7,4.2
Chittaway Point,46.0,8.0,49.0,32.0,16.0,34.0,19.0,13.0,21.2,3.7,22.6,14.7,7.4,15.7,8.8,6.0
Church Point,38.0,14.0,73.0,47.0,15.0,77.0,22.0,23.0,12.3,4.5,23.6,15.2,4.9,24.9,7.1,7.4
Claremont Meadows,289.0,19.0,228.0,168.0,43.0,80.0,75.0,37.0,30.8,2.0,24.3,17.9,4.6,8.5,8.0,3.9
Claymore,19.0,10.0,12.0,53.0,22.0,140.0,14.0,26.0,6.4,3.4,4.1,17.9,7.4,47.3,4.7,8.8
Clontarf (NSW),65.0,16.0,91.0,85.0,30.0,89.0,24.0,38.0,14.8,3.7,20.8,19.4,6.8,20.3,5.5,8.7
Clovelly,304.0,47.0,241.0,163.0,43.0,102.0,79.0,59.0,29.3,4.5,23.2,15.7,4.1,9.8,7.6,5.7
Coal Point,71.0,18.0,85.0,63.0,35.0,135.0,30.0,28.0,15.3,3.9,18.3,13.5,7.5,29.0,6.5,6.0
Coledale,61.0,10.0,75.0,29.0,16.0,41.0,21.0,28.0,21.7,3.6,26.7,10.3,5.7,14.6,7.5,10.0
Collaroy (NSW),772.0,168.0,947.0,456.0,190.0,510.0,180.0,212.0,22.5,4.9,27.6,13.3,5.5,14.8,5.2,6.2
Colyton,377.0,37.0,283.0,322.0,90.0,356.0,108.0,92.0,22.6,2.2,17.0,19.3,5.4,21.4,6.5,5.5
Como (NSW),196.0,35.0,306.0,163.0,39.0,124.0,56.0,34.0,20.6,3.7,32.1,17.1,4.1,13.0,5.9,3.6
Concord,730.0,98.0,776.0,499.0,155.0,635.0,196.0,198.0,22.2,3.0,23.6,15.2,4.7,19.3,6.0,6.0
Concord West,299.0,40.0,299.0,234.0,57.0,270.0,88.0,56.0,22.3,3.0,22.3,17.4,4.2,20.1,6.6,4.2
Condell Park,372.0,63.0,302.0,416.0,168.0,604.0,118.0,131.0,17.1,2.9,13.9,19.1,7.7,27.8,5.4,6.0
Coniston,67.0,14.0,85.0,71.0,31.0,134.0,23.0,29.0,14.8,3.1,18.7,15.6,6.8,29.5,5.1,6.4
Connells Point,149.0,25.0,137.0,92.0,30.0,145.0,51.0,48.0,22.0,3.7,20.2,13.6,4.4,21.4,7.5,7.1
Coogee (NSW),941.0,124.0,613.0,416.0,111.0,262.0,202.0,184.0,33.0,4.3,21.5,14.6,3.9,9.2,7.1,6.4
Cooks Hill,191.0,30.0,144.0,89.0,29.0,67.0,41.0,53.0,29.7,4.7,22.4,13.8,4.5,10.4,6.4,8.2
Copacabana,106.0,26.0,160.0,94.0,36.0,78.0,43.0,38.0,18.2,4.5,27.5,16.2,6.2,13.4,7.4,6.5
Cordeaux Heights,266.0,38.0,355.0,194.0,46.0,152.0,77.0,62.0,22.4,3.2,29.8,16.3,3.9,12.8,6.5,5.2
Corrimal,228.0,41.0,316.0,199.0,70.0,367.0,87.0,72.0,16.5,3.0,22.9,14.4,5.1,26.6,6.3,5.2
Cranebrook,899.0,68.0,823.0,552.0,101.0,352.0,254.0,154.0,28.1,2.1,25.7,17.2,3.2,11.0,7.9,4.8
Cremorne (NSW),770.0,79.0,457.0,397.0,110.0,238.0,144.0,186.0,32.3,3.3,19.2,16.7,4.6,10.0,6.0,7.8
Cremorne Point,125.0,22.0,84.0,83.0,29.0,61.0,27.0,37.0,26.7,4.7,17.9,17.7,6.2,13.0,5.8,7.9
Cringila,36.0,3.0,31.0,77.0,35.0,170.0,20.0,32.0,8.9,0.7,7.7,19.1,8.7,42.1,5.0,7.9
Cromer (NSW),357.0,70.0,494.0,246.0,89.0,272.0,96.0,88.0,20.9,4.1,28.9,14.4,5.2,15.9,5.6,5.1
Cronulla,1030.0,163.0,794.0,446.0,157.0,589.0,235.0,256.0,28.1,4.4,21.6,12.2,4.3,16.0,6.4,7.0
Croudace Bay,26.0,3.0,36.0,17.0,4.0,32.0,11.0,13.0,18.3,2.1,25.4,12.0,2.8,22.5,7.7,9.2
Crows Nest (NSW),338.0,17.0,179.0,138.0,39.0,62.0,54.0,63.0,38.0,1.9,20.1,15.5,4.4,7.0,6.1,7.1
Croydon (NSW),490.0,97.0,468.0,340.0,109.0,417.0,142.0,136.0,22.3,4.4,21.3,15.5,5.0,19.0,6.5,6.2
Croydon Park (NSW),493.0,86.0,479.0,370.0,156.0,452.0,190.0,117.0,21.0,3.7,20.4,15.8,6.7,19.3,8.1,5.0
Curl Curl,124.0,21.0,144.0,99.0,29.0,77.0,30.0,35.0,22.2,3.8,25.8,17.7,5.2,13.8,5.4,6.3
Currans Hill,343.0,24.0,294.0,202.0,40.0,86.0,80.0,37.0,31.0,2.2,26.6,18.3,3.6,7.8,7.2,3.3
Daceyville,17.0,4.0,25.0,14.0,10.0,61.0,10.0,11.0,11.2,2.6,16.4,9.2,6.6,40.1,6.6,7.2
Daleys Point,23.0,11.0,11.0,14.0,7.0,65.0,6.0,13.0,15.3,7.3,7.3,9.3,4.7,43.3,4.0,8.7
Dapto,368.0,60.0,500.0,404.0,106.0,668.0,158.0,131.0,15.4,2.5,20.9,16.9,4.4,27.9,6.6,5.5
Darling Point,215.0,40.0,121.0,142.0,54.0,149.0,40.0,84.0,25.4,4.7,14.3,16.8,6.4,17.6,4.7,9.9
Darlinghurst,793.0,64.0,261.0,243.0,45.0,73.0,80.0,136.0,46.8,3.8,15.4,14.3,2.7,4.3,4.7,8.0
Darlington (Sydney - NSW),121.0,3.0,52.0,40.0,13.0,29.0,14.0,21.0,41.3,1.0,17.7,13.7,4.4,9.9,4.8,7.2
Davidson,114.0,30.0,184.0,101.0,44.0,107.0,27.0,26.0,18.0,4.7,29.1,16.0,7.0,16.9,4.3,4.1
Davistown,93.0,16.0,133.0,64.0,26.0,175.0,20.0,31.0,16.7,2.9,23.8,11.5,4.7,31.4,3.6,5.6
Dawes Point,49.0,4.0,24.0,15.0,7.0,8.0,9.0,9.0,39.2,3.2,19.2,12.0,5.6,6.4,7.2,7.2
Dean Park,183.0,18.0,118.0,133.0,25.0,84.0,40.0,28.0,29.1,2.9,18.8,21.1,4.0,13.4,6.4,4.5
Dee Why,1412.0,194.0,980.0,646.0,200.0,466.0,283.0,249.0,31.9,4.4,22.1,14.6,4.5,10.5,6.4,5.6
Denistone,174.0,34.0,234.0,151.0,40.0,150.0,58.0,50.0,19.5,3.8,26.3,16.9,4.5,16.8,6.5,5.6
Denistone East,136.0,8.0,127.0,89.0,29.0,81.0,24.0,29.0,26.0,1.5,24.3,17.0,5.5,15.5,4.6,5.5
Denistone West,48.0,10.0,64.0,45.0,7.0,36.0,10.0,8.0,21.1,4.4,28.1,19.7,3.1,15.8,4.4,3.5
Dharruk,95.0,10.0,70.0,113.0,41.0,128.0,32.0,40.0,18.0,1.9,13.2,21.4,7.8,24.2,6.0,7.6
Dolans Bay,20.0,8.0,36.0,23.0,16.0,33.0,6.0,5.0,13.6,5.4,24.5,15.6,10.9,22.4,4.1,3.4
Dolls Point,106.0,14.0,63.0,76.0,18.0,77.0,18.0,21.0,27.0,3.6,16.0,19.3,4.6,19.6,4.6,5.3
Doonside,539.0,66.0,390.0,474.0,134.0,559.0,154.0,139.0,22.0,2.7,15.9,19.3,5.5,22.8,6.3,5.7
Double Bay,271.0,50.0,155.0,139.0,60.0,126.0,43.0,60.0,30.0,5.5,17.1,15.4,6.6,13.9,4.8,6.6
Dover Heights,182.0,46.0,260.0,181.0,49.0,131.0,56.0,54.0,19.0,4.8,27.1,18.9,5.1,13.7,5.8,5.6
Drummoyne,769.0,108.0,532.0,367.0,108.0,347.0,160.0,170.0,30.0,4.2,20.8,14.3,4.2,13.5,6.2,6.6
Dudley,102.0,15.0,135.0,81.0,34.0,122.0,31.0,31.0,18.5,2.7,24.5,14.7,6.2,22.1,5.6,5.6
Dulwich Hill,731.0,110.0,572.0,364.0,105.0,420.0,179.0,159.0,27.7,4.2,21.7,13.8,4.0,15.9,6.8,6.0
Dundas (NSW),206.0,24.0,173.0,175.0,53.0,126.0,47.0,47.0,24.2,2.8,20.3,20.6,6.2,14.8,5.5,5.5
Dundas Valley,233.0,36.0,227.0,191.0,55.0,158.0,57.0,42.0,23.3,3.6,22.7,19.1,5.5,15.8,5.7,4.2
Dural (Hornsby - NSW),392.0,71.0,443.0,309.0,99.0,243.0,75.0,107.0,22.5,4.1,25.5,17.8,5.7,14.0,4.3,6.2
Eagle Vale,329.0,24.0,207.0,246.0,56.0,163.0,82.0,63.0,28.1,2.1,17.7,21.0,4.8,13.9,7.0,5.4
Earlwood,800.0,133.0,762.0,613.0,195.0,1055.0,232.0,234.0,19.9,3.3,18.9,15.2,4.8,26.2,5.8,5.8
East Gosford,149.0,37.0,153.0,122.0,38.0,205.0,42.0,53.0,18.6,4.6,19.1,15.3,4.8,25.7,5.3,6.6
East Hills,179.0,15.0,165.0,96.0,38.0,140.0,44.0,25.0,25.5,2.1,23.5,13.7,5.4,19.9,6.3,3.6
East Killara,124.0,37.0,132.0,140.0,52.0,141.0,31.0,55.0,17.4,5.2,18.5,19.7,7.3,19.8,4.4,7.7
East Lindfield,135.0,24.0,203.0,179.0,42.0,173.0,39.0,75.0,15.5,2.8,23.3,20.6,4.8,19.9,4.5,8.6
East Ryde,130.0,20.0,143.0,60.0,31.0,130.0,31.0,39.0,22.3,3.4,24.5,10.3,5.3,22.3,5.3,6.7
Eastern Creek,39.0,3.0,23.0,38.0,8.0,31.0,8.0,3.0,25.5,2.0,15.0,24.8,5.2,20.3,5.2,2.0
Eastlakes,233.0,39.0,211.0,265.0,119.0,321.0,82.0,91.0,17.1,2.9,15.5,19.5,8.7,23.6,6.0,6.7
Eastwood (NSW),785.0,154.0,658.0,681.0,229.0,720.0,190.0,184.0,21.8,4.3,18.3,18.9,6.4,20.0,5.3,5.1
Edensor Park,442.0,62.0,334.0,415.0,136.0,490.0,112.0,92.0,21.2,3.0,16.0,19.9,6.5,23.5,5.4,4.4
Edgecliff,134.0,16.0,69.0,45.0,18.0,55.0,18.0,20.0,35.7,4.3,18.4,12.0,4.8,14.7,4.8,5.3
Edgeworth,275.0,26.0,307.0,212.0,63.0,346.0,92.0,59.0,19.9,1.9,22.2,15.4,4.6,25.1,6.7,4.3
Elanora Heights,198.0,47.0,291.0,99.0,44.0,154.0,62.0,60.0,20.7,4.9,30.5,10.4,4.6,16.1,6.5,6.3
Elderslie (Camden - NSW),273.0,25.0,265.0,148.0,40.0,155.0,75.0,38.0,26.8,2.5,26.0,14.5,3.9,15.2,7.4,3.7
Eleebana,292.0,47.0,389.0,196.0,68.0,304.0,70.0,110.0,19.8,3.2,26.4,13.3,4.6,20.6,4.7,7.5
Elermore Vale,219.0,39.0,277.0,192.0,66.0,284.0,69.0,61.0,18.1,3.2,22.9,15.9,5.5,23.5,5.7,5.1
Elizabeth Bay,353.0,36.0,141.0,134.0,37.0,69.0,45.0,85.0,39.2,4.0,15.7,14.9,4.1,7.7,5.0,9.4
Emerton,52.0,4.0,43.0,85.0,21.0,93.0,20.0,21.0,15.3,1.2,12.7,25.1,6.2,27.4,5.9,6.2
Empire Bay,102.0,21.0,116.0,83.0,26.0,110.0,32.0,47.0,19.0,3.9,21.6,15.5,4.8,20.5,6.0,8.8
Emu Heights (NSW),204.0,16.0,227.0,136.0,28.0,82.0,50.0,32.0,26.3,2.1,29.3,17.5,3.6,10.6,6.5,4.1
Emu Plains,427.0,52.0,436.0,343.0,67.0,341.0,109.0,96.0,22.8,2.8,23.3,18.3,3.6,18.2,5.8,5.1
Enfield (NSW),131.0,21.0,94.0,102.0,40.0,118.0,38.0,26.0,23.0,3.7,16.5,17.9,7.0,20.7,6.7,4.6
Engadine,844.0,121.0,1229.0,590.0,195.0,742.0,311.0,171.0,20.1,2.9,29.2,14.0,4.6,17.7,7.4,4.1
Enmore (Marrickville - NSW),219.0,25.0,149.0,72.0,24.0,75.0,44.0,34.0,34.1,3.9,23.2,11.2,3.7,11.7,6.9,5.3
Epping (NSW),1103.0,221.0,929.0,954.0,293.0,833.0,206.0,300.0,22.8,4.6,19.2,19.7,6.1,17.2,4.3,6.2
Erina,134.0,20.0,179.0,122.0,48.0,382.0,38.0,56.0,13.7,2.0,18.3,12.5,4.9,39.0,3.9,5.7
Ermington,493.0,65.0,384.0,340.0,97.0,411.0,115.0,104.0,24.5,3.2,19.1,16.9,4.8,20.5,5.7,5.2
Erskine Park,482.0,27.0,385.0,288.0,53.0,106.0,101.0,80.0,31.7,1.8,25.3,18.9,3.5,7.0,6.6,5.3
Erskineville,746.0,46.0,301.0,169.0,34.0,68.0,85.0,91.0,48.4,3.0,19.5,11.0,2.2,4.4,5.5,5.9
Eschol Park,139.0,12.0,131.0,134.0,15.0,71.0,33.0,35.0,24.4,2.1,23.0,23.5,2.6,12.5,5.8,6.1
Ettalong Beach,104.0,26.0,109.0,121.0,54.0,320.0,52.0,59.0,12.3,3.1,12.9,14.3,6.4,37.9,6.2,7.0
Fairfield (NSW),386.0,76.0,223.0,585.0,271.0,1381.0,151.0,206.0,11.8,2.3,6.8,17.8,8.3,42.1,4.6,6.3
Fairfield East,136.0,18.0,91.0,178.0,84.0,327.0,42.0,52.0,14.7,1.9,9.8,19.2,9.1,35.2,4.5,5.6
Fairfield Heights,165.0,28.0,103.0,220.0,84.0,498.0,69.0,86.0,13.2,2.2,8.2,17.6,6.7,39.7,5.5,6.9
Fairfield West,360.0,35.0,243.0,433.0,194.0,738.0,124.0,107.0,16.1,1.6,10.9,19.4,8.7,33.0,5.6,4.8
Fairlight,370.0,61.0,290.0,204.0,60.0,168.0,88.0,95.0,27.7,4.6,21.7,15.3,4.5,12.6,6.6,7.1
Fairy Meadow,217.0,42.0,256.0,193.0,77.0,395.0,75.0,85.0,16.2,3.1,19.1,14.4,5.7,29.5,5.6,6.3
Farmborough Heights,187.0,33.0,262.0,190.0,48.0,180.0,81.0,50.0,18.1,3.2,25.4,18.4,4.7,17.5,7.9,4.8
Faulconbridge,193.0,44.0,264.0,153.0,43.0,155.0,71.0,41.0,20.0,4.6,27.4,15.9,4.5,16.1,7.4,4.3
Fennell Bay,39.0,8.0,75.0,51.0,22.0,107.0,21.0,24.0,11.2,2.3,21.6,14.7,6.3,30.8,6.1,6.9
Figtree,477.0,88.0,618.0,350.0,129.0,578.0,179.0,155.0,18.5,3.4,24.0,13.6,5.0,22.5,7.0,6.0
Five Dock,523.0,59.0,458.0,272.0,90.0,363.0,133.0,126.0,25.8,2.9,22.6,13.4,4.4,17.9,6.6,6.2
Fletcher (NSW),171.0,23.0,211.0,120.0,17.0,57.0,47.0,36.0,25.1,3.4,30.9,17.6,2.5,8.4,6.9,5.3
Flinders (NSW),269.0,31.0,323.0,225.0,48.0,186.0,91.0,71.0,21.6,2.5,26.0,18.1,3.9,15.0,7.3,5.7
Floraville,78.0,19.0,101.0,53.0,22.0,65.0,17.0,16.0,21.0,5.1,27.2,14.3,5.9,17.5,4.6,4.3
Forest Lodge,179.0,17.0,109.0,78.0,23.0,34.0,44.0,28.0,35.0,3.3,21.3,15.2,4.5,6.6,8.6,5.5
Forestville (NSW),331.0,74.0,481.0,268.0,109.0,405.0,92.0,101.0,17.8,4.0,25.8,14.4,5.9,21.8,4.9,5.4
Forresters Beach,129.0,25.0,153.0,81.0,30.0,110.0,36.0,43.0,21.3,4.1,25.2,13.3,4.9,18.1,5.9,7.1
Frenchs Forest,663.0,129.0,936.0,508.0,188.0,568.0,170.0,177.0,19.9,3.9,28.0,15.2,5.6,17.0,5.1,5.3
Garden Suburb,104.0,17.0,120.0,66.0,28.0,94.0,22.0,16.0,22.3,3.6,25.7,14.1,6.0,20.1,4.7,3.4
Gateshead,92.0,18.0,130.0,99.0,45.0,204.0,40.0,32.0,13.9,2.7,19.7,15.0,6.8,30.9,6.1,4.8
Georges Hall,390.0,50.0,328.0,335.0,142.0,477.0,121.0,98.0,20.1,2.6,16.9,17.3,7.3,24.6,6.2,5.0
Georgetown (NSW),99.0,19.0,104.0,62.0,23.0,70.0,29.0,19.0,23.3,4.5,24.5,14.6,5.4,16.5,6.8,4.5
Girraween (NSW),263.0,39.0,161.0,251.0,61.0,203.0,45.0,53.0,24.4,3.6,15.0,23.3,5.7,18.9,4.2,4.9
Gladesville,647.0,80.0,572.0,391.0,98.0,369.0,133.0,135.0,26.7,3.3,23.6,16.1,4.0,15.2,5.5,5.6
Glebe (NSW),573.0,74.0,349.0,277.0,89.0,246.0,114.0,135.0,30.9,4.0,18.8,14.9,4.8,13.2,6.1,7.3
Glen Alpine,337.0,34.0,281.0,178.0,47.0,123.0,68.0,50.0,30.1,3.0,25.1,15.9,4.2,11.0,6.1,4.5
Glenbrook,262.0,43.0,349.0,188.0,69.0,167.0,68.0,54.0,21.8,3.6,29.1,15.7,5.8,13.9,5.7,4.5
Glendale (NSW),137.0,28.0,165.0,105.0,35.0,179.0,40.0,48.0,18.6,3.8,22.4,14.2,4.7,24.3,5.4,6.5
Glendenning,374.0,24.0,214.0,241.0,43.0,94.0,78.0,51.0,33.4,2.1,19.1,21.5,3.8,8.4,7.0,4.6
Glenfield (NSW),461.0,36.0,293.0,342.0,80.0,223.0,93.0,97.0,28.4,2.2,18.0,21.0,4.9,13.7,5.7,6.0
Glenhaven,331.0,66.0,406.0,232.0,62.0,300.0,71.0,102.0,21.1,4.2,25.9,14.8,3.9,19.1,4.5,6.5
Glenmore Park,1568.0,94.0,1269.0,853.0,143.0,359.0,328.0,219.0,32.4,1.9,26.3,17.6,3.0,7.4,6.8,4.5
Glenning Valley,109.0,26.0,122.0,82.0,15.0,77.0,34.0,23.0,22.3,5.3,25.0,16.8,3.1,15.8,7.0,4.7
Glenwood (NSW),1199.0,97.0,832.0,681.0,119.0,314.0,214.0,166.0,33.1,2.7,23.0,18.8,3.3,8.7,5.9,4.6
Gordon (NSW),317.0,82.0,314.0,313.0,103.0,274.0,67.0,104.0,20.1,5.2,19.9,19.9,6.5,17.4,4.3,6.6
Gorokan,202.0,42.0,259.0,223.0,89.0,506.0,89.0,93.0,13.4,2.8,17.2,14.8,5.9,33.7,5.9,6.2
Gosford,173.0,23.0,87.0,95.0,44.0,100.0,45.0,30.0,29.0,3.9,14.6,15.9,7.4,16.8,7.5,5.0
Granville (NSW),474.0,110.0,351.0,598.0,236.0,608.0,153.0,169.0,17.6,4.1,13.0,22.2,8.7,22.5,5.7,6.3
Grays Point,161.0,36.0,207.0,86.0,36.0,109.0,37.0,51.0,22.3,5.0,28.6,11.9,5.0,15.1,5.1,7.1
Green Point (Great Lakes - NSW),23.0,11.0,23.0,10.0,10.0,49.0,14.0,13.0,15.0,7.2,15.0,6.5,6.5,32.0,9.2,8.5
Green Valley (NSW),603.0,59.0,375.0,591.0,155.0,494.0,181.0,120.0,23.4,2.3,14.5,22.9,6.0,19.2,7.0,4.7
Greenacre,576.0,137.0,540.0,902.0,443.0,1340.0,241.0,296.0,12.9,3.1,12.1,20.2,9.9,29.9,5.4,6.6
Greenfield Park,175.0,28.0,139.0,221.0,74.0,293.0,49.0,69.0,16.7,2.7,13.3,21.1,7.1,28.0,4.7,6.6
Greenwich,317.0,42.0,259.0,208.0,48.0,185.0,65.0,87.0,26.2,3.5,21.4,17.2,4.0,15.3,5.4,7.2
Greystanes,1092.0,145.0,1011.0,905.0,278.0,1152.0,339.0,231.0,21.2,2.8,19.6,17.6,5.4,22.4,6.6,4.5
Guildford (NSW),555.0,91.0,367.0,755.0,346.0,1105.0,224.0,243.0,15.1,2.5,10.0,20.5,9.4,30.0,6.1,6.6
Guildford West,171.0,29.0,125.0,177.0,63.0,229.0,63.0,52.0,18.8,3.2,13.8,19.5,6.9,25.2,6.9,5.7
Gwynneville,69.0,20.0,88.0,64.0,48.0,147.0,29.0,30.0,13.9,4.0,17.8,12.9,9.7,29.7,5.9,6.1
Gymea,425.0,44.0,394.0,212.0,73.0,329.0,95.0,101.0,25.4,2.6,23.6,12.7,4.4,19.7,5.7,6.0
Gymea Bay,355.0,71.0,513.0,242.0,70.0,280.0,108.0,88.0,20.6,4.1,29.7,14.0,4.1,16.2,6.3,5.1
Haberfield,323.0,54.0,373.0,193.0,60.0,324.0,89.0,86.0,21.5,3.6,24.8,12.8,4.0,21.6,5.9,5.7
Halekulani,68.0,12.0,93.0,73.0,29.0,201.0,33.0,40.0,12.4,2.2,16.9,13.3,5.3,36.6,6.0,7.3
Hamilton (NSW),157.0,33.0,166.0,106.0,41.0,149.0,45.0,51.0,21.0,4.4,22.2,14.2,5.5,19.9,6.0,6.8
Hamilton East,45.0,11.0,61.0,30.0,15.0,33.0,13.0,9.0,20.7,5.1,28.1,13.8,6.9,15.2,6.0,4.1
Hamilton North,43.0,9.0,50.0,20.0,7.0,16.0,15.0,4.0,26.2,5.5,30.5,12.2,4.3,9.8,9.1,2.4
Hamilton South,129.0,28.0,178.0,90.0,39.0,189.0,47.0,68.0,16.8,3.6,23.2,11.7,5.1,24.6,6.1,8.9
Hammondville,203.0,17.0,150.0,95.0,26.0,99.0,49.0,24.0,30.6,2.6,22.6,14.3,3.9,14.9,7.4,3.6
Harrington Park,535.0,38.0,557.0,291.0,53.0,168.0,116.0,102.0,28.8,2.0,29.9,15.6,2.8,9.0,6.2,5.5
Harris Park,213.0,51.0,151.0,300.0,94.0,153.0,39.0,81.0,19.7,4.7,14.0,27.7,8.7,14.1,3.6,7.5
Hassall Grove,269.0,19.0,156.0,213.0,49.0,105.0,66.0,65.0,28.6,2.0,16.6,22.6,5.2,11.1,7.0,6.9
Haymarket,134.0,59.0,73.0,105.0,59.0,106.0,41.0,46.0,21.5,9.5,11.7,16.9,9.5,17.0,6.6,7.4
Heathcote (NSW),249.0,48.0,443.0,196.0,67.0,256.0,89.0,70.0,17.6,3.4,31.2,13.8,4.7,18.1,6.3,4.9
Hebersham,181.0,25.0,158.0,205.0,65.0,254.0,62.0,60.0,17.9,2.5,15.6,20.3,6.4,25.1,6.1,5.9
Heckenberg,63.0,7.0,41.0,86.0,46.0,153.0,24.0,33.0,13.9,1.5,9.1,19.0,10.2,33.8,5.3,7.3
Henley,20.0,4.0,33.0,14.0,13.0,9.0,4.0,11.0,18.5,3.7,30.6,13.0,12.0,8.3,3.7,10.2
Highfields (NSW),42.0,10.0,66.0,29.0,14.0,52.0,16.0,16.0,17.1,4.1,26.9,11.8,5.7,21.2,6.5,6.5
Hillsborough (Lake Macquarie - NSW),26.0,3.0,53.0,14.0,4.0,30.0,12.0,10.0,17.1,2.0,34.9,9.2,2.6,19.7,7.9,6.6
Hillsdale,230.0,59.0,162.0,199.0,75.0,162.0,77.0,55.0,22.6,5.8,15.9,19.5,7.4,15.9,7.6,5.4
Hinchinbrook (NSW),589.0,61.0,408.0,482.0,122.0,354.0,180.0,120.0,25.4,2.6,17.6,20.8,5.3,15.3,7.8,5.2
Holmesville,52.0,5.0,94.0,64.0,14.0,68.0,20.0,12.0,15.8,1.5,28.6,19.5,4.3,20.7,6.1,3.6
Holsworthy,384.0,21.0,260.0,221.0,27.0,54.0,81.0,76.0,34.2,1.9,23.1,19.7,2.4,4.8,7.2,6.8
Homebush (NSW),336.0,55.0,204.0,267.0,77.0,161.0,69.0,73.0,27.1,4.4,16.4,21.5,6.2,13.0,5.6,5.9
Homebush West,348.0,48.0,163.0,317.0,94.0,174.0,93.0,63.0,26.8,3.7,12.5,24.4,7.2,13.4,7.2,4.8
Horningsea Park,267.0,18.0,182.0,175.0,33.0,73.0,62.0,32.0,31.7,2.1,21.6,20.8,3.9,8.7,7.4,3.8
Hornsby,1113.0,188.0,955.0,865.0,256.0,615.0,261.0,254.0,24.7,4.2,21.2,19.2,5.7,13.6,5.8,5.6
Hornsby Heights,347.0,70.0,445.0,238.0,69.0,213.0,85.0,94.0,22.2,4.5,28.5,15.2,4.4,13.6,5.4,6.0
Horsley,381.0,42.0,480.0,291.0,66.0,242.0,120.0,92.0,22.2,2.5,28.0,17.0,3.9,14.1,7.0,5.4
Hoxton Park,264.0,33.0,154.0,211.0,47.0,138.0,65.0,44.0,27.6,3.5,16.1,22.1,4.9,14.4,6.8,4.6
Hunters Hill,407.0,70.0,439.0,386.0,109.0,262.0,80.0,118.0,21.8,3.7,23.5,20.6,5.8,14.0,4.3,6.3
Huntleys Point,4.0,3.0,11.0,3.0,3.0,7.0,3.0,3.0,10.8,8.1,29.7,8.1,8.1,18.9,8.1,8.1
Hurlstone Park,263.0,48.0,200.0,150.0,51.0,237.0,63.0,70.0,24.3,4.4,18.5,13.9,4.7,21.9,5.8,6.5
Hurstville,1202.0,248.0,824.0,1115.0,395.0,1216.0,309.0,329.0,21.3,4.4,14.6,19.8,7.0,21.6,5.5,5.8
Hurstville Grove,132.0,19.0,136.0,71.0,37.0,112.0,38.0,41.0,22.5,3.2,23.2,12.1,6.3,19.1,6.5,7.0
Illawong,452.0,65.0,496.0,260.0,107.0,248.0,121.0,90.0,24.6,3.5,27.0,14.1,5.8,13.5,6.6,4.9
Ingleburn,716.0,76.0,499.0,703.0,154.0,524.0,164.0,152.0,24.0,2.5,16.7,23.5,5.2,17.5,5.5,5.1
Ingleside,44.0,15.0,73.0,36.0,19.0,38.0,12.0,21.0,17.1,5.8,28.3,14.0,7.4,14.7,4.7,8.1
Islington,80.0,13.0,50.0,47.0,12.0,56.0,20.0,17.0,27.1,4.4,16.9,15.9,4.1,19.0,6.8,5.8
Jamisontown,294.0,38.0,240.0,195.0,52.0,168.0,78.0,49.0,26.4,3.4,21.5,17.5,4.7,15.1,7.0,4.4
Jannali,319.0,38.0,354.0,189.0,58.0,195.0,94.0,50.0,24.6,2.9,27.3,14.6,4.5,15.0,7.2,3.9
Jesmond,53.0,11.0,57.0,59.0,33.0,119.0,23.0,19.0,14.2,2.9,15.2,15.8,8.8,31.8,6.1,5.1
Jewells,145.0,38.0,167.0,87.0,28.0,213.0,57.0,38.0,18.8,4.9,21.6,11.3,3.6,27.6,7.4,4.9
Kahibah,114.0,17.0,109.0,44.0,25.0,121.0,30.0,18.0,23.8,3.6,22.8,9.2,5.2,25.3,6.3,3.8
Kanahooka,200.0,32.0,261.0,151.0,71.0,402.0,65.0,72.0,15.9,2.6,20.8,12.0,5.7,32.1,5.2,5.7
Kangaroo Point (NSW),34.0,9.0,36.0,16.0,12.0,36.0,9.0,6.0,21.5,5.7,22.8,10.1,7.6,22.8,5.7,3.8
Kanwal,116.0,10.0,163.0,118.0,40.0,216.0,30.0,44.0,15.7,1.4,22.1,16.0,5.4,29.3,4.1,6.0
Kareela,173.0,30.0,238.0,121.0,61.0,196.0,61.0,31.0,19.0,3.3,26.1,13.3,6.7,21.5,6.7,3.4
Kariong,305.0,48.0,396.0,281.0,42.0,166.0,94.0,79.0,21.6,3.4,28.1,19.9,3.0,11.8,6.7,5.6
Kearns,207.0,16.0,168.0,94.0,15.0,49.0,40.0,25.0,33.7,2.6,27.4,15.3,2.4,8.0,6.5,4.1
Keiraville,91.0,18.0,130.0,86.0,46.0,183.0,37.0,41.0,14.4,2.8,20.6,13.6,7.3,29.0,5.9,6.5
Kellyville,1343.0,159.0,1344.0,899.0,189.0,509.0,272.0,275.0,26.9,3.2,26.9,18.0,3.8,10.2,5.5,5.5
Kembla Grange,16.0,0.0,13.0,8.0,4.0,9.0,3.0,0.0,30.2,0.0,24.5,15.1,7.5,17.0,5.7,0.0
Kensington (NSW),574.0,72.0,324.0,325.0,120.0,307.0,101.0,122.0,29.5,3.7,16.7,16.7,6.2,15.8,5.2,6.3
Kilaben Bay,59.0,10.0,85.0,38.0,16.0,88.0,21.0,36.0,16.7,2.8,24.1,10.8,4.5,24.9,5.9,10.2
Killara (NSW),417.0,80.0,450.0,433.0,149.0,370.0,107.0,160.0,19.3,3.7,20.8,20.0,6.9,17.1,4.9,7.4
Killarney Heights,208.0,52.0,275.0,184.0,60.0,228.0,58.0,61.0,18.5,4.6,24.4,16.3,5.3,20.2,5.2,5.4
Killarney Vale,243.0,56.0,290.0,199.0,66.0,377.0,97.0,69.0,17.4,4.0,20.8,14.2,4.7,27.0,6.9,4.9
Kincumber,235.0,56.0,348.0,165.0,82.0,436.0,74.0,81.0,15.9,3.8,23.6,11.2,5.6,29.5,5.0,5.5
Kincumber South,15.0,7.0,13.0,10.0,14.0,86.0,0.0,12.0,9.6,4.5,8.3,6.4,8.9,54.8,0.0,7.6
Kings Langley,642.0,70.0,571.0,393.0,105.0,308.0,140.0,107.0,27.5,3.0,24.4,16.8,4.5,13.2,6.0,4.6
Kings Park (NSW),272.0,24.0,191.0,154.0,26.0,94.0,46.0,24.0,32.7,2.9,23.0,18.5,3.1,11.3,5.5,2.9
Kingsford (NSW),564.0,106.0,489.0,406.0,148.0,523.0,152.0,137.0,22.3,4.2,19.4,16.1,5.9,20.7,6.0,5.4
Kingsgrove,527.0,90.0,490.0,417.0,163.0,732.0,159.0,148.0,19.3,3.3,18.0,15.3,6.0,26.9,5.8,5.4
Kingswood (Tamworth - NSW),80.0,5.0,69.0,33.0,16.0,44.0,20.0,30.0,26.9,1.7,23.2,11.1,5.4,14.8,6.7,10.1
Kirrawee,445.0,60.0,547.0,283.0,96.0,392.0,123.0,101.0,21.7,2.9,26.7,13.8,4.7,19.1,6.0,4.9
Kirribilli,273.0,30.0,91.0,117.0,43.0,105.0,32.0,72.0,35.8,3.9,11.9,15.3,5.6,13.8,4.2,9.4
Kogarah,671.0,156.0,460.0,555.0,195.0,441.0,156.0,164.0,24.0,5.6,16.4,19.8,7.0,15.8,5.6,5.9
Kogarah Bay,100.0,17.0,106.0,86.0,28.0,97.0,32.0,25.0,20.4,3.5,21.6,17.5,5.7,19.8,6.5,5.1
Koolewong,39.0,5.0,42.0,32.0,9.0,41.0,11.0,9.0,20.7,2.7,22.3,17.0,4.8,21.8,5.9,4.8
Koonawarra,75.0,20.0,145.0,114.0,54.0,209.0,52.0,41.0,10.6,2.8,20.4,16.1,7.6,29.4,7.3,5.8
Kotara,177.0,42.0,214.0,113.0,42.0,240.0,64.0,60.0,18.6,4.4,22.5,11.9,4.4,25.2,6.7,6.3
Kotara South,49.0,12.0,62.0,31.0,9.0,91.0,21.0,17.0,16.8,4.1,21.2,10.6,3.1,31.2,7.2,5.8
Kurnell,113.0,16.0,145.0,89.0,23.0,55.0,37.0,28.0,22.3,3.2,28.7,17.6,4.5,10.9,7.3,5.5
Kyeemagh,43.0,3.0,39.0,20.0,7.0,55.0,11.0,9.0,23.0,1.6,20.9,10.7,3.7,29.4,5.9,4.8
Kyle Bay,43.0,3.0,45.0,35.0,8.0,48.0,18.0,10.0,20.5,1.4,21.4,16.7,3.8,22.9,8.6,4.8
La Perouse,15.0,0.0,11.0,11.0,0.0,21.0,7.0,9.0,20.3,0.0,14.9,14.9,0.0,28.4,9.5,12.2
Lake Haven,97.0,17.0,115.0,104.0,26.0,248.0,28.0,38.0,14.4,2.5,17.1,15.5,3.9,36.8,4.2,5.6
Lake Heights,82.0,9.0,108.0,131.0,40.0,262.0,46.0,35.0,11.5,1.3,15.1,18.4,5.6,36.7,6.5,4.9
Lake Illawarra,71.0,24.0,100.0,82.0,28.0,197.0,34.0,35.0,12.4,4.2,17.5,14.4,4.9,34.5,6.0,6.1
Lakelands (NSW),89.0,13.0,104.0,52.0,17.0,60.0,23.0,25.0,23.2,3.4,27.2,13.6,4.4,15.7,6.0,6.5
Lakemba,267.0,124.0,234.0,881.0,405.0,779.0,183.0,211.0,8.7,4.0,7.6,28.6,13.1,25.3,5.9,6.8
Lalor Park,304.0,33.0,262.0,258.0,61.0,245.0,69.0,82.0,23.1,2.5,19.9,19.6,4.6,18.6,5.3,6.2
Lambton,204.0,37.0,264.0,148.0,54.0,197.0,70.0,57.0,19.8,3.6,25.6,14.4,5.2,19.1,6.8,5.5
Lane Cove,647.0,74.0,480.0,344.0,91.0,253.0,129.0,132.0,30.1,3.4,22.3,16.0,4.2,11.8,6.0,6.1
Lane Cove North,664.0,62.0,404.0,365.0,93.0,216.0,136.0,110.0,32.4,3.0,19.7,17.8,4.5,10.5,6.6,5.4
Lane Cove West,126.0,17.0,147.0,94.0,19.0,67.0,33.0,33.0,23.5,3.2,27.4,17.5,3.5,12.5,6.2,6.2
Lansvale,90.0,13.0,72.0,93.0,32.0,133.0,27.0,33.0,18.3,2.6,14.6,18.9,6.5,27.0,5.5,6.7
Lapstone,52.0,5.0,50.0,35.0,17.0,63.0,7.0,15.0,21.3,2.0,20.5,14.3,7.0,25.8,2.9,6.1
Lavender Bay,51.0,10.0,28.0,19.0,9.0,28.0,9.0,16.0,30.0,5.9,16.5,11.2,5.3,16.5,5.3,9.4
Leichhardt (NSW),944.0,98.0,675.0,417.0,102.0,248.0,218.0,167.0,32.9,3.4,23.5,14.5,3.6,8.6,7.6,5.8
Leonay,158.0,22.0,171.0,93.0,28.0,103.0,40.0,29.0,24.5,3.4,26.6,14.4,4.3,16.0,6.2,4.5
Lethbridge Park,103.0,16.0,79.0,114.0,37.0,230.0,53.0,58.0,14.9,2.3,11.4,16.5,5.4,33.3,7.7,8.4
Leumeah,457.0,64.0,357.0,408.0,119.0,374.0,114.0,98.0,23.0,3.2,17.9,20.5,6.0,18.8,5.7,4.9
Lewisham (NSW),185.0,25.0,126.0,81.0,15.0,68.0,42.0,31.0,32.3,4.4,22.0,14.1,2.6,11.9,7.3,5.4
Liberty Grove,156.0,4.0,96.0,103.0,22.0,43.0,29.0,27.0,32.5,0.8,20.0,21.5,4.6,9.0,6.0,5.6
Lidcombe,802.0,175.0,417.0,763.0,280.0,721.0,199.0,194.0,22.6,4.9,11.7,21.5,7.9,20.3,5.6,5.5
Lilli Pilli (Sutherland - NSW),61.0,15.0,86.0,63.0,19.0,61.0,22.0,16.0,17.8,4.4,25.1,18.4,5.5,17.8,6.4,4.7
Lilyfield,462.0,59.0,352.0,258.0,46.0,187.0,96.0,100.0,29.6,3.8,22.6,16.5,2.9,12.0,6.2,6.4
Lindfield,387.0,76.0,458.0,406.0,92.0,306.0,102.0,179.0,19.3,3.8,22.8,20.2,4.6,15.3,5.1,8.9
Linley Point,25.0,4.0,27.0,14.0,0.0,16.0,8.0,6.0,25.0,4.0,27.0,14.0,0.0,16.0,8.0,6.0
Lisarow,227.0,31.0,326.0,205.0,51.0,167.0,96.0,59.0,19.5,2.7,28.1,17.6,4.4,14.4,8.3,5.1
Little Bay,181.0,24.0,137.0,90.0,22.0,96.0,36.0,51.0,28.4,3.8,21.5,14.1,3.5,15.1,5.7,8.0
Liverpool,693.0,89.0,450.0,1002.0,329.0,1452.0,247.0,270.0,15.3,2.0,9.9,22.1,7.3,32.0,5.5,6.0
Loftus,152.0,39.0,294.0,144.0,52.0,178.0,69.0,44.0,15.6,4.0,30.2,14.8,5.3,18.3,7.1,4.5
Long Jetty,153.0,38.0,195.0,136.0,60.0,349.0,54.0,73.0,14.5,3.6,18.4,12.9,5.7,33.0,5.1,6.9
Long Point (Campbelltown - NSW),8.0,8.0,13.0,4.0,4.0,10.0,0.0,3.0,16.0,16.0,26.0,8.0,8.0,20.0,0.0,6.0
Longueville,102.0,32.0,128.0,106.0,38.0,72.0,19.0,38.0,19.1,6.0,23.9,19.8,7.1,13.5,3.6,7.1
Lugarno,312.0,53.0,353.0,206.0,68.0,348.0,72.0,73.0,21.0,3.6,23.8,13.9,4.6,23.4,4.8,4.9
Lurnea,247.0,28.0,183.0,333.0,122.0,547.0,82.0,106.0,15.0,1.7,11.1,20.2,7.4,33.2,5.0,6.4
Macquarie Fields,493.0,64.0,346.0,580.0,176.0,538.0,135.0,146.0,19.9,2.6,14.0,23.4,7.1,21.7,5.4,5.9
Macquarie Hills,181.0,14.0,209.0,119.0,29.0,96.0,63.0,39.0,24.1,1.9,27.9,15.9,3.9,12.8,8.4,5.2
Macquarie Links,110.0,16.0,55.0,42.0,9.0,16.0,17.0,19.0,38.7,5.6,19.4,14.8,3.2,5.6,6.0,6.7
Macquarie Park,315.0,33.0,116.0,207.0,53.0,141.0,60.0,55.0,32.1,3.4,11.8,21.1,5.4,14.4,6.1,5.6
Malabar,143.0,35.0,146.0,81.0,37.0,168.0,49.0,48.0,20.2,5.0,20.7,11.5,5.2,23.8,6.9,6.8
Mangerton,126.0,16.0,146.0,86.0,33.0,109.0,48.0,33.0,21.1,2.7,24.5,14.4,5.5,18.3,8.0,5.5
Manly (NSW),1027.0,124.0,628.0,494.0,147.0,394.0,208.0,241.0,31.5,3.8,19.2,15.1,4.5,12.1,6.4,7.4
Manly Vale,347.0,67.0,322.0,189.0,56.0,128.0,85.0,66.0,27.5,5.3,25.6,15.0,4.4,10.2,6.7,5.2
Marayong,346.0,31.0,258.0,276.0,72.0,318.0,94.0,92.0,23.3,2.1,17.4,18.6,4.8,21.4,6.3,6.2
Mardi,165.0,20.0,176.0,132.0,34.0,160.0,39.0,39.0,21.6,2.6,23.0,17.3,4.4,20.9,5.1,5.1
Marks Point,63.0,14.0,59.0,38.0,23.0,115.0,17.0,23.0,17.9,4.0,16.8,10.8,6.5,32.7,4.8,6.5
Marmong Point,29.0,10.0,43.0,23.0,14.0,32.0,14.0,20.0,15.7,5.4,23.2,12.4,7.6,17.3,7.6,10.8
Maroubra,1449.0,222.0,1193.0,889.0,316.0,1131.0,338.0,395.0,24.4,3.7,20.1,15.0,5.3,19.1,5.7,6.7
Marrickville,1220.0,224.0,865.0,725.0,262.0,974.0,313.0,274.0,25.1,4.6,17.8,14.9,5.4,20.1,6.4,5.6
Marsfield,673.0,92.0,438.0,472.0,140.0,455.0,117.0,152.0,26.5,3.6,17.3,18.6,5.5,17.9,4.6,6.0
Maryland (Newcastle - NSW),382.0,27.0,538.0,297.0,77.0,281.0,126.0,96.0,20.9,1.5,29.5,16.3,4.2,15.4,6.9,5.3
Maryville,71.0,13.0,72.0,41.0,11.0,40.0,25.0,22.0,24.1,4.4,24.4,13.9,3.7,13.6,8.5,7.5
Mascot,682.0,74.0,390.0,363.0,98.0,381.0,141.0,117.0,30.4,3.3,17.4,16.2,4.4,17.0,6.3,5.2
Matraville,432.0,72.0,416.0,294.0,93.0,367.0,112.0,112.0,22.8,3.8,21.9,15.5,4.9,19.3,5.9,5.9
Mayfield (Newcastle - NSW),359.0,65.0,361.0,226.0,107.0,300.0,111.0,92.0,22.1,4.0,22.3,13.9,6.6,18.5,6.8,5.7
Mayfield East,90.0,13.0,60.0,49.0,8.0,34.0,22.0,16.0,30.8,4.5,20.5,16.8,2.7,11.6,7.5,5.5
Mayfield West,64.0,9.0,75.0,50.0,17.0,77.0,28.0,13.0,19.2,2.7,22.5,15.0,5.1,23.1,8.4,3.9
Mays Hill,35.0,4.0,21.0,42.0,7.0,31.0,5.0,12.0,22.3,2.5,13.4,26.8,4.5,19.7,3.2,7.6
McMahons Point,195.0,36.0,70.0,77.0,28.0,53.0,35.0,50.0,35.8,6.6,12.9,14.2,5.1,9.7,6.4,9.2
Meadowbank (NSW),290.0,31.0,124.0,198.0,58.0,82.0,40.0,35.0,33.8,3.6,14.5,23.1,6.8,9.6,4.7,4.1
Melrose Park (NSW),94.0,12.0,83.0,68.0,17.0,47.0,23.0,16.0,26.1,3.3,23.1,18.9,4.7,13.1,6.4,4.4
Menai,629.0,70.0,743.0,385.0,74.0,265.0,163.0,139.0,25.5,2.8,30.1,15.6,3.0,10.7,6.6,5.6
Merewether,553.0,83.0,604.0,301.0,117.0,338.0,147.0,129.0,24.3,3.7,26.6,13.2,5.1,14.9,6.5,5.7
Merewether Heights,69.0,14.0,93.0,46.0,26.0,83.0,18.0,28.0,18.3,3.7,24.7,12.2,6.9,22.0,4.8,7.4
Merrylands,874.0,146.0,625.0,1166.0,425.0,1414.0,327.0,316.0,16.5,2.8,11.8,22.0,8.0,26.7,6.2,6.0
Merrylands West,216.0,31.0,154.0,252.0,83.0,292.0,69.0,66.0,18.6,2.7,13.2,21.7,7.1,25.1,5.9,5.7
Middle Cove,75.0,6.0,73.0,59.0,27.0,48.0,14.0,17.0,23.5,1.9,22.9,18.5,8.5,15.0,4.4,5.3
Miller,53.0,3.0,33.0,79.0,23.0,206.0,26.0,27.0,11.8,0.7,7.3,17.6,5.1,45.8,5.8,6.0
Millers Point,107.0,10.0,42.0,62.0,26.0,52.0,9.0,31.0,31.6,2.9,12.4,18.3,7.7,15.3,2.7,9.1
Milperra,209.0,32.0,250.0,156.0,48.0,188.0,63.0,35.0,21.3,3.3,25.5,15.9,4.9,19.2,6.4,3.6
Milsons Point,156.0,13.0,63.0,103.0,21.0,73.0,16.0,49.0,31.6,2.6,12.8,20.9,4.3,14.8,3.2,9.9
Minchinbury,356.0,30.0,253.0,234.0,53.0,150.0,82.0,51.0,29.4,2.5,20.9,19.4,4.4,12.4,6.8,4.2
Minmi,34.0,5.0,44.0,29.0,4.0,32.0,12.0,6.0,20.5,3.0,26.5,17.5,2.4,19.3,7.2,3.6
Minto,485.0,38.0,303.0,514.0,126.0,351.0,116.0,131.0,23.5,1.8,14.7,24.9,6.1,17.0,5.6,6.3
Miranda (NSW),717.0,87.0,698.0,442.0,143.0,676.0,194.0,184.0,22.8,2.8,22.2,14.1,4.6,21.5,6.2,5.9
Mona Vale,483.0,119.0,599.0,327.0,129.0,434.0,136.0,134.0,20.5,5.0,25.4,13.9,5.5,18.4,5.8,5.7
Monterey,218.0,29.0,145.0,187.0,50.0,233.0,54.0,63.0,22.3,3.0,14.8,19.1,5.1,23.8,5.5,6.4
Moorebank,419.0,48.0,354.0,280.0,84.0,344.0,137.0,97.0,23.8,2.7,20.1,15.9,4.8,19.5,7.8,5.5
Mortdale,563.0,73.0,438.0,410.0,104.0,331.0,132.0,135.0,25.8,3.3,20.0,18.8,4.8,15.1,6.0,6.2
Mortlake (NSW),48.0,8.0,41.0,32.0,11.0,18.0,21.0,11.0,25.3,4.2,21.6,16.8,5.8,9.5,11.1,5.8
Mosman,1442.0,258.0,1152.0,1322.0,370.0,837.0,322.0,467.0,23.4,4.2,18.7,21.4,6.0,13.6,5.2,7.6
Mount Annan,818.0,57.0,670.0,418.0,75.0,183.0,179.0,104.0,32.7,2.3,26.8,16.7,3.0,7.3,7.1,4.2
Mount Colah,445.0,59.0,495.0,287.0,62.0,223.0,110.0,71.0,25.4,3.4,28.3,16.4,3.5,12.7,6.3,4.1
Mount Druitt,573.0,76.0,325.0,785.0,232.0,767.0,171.0,185.0,18.4,2.4,10.4,25.2,7.5,24.6,5.5,5.9
Mount Hutton (NSW),152.0,19.0,163.0,83.0,21.0,175.0,33.0,34.0,22.4,2.8,24.0,12.2,3.1,25.7,4.9,5.0
Mount Keira,69.0,17.0,117.0,35.0,20.0,74.0,28.0,27.0,17.8,4.4,30.2,9.0,5.2,19.1,7.2,7.0
Mount Kembla,58.0,10.0,64.0,40.0,13.0,36.0,24.0,18.0,22.1,3.8,24.3,15.2,4.9,13.7,9.1,6.8
Mount Lewis,27.0,3.0,19.0,31.0,24.0,99.0,15.0,7.0,12.0,1.3,8.4,13.8,10.7,44.0,6.7,3.1
Mount Ousley,72.0,17.0,94.0,44.0,20.0,97.0,16.0,25.0,18.7,4.4,24.4,11.4,5.2,25.2,4.2,6.5
Mount Pleasant (NSW),69.0,12.0,83.0,38.0,12.0,65.0,17.0,20.0,21.8,3.8,26.3,12.0,3.8,20.6,5.4,6.3
Mount Pritchard,282.0,38.0,235.0,327.0,123.0,515.0,105.0,107.0,16.3,2.2,13.6,18.9,7.1,29.7,6.1,6.2
Mount Riverview,176.0,24.0,188.0,126.0,41.0,129.0,51.0,37.0,22.8,3.1,24.4,16.3,5.3,16.7,6.6,4.8
Mount Saint Thomas,60.0,5.0,84.0,39.0,16.0,65.0,32.0,16.0,18.9,1.6,26.5,12.3,5.0,20.5,10.1,5.0
Mount Warrigal,150.0,19.0,199.0,174.0,70.0,351.0,73.0,65.0,13.6,1.7,18.1,15.8,6.4,31.9,6.6,5.9
Narara,332.0,77.0,429.0,291.0,83.0,297.0,133.0,99.0,19.1,4.4,24.6,16.7,4.8,17.1,7.6,5.7
Narellan,181.0,16.0,186.0,146.0,36.0,124.0,41.0,39.0,23.5,2.1,24.2,19.0,4.7,16.1,5.3,5.1
Narellan Vale,489.0,32.0,461.0,292.0,53.0,171.0,126.0,67.0,28.9,1.9,27.3,17.3,3.1,10.1,7.5,4.0
Naremburn,453.0,41.0,261.0,203.0,55.0,135.0,87.0,97.0,34.0,3.1,19.6,15.2,4.1,10.1,6.5,7.3
Narrabeen,451.0,48.0,320.0,206.0,57.0,268.0,81.0,88.0,29.7,3.2,21.1,13.6,3.8,17.6,5.3,5.8
Narraweena,283.0,48.0,312.0,184.0,71.0,293.0,86.0,72.0,21.0,3.6,23.1,13.6,5.3,21.7,6.4,5.3
Narwee,222.0,41.0,152.0,192.0,67.0,261.0,44.0,51.0,21.6,4.0,14.8,18.6,6.5,25.3,4.3,5.0
Neutral Bay,801.0,70.0,367.0,341.0,81.0,160.0,94.0,119.0,39.4,3.4,18.1,16.8,4.0,7.9,4.6,5.9
New Lambton,439.0,59.0,555.0,276.0,99.0,384.0,142.0,115.0,21.2,2.9,26.8,13.3,4.8,18.6,6.9,5.6
New Lambton Heights,117.0,26.0,168.0,74.0,26.0,77.0,38.0,41.0,20.6,4.6,29.6,13.1,4.6,13.6,6.7,7.2
Newcastle,116.0,21.0,94.0,69.0,23.0,89.0,15.0,31.0,25.3,4.6,20.5,15.1,5.0,19.4,3.3,6.8
Newcastle East,37.0,11.0,28.0,31.0,9.0,32.0,7.0,10.0,22.4,6.7,17.0,18.8,5.5,19.4,4.2,6.1
Newcastle West,35.0,3.0,10.0,13.0,3.0,11.0,4.0,9.0,39.8,3.4,11.4,14.8,3.4,12.5,4.5,10.2
Newington (NSW),450.0,41.0,231.0,286.0,51.0,124.0,87.0,82.0,33.3,3.0,17.1,21.2,3.8,9.2,6.4,6.1
Newport (NSW),444.0,113.0,594.0,290.0,116.0,292.0,130.0,170.0,20.7,5.3,27.6,13.5,5.4,13.6,6.0,7.9
Newtown (NSW),1046.0,115.0,503.0,297.0,108.0,176.0,172.0,153.0,40.7,4.5,19.6,11.6,4.2,6.8,6.7,6.0
Niagara Park,106.0,28.0,176.0,103.0,29.0,94.0,39.0,24.0,17.7,4.7,29.4,17.2,4.8,15.7,6.5,4.0
Norah Head,35.0,9.0,42.0,31.0,18.0,90.0,18.0,18.0,13.4,3.4,16.1,11.9,6.9,34.5,6.9,6.9
Noraville,80.0,25.0,115.0,80.0,36.0,153.0,31.0,34.0,14.4,4.5,20.8,14.4,6.5,27.6,5.6,6.1
Normanhurst,254.0,44.0,260.0,186.0,74.0,200.0,62.0,70.0,22.1,3.8,22.6,16.2,6.4,17.4,5.4,6.1
North Avoca,105.0,21.0,127.0,57.0,23.0,57.0,38.0,34.0,22.7,4.5,27.5,12.3,5.0,12.3,8.2,7.4
North Balgowlah,161.0,31.0,283.0,144.0,38.0,89.0,35.0,41.0,19.6,3.8,34.4,17.5,4.6,10.8,4.3,5.0
North Bondi,460.0,79.0,458.0,278.0,65.0,161.0,113.0,109.0,26.7,4.6,26.6,16.1,3.8,9.3,6.6,6.3
North Curl Curl,158.0,26.0,223.0,161.0,47.0,112.0,45.0,48.0,19.3,3.2,27.2,19.6,5.7,13.7,5.5,5.9
North Epping,246.0,36.0,281.0,169.0,56.0,211.0,45.0,54.0,22.4,3.3,25.6,15.4,5.1,19.2,4.1,4.9
North Gosford,145.0,21.0,149.0,129.0,32.0,108.0,47.0,38.0,21.7,3.1,22.3,19.3,4.8,16.1,7.0,5.7
North Lambton,112.0,16.0,129.0,68.0,44.0,136.0,37.0,38.0,19.3,2.8,22.2,11.7,7.6,23.4,6.4,6.6
North Manly,130.0,29.0,195.0,109.0,36.0,81.0,38.0,32.0,20.0,4.5,30.0,16.8,5.5,12.5,5.8,4.9
North Narrabeen,284.0,66.0,404.0,175.0,71.0,163.0,88.0,67.0,21.5,5.0,30.7,13.3,5.4,12.4,6.7,5.1
North Parramatta,656.0,61.0,373.0,463.0,132.0,366.0,163.0,124.0,28.1,2.6,16.0,19.8,5.6,15.7,7.0,5.3
North Rocks,427.0,82.0,424.0,347.0,105.0,355.0,111.0,110.0,21.8,4.2,21.6,17.7,5.4,18.1,5.7,5.6
North Ryde,517.0,78.0,547.0,338.0,106.0,447.0,124.0,110.0,22.8,3.4,24.1,14.9,4.7,19.7,5.5,4.9
North St Marys,129.0,12.0,98.0,130.0,23.0,160.0,35.0,41.0,20.5,1.9,15.6,20.7,3.7,25.5,5.6,6.5
North Strathfield,280.0,23.0,163.0,165.0,44.0,120.0,55.0,51.0,31.1,2.6,18.1,18.3,4.9,13.3,6.1,5.7
North Sydney,457.0,56.0,197.0,231.0,59.0,118.0,74.0,87.0,35.7,4.4,15.4,18.1,4.6,9.2,5.8,6.8
North Turramurra,139.0,37.0,189.0,137.0,61.0,316.0,36.0,44.0,14.5,3.9,19.7,14.3,6.4,33.0,3.8,4.6
North Wahroonga,93.0,28.0,117.0,94.0,37.0,92.0,29.0,26.0,18.0,5.4,22.7,18.2,7.2,17.8,5.6,5.0
North Willoughby,182.0,21.0,199.0,188.0,41.0,141.0,58.0,54.0,20.6,2.4,22.5,21.3,4.6,16.0,6.6,6.1
North Wollongong,64.0,15.0,55.0,32.0,10.0,53.0,15.0,18.0,24.4,5.7,21.0,12.2,3.8,20.2,5.7,6.9
Northbridge (NSW),280.0,60.0,359.0,278.0,82.0,208.0,75.0,91.0,19.5,4.2,25.1,19.4,5.7,14.5,5.2,6.4
Northmead,614.0,84.0,456.0,367.0,109.0,487.0,124.0,124.0,26.0,3.6,19.3,15.5,4.6,20.6,5.2,5.2
Northwood (NSW),50.0,8.0,57.0,49.0,15.0,36.0,8.0,15.0,21.0,3.4,23.9,20.6,6.3,15.1,3.4,6.3
Oak Flats,220.0,41.0,343.0,235.0,72.0,371.0,97.0,71.0,15.2,2.8,23.7,16.2,5.0,25.6,6.7,4.9
Oakhurst (NSW),452.0,35.0,269.0,308.0,83.0,135.0,99.0,84.0,30.9,2.4,18.4,21.0,5.7,9.2,6.8,5.7
Oatlands (NSW),271.0,51.0,240.0,218.0,49.0,215.0,64.0,64.0,23.1,4.4,20.5,18.6,4.2,18.3,5.5,5.5
Oatley,523.0,96.0,603.0,368.0,121.0,463.0,137.0,147.0,21.3,3.9,24.5,15.0,4.9,18.8,5.6,6.0
Old Guildford,51.0,17.0,53.0,93.0,38.0,179.0,34.0,29.0,10.3,3.4,10.7,18.8,7.7,36.2,6.9,5.9
Old Toongabbie,150.0,19.0,160.0,95.0,36.0,120.0,41.0,26.0,23.2,2.9,24.7,14.7,5.6,18.5,6.3,4.0
Ourimbah,188.0,44.0,245.0,150.0,46.0,137.0,63.0,44.0,20.5,4.8,26.7,16.4,5.0,14.9,6.9,4.8
Oxley Park,106.0,15.0,84.0,108.0,24.0,131.0,33.0,28.0,20.0,2.8,15.9,20.4,4.5,24.8,6.2,5.3
Oyster Bay,289.0,58.0,372.0,197.0,68.0,215.0,85.0,75.0,21.3,4.3,27.4,14.5,5.0,15.8,6.3,5.5
Paddington (NSW),784.0,91.0,446.0,346.0,92.0,214.0,160.0,186.0,33.8,3.9,19.2,14.9,4.0,9.2,6.9,8.0
Padstow,700.0,92.0,500.0,477.0,159.0,566.0,169.0,146.0,24.9,3.3,17.8,17.0,5.7,20.1,6.0,5.2
Padstow Heights,182.0,25.0,183.0,115.0,51.0,175.0,38.0,32.0,22.7,3.1,22.8,14.4,6.4,21.8,4.7,4.0
Pagewood,187.0,25.0,196.0,93.0,35.0,168.0,42.0,60.0,23.2,3.1,24.3,11.5,4.3,20.8,5.2,7.4
Palm Beach (NSW),48.0,21.0,83.0,61.0,27.0,84.0,18.0,42.0,12.5,5.5,21.6,15.9,7.0,21.9,4.7,10.9
Panania,572.0,64.0,584.0,380.0,129.0,524.0,160.0,116.0,22.6,2.5,23.1,15.0,5.1,20.7,6.3,4.6
Parramatta,1091.0,168.0,525.0,1081.0,261.0,536.0,205.0,209.0,26.8,4.1,12.9,26.5,6.4,13.2,5.0,5.1
Peakhurst,454.0,59.0,484.0,316.0,117.0,502.0,146.0,96.0,20.9,2.7,22.3,14.5,5.4,23.1,6.7,4.4
Peakhurst Heights,102.0,19.0,127.0,79.0,46.0,162.0,32.0,36.0,16.9,3.2,21.1,13.1,7.6,26.9,5.3,6.0
Pearl Beach,7.0,14.0,11.0,5.0,14.0,51.0,5.0,8.0,6.1,12.2,9.6,4.3,12.2,44.3,4.3,7.0
Pelican (NSW),31.0,8.0,50.0,17.0,7.0,71.0,11.0,15.0,14.8,3.8,23.8,8.1,3.3,33.8,5.2,7.1
Pendle Hill,335.0,36.0,219.0,324.0,79.0,245.0,72.0,71.0,24.3,2.6,15.9,23.5,5.7,17.7,5.2,5.1
Pennant Hills,391.0,59.0,396.0,285.0,108.0,286.0,78.0,95.0,23.0,3.5,23.3,16.8,6.4,16.8,4.6,5.6
Penrith,501.0,56.0,345.0,375.0,89.0,416.0,143.0,125.0,24.4,2.7,16.8,18.3,4.3,20.3,7.0,6.1
Penrose (Wollongong - NSW),58.0,10.0,64.0,68.0,10.0,63.0,24.0,14.0,18.6,3.2,20.6,21.9,3.2,20.3,7.7,4.5
Penshurst (NSW),631.0,111.0,501.0,492.0,143.0,440.0,163.0,137.0,24.1,4.2,19.1,18.8,5.5,16.8,6.2,5.2
Petersham,488.0,50.0,291.0,212.0,56.0,155.0,96.0,98.0,33.7,3.5,20.1,14.7,3.9,10.7,6.6,6.8
Phillip Bay,26.0,3.0,33.0,29.0,8.0,28.0,15.0,5.0,17.7,2.0,22.4,19.7,5.4,19.0,10.2,3.4
Picnic Point,331.0,53.0,377.0,178.0,55.0,242.0,97.0,69.0,23.6,3.8,26.9,12.7,3.9,17.3,6.9,4.9
Plumpton (NSW),582.0,30.0,303.0,379.0,77.0,204.0,108.0,72.0,33.2,1.7,17.3,21.6,4.4,11.6,6.2,4.1
Point Clare,127.0,26.0,210.0,118.0,43.0,186.0,61.0,62.0,15.2,3.1,25.2,14.2,5.2,22.3,7.3,7.4
Point Frederick,80.0,20.0,74.0,42.0,19.0,88.0,18.0,32.0,21.4,5.4,19.8,11.3,5.1,23.6,4.8,8.6
Point Piper,54.0,14.0,43.0,45.0,29.0,49.0,11.0,16.0,20.7,5.4,16.5,17.2,11.1,18.8,4.2,6.1
Port Kembla,131.0,25.0,177.0,140.0,46.0,357.0,61.0,64.0,13.1,2.5,17.7,14.0,4.6,35.7,6.1,6.4
Potts Point,466.0,36.0,154.0,139.0,35.0,62.0,44.0,87.0,45.6,3.5,15.1,13.6,3.4,6.1,4.3,8.5
Prairiewood,106.0,14.0,73.0,125.0,46.0,240.0,40.0,37.0,15.6,2.1,10.7,18.4,6.8,35.2,5.9,5.4
Prestons,1049.0,78.0,646.0,626.0,131.0,362.0,228.0,172.0,31.9,2.4,19.6,19.0,4.0,11.0,6.9,5.2
Primbee,51.0,9.0,64.0,59.0,14.0,103.0,23.0,31.0,14.4,2.5,18.1,16.7,4.0,29.1,6.5,8.8
Prospect (NSW),318.0,29.0,210.0,205.0,57.0,152.0,71.0,61.0,28.8,2.6,19.0,18.6,5.2,13.8,6.4,5.5
Punchbowl (Canterbury - NSW),396.0,114.0,337.0,755.0,342.0,1109.0,206.0,232.0,11.3,3.3,9.7,21.6,9.8,31.8,5.9,6.6
Putney,230.0,35.0,261.0,131.0,37.0,151.0,66.0,55.0,23.8,3.6,27.0,13.6,3.8,15.6,6.8,5.7
Pymble,592.0,81.0,583.0,518.0,158.0,420.0,125.0,189.0,22.2,3.0,21.9,19.4,5.9,15.8,4.7,7.1
Pyrmont,949.0,93.0,361.0,426.0,99.0,213.0,123.0,182.0,38.8,3.8,14.8,17.4,4.0,8.7,5.0,7.4
Quakers Hill,1871.0,154.0,1317.0,1222.0,209.0,622.0,408.0,234.0,31.0,2.6,21.8,20.2,3.5,10.3,6.8,3.9
Queens Park (NSW),160.0,28.0,146.0,121.0,32.0,77.0,38.0,54.0,24.4,4.3,22.3,18.4,4.9,11.7,5.8,8.2
Raby,395.0,35.0,315.0,241.0,66.0,141.0,111.0,67.0,28.8,2.6,23.0,17.6,4.8,10.3,8.1,4.9
Ramsgate,36.0,3.0,45.0,36.0,10.0,44.0,8.0,11.0,18.7,1.6,23.3,18.7,5.2,22.8,4.1,5.7
Ramsgate Beach,57.0,6.0,53.0,57.0,17.0,72.0,20.0,16.0,19.1,2.0,17.8,19.1,5.7,24.2,6.7,5.4
Randwick,1745.0,201.0,1177.0,826.0,251.0,572.0,381.0,363.0,31.6,3.6,21.3,15.0,4.6,10.4,6.9,6.6
Rankin Park,127.0,21.0,163.0,82.0,35.0,144.0,35.0,35.0,19.8,3.3,25.4,12.8,5.5,22.4,5.5,5.5
Redfern,729.0,62.0,289.0,238.0,70.0,265.0,90.0,153.0,38.4,3.3,15.2,12.6,3.7,14.0,4.7,8.1
Redhead,142.0,27.0,183.0,89.0,40.0,224.0,61.0,58.0,17.2,3.3,22.2,10.8,4.9,27.2,7.4,7.0
Regents Park (NSW),182.0,18.0,93.0,191.0,70.0,225.0,51.0,52.0,20.6,2.0,10.5,21.7,7.9,25.5,5.8,5.9
Regentville,32.0,4.0,42.0,14.0,4.0,14.0,13.0,9.0,24.2,3.0,31.8,10.6,3.0,10.6,9.8,6.8
Revesby,611.0,91.0,496.0,451.0,144.0,595.0,153.0,139.0,22.8,3.4,18.5,16.8,5.4,22.2,5.7,5.2
Revesby Heights,72.0,12.0,83.0,49.0,11.0,47.0,35.0,10.0,22.6,3.8,26.0,15.4,3.4,14.7,11.0,3.1
Rhodes,400.0,41.0,174.0,291.0,62.0,149.0,63.0,84.0,31.6,3.2,13.8,23.0,4.9,11.8,5.0,6.6
Riverstone,289.0,35.0,287.0,227.0,61.0,231.0,82.0,71.0,22.5,2.7,22.4,17.7,4.8,18.0,6.4,5.5
Riverview (Lane Cove - NSW),161.0,27.0,217.0,120.0,34.0,108.0,34.0,46.0,21.6,3.6,29.0,16.1,4.6,14.5,4.6,6.2
Riverwood,385.0,66.0,311.0,318.0,123.0,539.0,91.0,141.0,19.5,3.3,15.8,16.1,6.2,27.3,4.6,7.1
Rockdale,681.0,149.0,438.0,593.0,202.0,494.0,177.0,183.0,23.3,5.1,15.0,20.3,6.9,16.9,6.1,6.3
Rocky Point (NSW),12.0,0.0,13.0,9.0,3.0,12.0,5.0,4.0,20.7,0.0,22.4,15.5,5.2,20.7,8.6,6.9
Rodd Point,79.0,12.0,76.0,49.0,16.0,65.0,20.0,14.0,23.9,3.6,23.0,14.8,4.8,19.6,6.0,4.2
Rooty Hill,768.0,67.0,425.0,582.0,123.0,444.0,197.0,139.0,28.0,2.4,15.5,21.2,4.5,16.2,7.2,5.1
Rose Bay (NSW),523.0,98.0,461.0,347.0,123.0,260.0,134.0,129.0,25.2,4.7,22.2,16.7,5.9,12.5,6.5,6.2
Rosebery (NSW),502.0,70.0,327.0,283.0,78.0,377.0,101.0,107.0,27.2,3.8,17.7,15.3,4.2,20.4,5.5,5.8
Roselands,462.0,61.0,398.0,458.0,146.0,565.0,156.0,154.0,19.2,2.5,16.6,19.1,6.1,23.5,6.5,6.4
Rosemeadow,350.0,24.0,300.0,327.0,75.0,224.0,111.0,92.0,23.3,1.6,20.0,21.8,5.0,14.9,7.4,6.1
Roseville,424.0,80.0,507.0,423.0,146.0,292.0,129.0,169.0,19.5,3.7,23.4,19.5,6.7,13.5,5.9,7.8
Roseville Chase,70.0,23.0,102.0,65.0,24.0,66.0,16.0,28.0,17.8,5.8,25.9,16.5,6.1,16.8,4.1,7.1
Rouse Hill,478.0,46.0,505.0,295.0,41.0,149.0,105.0,77.0,28.2,2.7,29.8,17.4,2.4,8.8,6.2,4.5
Rozelle,712.0,63.0,379.0,296.0,59.0,110.0,133.0,128.0,37.9,3.4,20.2,15.7,3.1,5.9,7.1,6.8
Ruse,317.0,36.0,301.0,216.0,74.0,193.0,91.0,55.0,24.7,2.8,23.5,16.8,5.8,15.0,7.1,4.3
Rushcutters Bay,149.0,14.0,52.0,55.0,14.0,24.0,19.0,30.0,41.7,3.9,14.6,15.4,3.9,6.7,5.3,8.4
Russell Lea,275.0,44.0,271.0,145.0,50.0,213.0,59.0,67.0,24.5,3.9,24.1,12.9,4.4,19.0,5.2,6.0
Russell Vale,52.0,9.0,81.0,47.0,22.0,90.0,33.0,13.0,15.0,2.6,23.3,13.5,6.3,25.9,9.5,3.7
Rydalmere,307.0,50.0,258.0,245.0,69.0,230.0,89.0,61.0,23.5,3.8,19.7,18.7,5.3,17.6,6.8,4.7
Ryde,1231.0,161.0,979.0,810.0,230.0,880.0,246.0,271.0,25.6,3.3,20.4,16.8,4.8,18.3,5.1,5.6
Sadleir,61.0,7.0,39.0,92.0,37.0,190.0,21.0,24.0,13.0,1.5,8.3,19.5,7.9,40.3,4.5,5.1
San Remo (NSW),137.0,26.0,167.0,142.0,50.0,209.0,46.0,47.0,16.6,3.2,20.3,17.2,6.1,25.4,5.6,5.7
Sandringham (NSW),46.0,14.0,56.0,39.0,14.0,53.0,8.0,14.0,18.9,5.7,23.0,16.0,5.7,21.7,3.3,5.7
Sans Souci,505.0,81.0,445.0,303.0,103.0,544.0,123.0,125.0,22.7,3.6,20.0,13.6,4.6,24.4,5.5,5.6
Saratoga,144.0,40.0,245.0,128.0,47.0,210.0,54.0,54.0,15.6,4.3,26.6,13.9,5.1,22.8,5.9,5.9
Scarborough (NSW),17.0,3.0,12.0,11.0,4.0,9.0,9.0,3.0,25.0,4.4,17.6,16.2,5.9,13.2,13.2,4.4
Schofields,210.0,35.0,197.0,142.0,26.0,125.0,63.0,42.0,25.0,4.2,23.5,16.9,3.1,14.9,7.5,5.0
Scotland Island,41.0,8.0,46.0,35.0,11.0,11.0,14.0,9.0,23.4,4.6,26.3,20.0,6.3,6.3,8.0,5.1
Seaforth (NSW),287.0,59.0,426.0,308.0,103.0,241.0,68.0,121.0,17.8,3.7,26.4,19.1,6.4,14.9,4.2,7.5
Sefton,179.0,19.0,154.0,209.0,84.0,293.0,54.0,53.0,17.1,1.8,14.7,20.0,8.0,28.0,5.2,5.1
Seven Hills (NSW),963.0,113.0,784.0,819.0,237.0,797.0,247.0,212.0,23.1,2.7,18.8,19.6,5.7,19.1,5.9,5.1
Shalvey,98.0,10.0,74.0,122.0,32.0,169.0,38.0,36.0,16.9,1.7,12.8,21.1,5.5,29.2,6.6,6.2
Shell Cove,210.0,34.0,288.0,176.0,36.0,174.0,69.0,42.0,20.4,3.3,28.0,17.1,3.5,16.9,6.7,4.1
Shellharbour,150.0,21.0,174.0,101.0,49.0,179.0,56.0,55.0,19.1,2.7,22.2,12.9,6.2,22.8,7.1,7.0
Shelly Beach (NSW),40.0,4.0,68.0,39.0,20.0,101.0,20.0,15.0,13.0,1.3,22.1,12.7,6.5,32.9,6.5,4.9
Shortland,130.0,20.0,152.0,118.0,34.0,241.0,43.0,39.0,16.7,2.6,19.6,15.2,4.4,31.0,5.5,5.0
Silverwater (Lake Macquarie - NSW),8.0,3.0,8.0,3.0,9.0,19.0,3.0,6.0,13.6,5.1,13.6,5.1,15.3,32.2,5.1,10.2
Smithfield (NSW),348.0,45.0,265.0,370.0,153.0,728.0,134.0,114.0,16.1,2.1,12.3,17.2,7.1,33.8,6.2,5.3
South Coogee,219.0,37.0,224.0,138.0,42.0,186.0,54.0,73.0,22.5,3.8,23.0,14.2,4.3,19.1,5.5,7.5
South Granville,104.0,14.0,62.0,159.0,102.0,314.0,55.0,61.0,11.9,1.6,7.1,18.3,11.7,36.1,6.3,7.0
South Hurstville,220.0,40.0,195.0,179.0,67.0,230.0,47.0,70.0,21.0,3.8,18.6,17.1,6.4,21.9,4.5,6.7
South Penrith,652.0,72.0,566.0,467.0,133.0,489.0,178.0,124.0,24.3,2.7,21.1,17.4,5.0,18.2,6.6,4.6
South Turramurra,150.0,30.0,191.0,130.0,57.0,130.0,29.0,37.0,19.9,4.0,25.3,17.2,7.6,17.2,3.8,4.9
South Wentworthville,247.0,25.0,175.0,239.0,73.0,253.0,63.0,61.0,21.7,2.2,15.4,21.0,6.4,22.3,5.5,5.4
Speers Point,152.0,27.0,183.0,88.0,39.0,183.0,42.0,58.0,19.7,3.5,23.7,11.4,5.1,23.7,5.4,7.5
Springfield (Gosford - NSW),173.0,40.0,233.0,137.0,35.0,128.0,72.0,54.0,19.8,4.6,26.7,15.7,4.0,14.7,8.3,6.2
Springwood (NSW),398.0,86.0,484.0,271.0,95.0,354.0,110.0,97.0,21.0,4.5,25.5,14.3,5.0,18.7,5.8,5.1
St Andrews (NSW),321.0,27.0,255.0,263.0,65.0,167.0,97.0,55.0,25.7,2.2,20.4,21.0,5.2,13.4,7.8,4.4
St Clair (Penrith - NSW),1285.0,105.0,1023.0,933.0,168.0,493.0,335.0,196.0,28.3,2.3,22.5,20.6,3.7,10.9,7.4,4.3
St Helens Park,336.0,29.0,280.0,277.0,64.0,131.0,113.0,80.0,25.6,2.2,21.4,21.1,4.9,10.0,8.6,6.1
St Huberts Island,34.0,15.0,45.0,26.0,23.0,112.0,8.0,19.0,12.1,5.3,16.0,9.2,8.2,39.7,2.8,6.7
St Ives (NSW),699.0,168.0,941.0,746.0,228.0,812.0,154.0,249.0,17.5,4.2,23.5,18.7,5.7,20.3,3.9,6.2
St Ives Chase,162.0,28.0,206.0,122.0,43.0,181.0,37.0,52.0,19.5,3.4,24.8,14.7,5.2,21.8,4.5,6.3
St Johns Park,223.0,38.0,155.0,249.0,106.0,397.0,63.0,73.0,17.1,2.9,11.9,19.1,8.1,30.4,4.8,5.6
St Leonards (NSW),427.0,20.0,135.0,211.0,29.0,66.0,61.0,64.0,42.2,2.0,13.3,20.8,2.9,6.5,6.0,6.3
St Marys (NSW),414.0,45.0,275.0,422.0,114.0,411.0,123.0,114.0,21.6,2.3,14.3,22.0,5.9,21.4,6.4,5.9
St Peters (NSW),217.0,24.0,106.0,72.0,17.0,56.0,42.0,29.0,38.5,4.3,18.8,12.8,3.0,9.9,7.5,5.2
Stanhope Gardens,648.0,38.0,425.0,333.0,52.0,133.0,140.0,93.0,34.8,2.0,22.8,17.9,2.8,7.1,7.5,5.0
Stanmore (NSW),533.0,70.0,319.0,196.0,57.0,173.0,87.0,107.0,34.6,4.5,20.7,12.7,3.7,11.2,5.6,6.9
Stockton (NSW),123.0,22.0,178.0,104.0,35.0,198.0,47.0,52.0,16.2,2.9,23.5,13.7,4.6,26.1,6.2,6.9
Strathfield (NSW),1109.0,309.0,872.0,874.0,357.0,760.0,238.0,289.0,23.1,6.4,18.1,18.2,7.4,15.8,5.0,6.0
Strathfield South,189.0,19.0,142.0,129.0,49.0,108.0,49.0,29.0,26.5,2.7,19.9,18.1,6.9,15.1,6.9,4.1
Summer Hill (Ashfield - NSW),418.0,59.0,297.0,204.0,69.0,112.0,91.0,85.0,31.3,4.4,22.2,15.3,5.2,8.4,6.8,6.4
Surry Hills,1177.0,108.0,405.0,309.0,103.0,184.0,129.0,177.0,45.4,4.2,15.6,11.9,4.0,7.1,5.0,6.8
Sutherland (NSW),617.0,53.0,482.0,327.0,75.0,262.0,138.0,115.0,29.8,2.6,23.3,15.8,3.6,12.7,6.7,5.6
Swansea (NSW),114.0,20.0,143.0,129.0,84.0,408.0,54.0,62.0,11.2,2.0,14.1,12.7,8.3,40.2,5.3,6.1
Swansea Heads,32.0,9.0,36.0,26.0,8.0,42.0,4.0,9.0,19.3,5.4,21.7,15.7,4.8,25.3,2.4,5.4
Sydenham (NSW),56.0,5.0,32.0,26.0,4.0,30.0,17.0,11.0,30.9,2.8,17.7,14.4,2.2,16.6,9.4,6.1
Sydney,626.0,155.0,264.0,391.0,105.0,245.0,107.0,142.0,30.8,7.6,13.0,19.2,5.2,12.0,5.3,7.0
Sylvania,472.0,94.0,491.0,331.0,128.0,561.0,127.0,117.0,20.3,4.0,21.2,14.3,5.5,24.2,5.5,5.0
Sylvania Waters,181.0,36.0,161.0,113.0,31.0,176.0,43.0,45.0,23.0,4.6,20.5,14.4,3.9,22.4,5.5,5.7
Tacoma,35.0,6.0,40.0,18.0,10.0,29.0,15.0,11.0,21.3,3.7,24.4,11.0,6.1,17.7,9.1,6.7
Tacoma South,16.0,3.0,14.0,11.0,0.0,12.0,3.0,3.0,25.8,4.8,22.6,17.7,0.0,19.4,4.8,4.8
Tamarama,98.0,9.0,40.0,54.0,5.0,15.0,29.0,32.0,34.8,3.2,14.2,19.1,1.8,5.3,10.3,11.3
Taren Point,74.0,14.0,61.0,43.0,29.0,172.0,16.0,15.0,17.5,3.3,14.4,10.1,6.8,40.6,3.8,3.5
Tarrawanna,62.0,20.0,106.0,73.0,23.0,134.0,13.0,23.0,13.7,4.4,23.3,16.1,5.1,29.5,2.9,5.1
Tascott,63.0,13.0,88.0,56.0,24.0,86.0,31.0,21.0,16.5,3.4,23.0,14.7,6.3,22.5,8.1,5.5
Tempe,184.0,27.0,148.0,93.0,21.0,127.0,45.0,45.0,26.7,3.9,21.4,13.5,3.0,18.4,6.5,6.5
Teralba,58.0,13.0,61.0,40.0,18.0,80.0,14.0,17.0,19.3,4.3,20.3,13.3,6.0,26.6,4.7,5.6
Terrey Hills,135.0,53.0,209.0,96.0,48.0,115.0,41.0,35.0,18.4,7.2,28.6,13.1,6.6,15.7,5.6,4.8
Terrigal,439.0,93.0,550.0,334.0,138.0,556.0,141.0,162.0,18.2,3.9,22.8,13.8,5.7,23.0,5.8,6.7
The Entrance,72.0,15.0,72.0,76.0,41.0,230.0,40.0,46.0,12.2,2.5,12.2,12.8,6.9,38.9,6.8,7.8
The Entrance North,34.0,8.0,57.0,33.0,19.0,75.0,17.0,21.0,12.9,3.0,21.6,12.5,7.2,28.4,6.4,8.0
The Hill,92.0,12.0,73.0,45.0,18.0,47.0,24.0,22.0,27.6,3.6,21.9,13.5,5.4,14.1,7.2,6.6
The Junction,79.0,16.0,49.0,25.0,18.0,54.0,22.0,27.0,27.2,5.5,16.9,8.6,6.2,18.6,7.6,9.3
Thirroul,252.0,68.0,338.0,202.0,62.0,209.0,91.0,80.0,19.4,5.2,26.0,15.5,4.8,16.1,7.0,6.1
Thornleigh,461.0,59.0,494.0,315.0,84.0,294.0,130.0,104.0,23.8,3.0,25.5,16.2,4.3,15.1,6.7,5.4
Tighes Hill,58.0,17.0,67.0,46.0,24.0,52.0,15.0,21.0,19.3,5.7,22.3,15.3,8.0,17.3,5.0,7.0
Tingira Heights,84.0,15.0,137.0,71.0,21.0,78.0,36.0,33.0,17.7,3.2,28.8,14.9,4.4,16.4,7.6,6.9
Toongabbie (NSW),756.0,82.0,563.0,574.0,169.0,550.0,154.0,128.0,25.4,2.8,18.9,19.3,5.7,18.5,5.2,4.3
Toowoon Bay,22.0,3.0,18.0,10.0,6.0,44.0,3.0,10.0,19.0,2.6,15.5,8.6,5.2,37.9,2.6,8.6
Toronto,165.0,35.0,152.0,151.0,79.0,380.0,60.0,69.0,15.1,3.2,13.9,13.8,7.2,34.8,5.5,6.3
Toukley,127.0,25.0,116.0,82.0,41.0,291.0,46.0,65.0,16.0,3.2,14.6,10.3,5.2,36.7,5.8,8.2
Towradgi,134.0,15.0,150.0,81.0,39.0,162.0,36.0,41.0,20.4,2.3,22.8,12.3,5.9,24.6,5.5,6.2
Tregear,63.0,9.0,60.0,130.0,37.0,192.0,37.0,36.0,11.2,1.6,10.6,23.0,6.6,34.0,6.6,6.4
Tuggerah,42.0,3.0,34.0,42.0,6.0,41.0,14.0,8.0,22.1,1.6,17.9,22.1,3.2,21.6,7.4,4.2
Tuggerawong,49.0,5.0,61.0,32.0,17.0,48.0,12.0,15.0,20.5,2.1,25.5,13.4,7.1,20.1,5.0,6.3
Tumbi Umbi,193.0,34.0,296.0,156.0,51.0,304.0,45.0,79.0,16.7,2.9,25.6,13.5,4.4,26.3,3.9,6.8
Turramurra,516.0,108.0,628.0,505.0,158.0,466.0,144.0,182.0,19.1,4.0,23.2,18.7,5.8,17.2,5.3,6.7
Turrella,66.0,7.0,55.0,70.0,25.0,84.0,24.0,18.0,18.9,2.0,15.8,20.1,7.2,24.1,6.9,5.2
Ultimo,318.0,37.0,108.0,156.0,63.0,125.0,50.0,65.0,34.5,4.0,11.7,16.9,6.8,13.6,5.4,7.0
Umina Beach,567.0,133.0,679.0,539.0,171.0,880.0,204.0,178.0,16.9,4.0,20.3,16.1,5.1,26.3,6.1,5.3
Unanderra,147.0,30.0,208.0,169.0,72.0,345.0,77.0,68.0,13.2,2.7,18.6,15.1,6.5,30.9,6.9,6.1
Valentine (NSW),273.0,42.0,412.0,179.0,75.0,345.0,81.0,86.0,18.3,2.8,27.6,12.0,5.0,23.1,5.4,5.8
Valley Heights,71.0,12.0,89.0,57.0,18.0,57.0,22.0,17.0,20.7,3.5,25.9,16.6,5.2,16.6,6.4,5.0
Vaucluse,453.0,117.0,451.0,377.0,100.0,270.0,131.0,152.0,22.1,5.7,22.0,18.4,4.9,13.2,6.4,7.4
Villawood,77.0,14.0,56.0,150.0,68.0,337.0,44.0,55.0,9.6,1.7,7.0,18.7,8.5,42.1,5.5,6.9
Voyager Point,122.0,4.0,77.0,64.0,7.0,27.0,24.0,17.0,35.7,1.2,22.5,18.7,2.0,7.9,7.0,5.0
Wahroonga,838.0,150.0,890.0,725.0,222.0,667.0,199.0,239.0,21.3,3.8,22.6,18.4,5.6,17.0,5.1,6.1
Waitara,326.0,34.0,178.0,314.0,52.0,196.0,65.0,83.0,26.1,2.7,14.3,25.2,4.2,15.7,5.2,6.7
Wakeley,199.0,38.0,129.0,225.0,79.0,287.0,53.0,49.0,18.8,3.6,12.2,21.2,7.5,27.1,5.0,4.6
Wallsend,460.0,84.0,553.0,348.0,138.0,649.0,143.0,135.0,18.3,3.3,22.0,13.9,5.5,25.9,5.7,5.4
Wamberal,283.0,70.0,409.0,215.0,65.0,281.0,83.0,81.0,19.0,4.7,27.5,14.5,4.4,18.9,5.6,5.4
Warabrook,112.0,12.0,82.0,70.0,26.0,90.0,28.0,26.0,25.1,2.7,18.4,15.7,5.8,20.2,6.3,5.8
Waratah (NSW),155.0,29.0,162.0,99.0,32.0,137.0,56.0,49.0,21.6,4.0,22.5,13.8,4.5,19.1,7.8,6.8
Waratah West,83.0,15.0,84.0,63.0,32.0,152.0,29.0,30.0,17.0,3.1,17.2,12.9,6.6,31.1,5.9,6.1
Wareemba,90.0,10.0,87.0,34.0,17.0,67.0,26.0,27.0,25.1,2.8,24.3,9.5,4.7,18.7,7.3,7.5
Warilla,151.0,30.0,176.0,191.0,68.0,444.0,68.0,61.0,12.7,2.5,14.8,16.1,5.7,37.3,5.7,5.1
Warners Bay,300.0,50.0,382.0,215.0,95.0,501.0,104.0,99.0,17.2,2.9,21.9,12.3,5.4,28.7,6.0,5.7
Warrawee,145.0,31.0,132.0,177.0,29.0,126.0,34.0,43.0,20.2,4.3,18.4,24.7,4.0,17.6,4.7,6.0
Warrawong,64.0,15.0,95.0,140.0,57.0,392.0,38.0,46.0,7.6,1.8,11.2,16.5,6.7,46.3,4.5,5.4
Warriewood,330.0,61.0,400.0,236.0,62.0,194.0,88.0,70.0,22.9,4.2,27.8,16.4,4.3,13.5,6.1,4.9
Warrimoo,138.0,22.0,164.0,79.0,23.0,68.0,36.0,18.0,25.2,4.0,29.9,14.4,4.2,12.4,6.6,3.3
Warwick Farm,99.0,15.0,49.0,178.0,57.0,239.0,36.0,46.0,13.8,2.1,6.8,24.8,7.9,33.2,5.0,6.4
Watanobbi,136.0,29.0,136.0,145.0,39.0,143.0,41.0,36.0,19.3,4.1,19.3,20.6,5.5,20.3,5.8,5.1
Waterloo (NSW),518.0,42.0,180.0,168.0,60.0,286.0,77.0,111.0,35.9,2.9,12.5,11.7,4.2,19.8,5.3,7.7
Watsons Bay,33.0,4.0,34.0,32.0,16.0,24.0,6.0,8.0,21.0,2.5,21.7,20.4,10.2,15.3,3.8,5.1
Wattle Grove (NSW),602.0,46.0,484.0,372.0,58.0,149.0,164.0,137.0,29.9,2.3,24.1,18.5,2.9,7.4,8.2,6.8
Waverley (NSW),212.0,27.0,169.0,126.0,27.0,68.0,50.0,49.0,29.1,3.7,23.2,17.3,3.7,9.3,6.9,6.7
Waverton,210.0,36.0,112.0,93.0,26.0,76.0,34.0,54.0,32.8,5.6,17.5,14.5,4.1,11.9,5.3,8.4
Wentworthville,646.0,54.0,348.0,542.0,137.0,397.0,101.0,123.0,27.5,2.3,14.8,23.1,5.8,16.9,4.3,5.2
Werrington,189.0,17.0,123.0,141.0,45.0,115.0,44.0,45.0,26.3,2.4,17.1,19.6,6.3,16.0,6.1,6.3
Werrington County,195.0,26.0,219.0,155.0,52.0,112.0,53.0,38.0,22.9,3.1,25.8,18.2,6.1,13.2,6.2,4.5
Werrington Downs,232.0,18.0,191.0,149.0,27.0,66.0,49.0,36.0,30.2,2.3,24.9,19.4,3.5,8.6,6.4,4.7
West Gosford,45.0,10.0,29.0,32.0,14.0,63.0,14.0,20.0,19.8,4.4,12.8,14.1,6.2,27.8,6.2,8.8
West Hoxton,640.0,55.0,434.0,406.0,67.0,212.0,170.0,92.0,30.8,2.6,20.9,19.6,3.2,10.2,8.2,4.4
West Pennant Hills,976.0,154.0,985.0,734.0,214.0,599.0,233.0,230.0,23.7,3.7,23.9,17.8,5.2,14.5,5.6,5.6
West Pymble,220.0,45.0,364.0,226.0,61.0,175.0,65.0,76.0,17.9,3.7,29.5,18.3,5.0,14.2,5.3,6.2
West Ryde,702.0,97.0,495.0,500.0,165.0,409.0,165.0,144.0,26.2,3.6,18.5,18.7,6.2,15.3,6.2,5.4
West Wallsend,67.0,6.0,81.0,55.0,21.0,88.0,24.0,22.0,18.4,1.6,22.3,15.1,5.8,24.2,6.6,6.0
West Wollongong,171.0,33.0,219.0,151.0,42.0,238.0,47.0,42.0,18.1,3.5,23.2,16.0,4.5,25.2,5.0,4.5
Westleigh,228.0,49.0,321.0,178.0,67.0,195.0,63.0,81.0,19.3,4.1,27.2,15.1,5.7,16.5,5.3,6.9
Westmead,850.0,92.0,411.0,989.0,163.0,351.0,158.0,147.0,26.9,2.9,13.0,31.3,5.2,11.1,5.0,4.7
Wetherill Park,254.0,35.0,218.0,276.0,79.0,392.0,70.0,83.0,18.1,2.5,15.5,19.6,5.6,27.9,5.0,5.9
Whalan,120.0,21.0,94.0,171.0,46.0,306.0,57.0,62.0,13.7,2.4,10.7,19.5,5.2,34.9,6.5,7.1
Whitebridge,105.0,18.0,168.0,87.0,31.0,127.0,30.0,45.0,17.2,2.9,27.5,14.2,5.1,20.8,4.9,7.4
Wickham (NSW),49.0,10.0,29.0,22.0,10.0,21.0,10.0,10.0,30.4,6.2,18.0,13.7,6.2,13.0,6.2,6.2
Wiley Park,202.0,70.0,180.0,509.0,246.0,468.0,101.0,118.0,10.7,3.7,9.5,26.9,13.0,24.7,5.3,6.2
Willmot,33.0,5.0,39.0,76.0,29.0,120.0,29.0,24.0,9.3,1.4,11.0,21.4,8.2,33.8,8.2,6.8
Willoughby (NSW),339.0,43.0,320.0,262.0,47.0,160.0,75.0,76.0,25.6,3.3,24.2,19.8,3.6,12.1,5.7,5.7
Willoughby East,84.0,16.0,119.0,87.0,27.0,45.0,25.0,23.0,19.7,3.8,27.9,20.4,6.3,10.6,5.9,5.4
Windale,38.0,9.0,48.0,53.0,35.0,193.0,18.0,29.0,9.0,2.1,11.3,12.5,8.3,45.6,4.3,6.9
Windang,54.0,19.0,102.0,54.0,33.0,274.0,27.0,40.0,9.0,3.2,16.9,9.0,5.5,45.4,4.5,6.6
Winmalee,367.0,53.0,434.0,282.0,66.0,222.0,111.0,80.0,22.7,3.3,26.9,17.5,4.1,13.7,6.9,5.0
Winston Hills,664.0,97.0,655.0,410.0,154.0,539.0,148.0,148.0,23.6,3.4,23.3,14.6,5.5,19.1,5.3,5.3
Wollongong,572.0,121.0,447.0,417.0,191.0,848.0,163.0,191.0,19.4,4.1,15.2,14.1,6.5,28.7,5.5,6.5
Wollstonecraft,713.0,53.0,321.0,299.0,70.0,190.0,102.0,115.0,38.3,2.8,17.2,16.0,3.8,10.2,5.5,6.2
Wombarra,46.0,18.0,52.0,25.0,13.0,29.0,18.0,11.0,21.7,8.5,24.5,11.8,6.1,13.7,8.5,5.2
Woodbine (NSW),140.0,17.0,113.0,125.0,43.0,95.0,38.0,34.0,23.1,2.8,18.7,20.7,7.1,15.7,6.3,5.6
Woodcroft (NSW),618.0,35.0,265.0,295.0,60.0,153.0,86.0,59.0,39.3,2.2,16.9,18.8,3.8,9.7,5.5,3.8
Woodpark,60.0,5.0,57.0,53.0,16.0,66.0,25.0,21.0,19.8,1.7,18.8,17.5,5.3,21.8,8.3,6.9
Woodrising,52.0,3.0,75.0,50.0,19.0,30.0,15.0,7.0,20.7,1.2,29.9,19.9,7.6,12.0,6.0,2.8
Woollahra,412.0,62.0,273.0,284.0,91.0,184.0,83.0,104.0,27.6,4.2,18.3,19.0,6.1,12.3,5.6,7.0
Woolloomooloo,194.0,24.0,62.0,69.0,19.0,89.0,26.0,39.0,37.2,4.6,11.9,13.2,3.6,17.0,5.0,7.5
Woolooware,209.0,37.0,281.0,135.0,53.0,160.0,44.0,63.0,21.3,3.8,28.6,13.7,5.4,16.3,4.5,6.4
Woolwich,34.0,16.0,40.0,34.0,12.0,39.0,11.0,6.0,17.7,8.3,20.8,17.7,6.2,20.3,5.7,3.1
Woonona,455.0,70.0,678.0,364.0,96.0,601.0,150.0,133.0,17.9,2.7,26.6,14.3,3.8,23.6,5.9,5.2
Woronora,141.0,22.0,149.0,59.0,31.0,81.0,41.0,25.0,25.7,4.0,27.1,10.7,5.6,14.8,7.5,4.6
Woronora Heights,207.0,24.0,269.0,102.0,24.0,54.0,41.0,34.0,27.4,3.2,35.6,13.5,3.2,7.2,5.4,4.5
Woy Woy,271.0,59.0,357.0,288.0,104.0,670.0,117.0,120.0,13.6,3.0,18.0,14.5,5.2,33.7,5.9,6.0
Woy Woy Bay,16.0,7.0,26.0,17.0,6.0,20.0,5.0,12.0,14.7,6.4,23.9,15.6,5.5,18.3,4.6,11.0
Wyoming,353.0,67.0,417.0,317.0,102.0,504.0,118.0,102.0,17.8,3.4,21.1,16.0,5.2,25.5,6.0,5.2
Wyong,90.0,32.0,85.0,106.0,55.0,223.0,37.0,33.0,13.6,4.8,12.9,16.0,8.3,33.7,5.6,5.0
Wyongah,83.0,12.0,107.0,69.0,22.0,85.0,38.0,16.0,19.2,2.8,24.8,16.0,5.1,19.7,8.8,3.7
Yagoona,528.0,94.0,395.0,601.0,271.0,915.0,167.0,167.0,16.8,3.0,12.6,19.2,8.6,29.2,5.3,5.3
Yarrawarrah,178.0,30.0,238.0,96.0,42.0,112.0,51.0,44.0,22.5,3.8,30.1,12.1,5.3,14.2,6.4,5.6
Yattalunga (NSW),20.0,4.0,35.0,22.0,6.0,26.0,6.0,4.0,16.3,3.3,28.5,17.9,4.9,21.1,4.9,3.3
Yennora,22.0,6.0,19.0,52.0,15.0,94.0,13.0,19.0,9.2,2.5,7.9,21.7,6.2,39.2,5.4,7.9
Yowie Bay,145.0,35.0,208.0,107.0,40.0,173.0,47.0,46.0,18.1,4.4,26.0,13.4,5.0,21.6,5.9,5.7
Zetland,352.0,22.0,123.0,102.0,30.0,80.0,42.0,42.0,44.4,2.8,15.5,12.9,3.8,10.1,5.3,5.3
