,Did unpaid domestic work (last week),Cared for child/children (last two weeks),Provided unpaid assistance to a person with a disability (last two weeks),Did voluntary work through an organisation or group (last 12 months),Did unpaid domestic work (last week) (%),Cared for child/children (last two weeks) (%),Provided unpaid assistance to a person with a disability (last two weeks) (%),Did voluntary work through an organisation or group (last 12 months) (%)
Abbotsbury,2267.0,831.0,405.0,343.0,66.2,24.3,11.8,10.0
New South Wales,3839135.0,1537775.0,638615.0,942085.0,68.7,27.5,11.4,16.9
Australia,12149347.0,4827808.0,1896957.0,3090874.0,70.0,27.8,10.9,17.8
Abbotsford (NSW),3234.0,1158.0,540.0,713.0,74.6,26.7,12.5,16.5
Acacia Gardens,2030.0,1010.0,267.0,346.0,74.3,37.0,9.8,12.6
Adamstown,3427.0,1393.0,526.0,696.0,74.8,30.4,11.5,15.2
Adamstown Heights,3263.0,1432.0,574.0,804.0,77.9,34.2,13.7,19.2
Airds,1289.0,695.0,409.0,224.0,51.9,28.0,16.5,9.0
Albion Park,7202.0,3672.0,1176.0,1286.0,73.9,37.7,12.1,13.2
Albion Park Rail,3750.0,1721.0,721.0,693.0,67.8,31.1,13.0,12.5
Alexandria,4923.0,1118.0,453.0,1015.0,77.9,17.7,7.2,16.1
Alfords Point,2001.0,706.0,353.0,515.0,73.3,25.8,12.9,18.8
Allambie Heights,3936.0,1800.0,585.0,1086.0,74.4,34.0,11.1,20.5
Allawah,2886.0,1043.0,396.0,464.0,63.4,22.9,8.7,10.2
Ambarvale,3451.0,1603.0,614.0,609.0,62.3,28.9,11.1,11.0
Annandale (NSW),5765.0,1870.0,672.0,1485.0,79.4,25.8,9.3,20.4
Argenton,736.0,306.0,154.0,111.0,64.2,26.7,13.4,9.7
Arncliffe,3875.0,1626.0,762.0,665.0,56.7,23.8,11.1,9.7
Artarmon,5287.0,1996.0,651.0,1422.0,74.7,28.2,9.2,20.1
Ashbury,1793.0,767.0,306.0,379.0,72.0,30.8,12.3,15.2
Ashcroft,1231.0,553.0,335.0,156.0,49.3,22.2,13.4,6.2
Ashfield (NSW),11750.0,3835.0,1668.0,2510.0,61.4,20.0,8.7,13.1
Asquith,2161.0,892.0,339.0,579.0,77.7,32.0,12.2,20.8
Auburn (NSW),12389.0,5848.0,2760.0,1997.0,47.7,22.5,10.6,7.7
Austinmer,1570.0,699.0,251.0,531.0,81.1,36.1,13.0,27.5
Avoca Beach,2608.0,1159.0,412.0,846.0,77.3,34.3,12.2,25.0
Balgowlah,4601.0,2030.0,580.0,1298.0,78.4,34.6,9.9,22.1
Balgowlah Heights,1912.0,962.0,278.0,687.0,80.1,40.3,11.6,28.7
Balgownie,3282.0,1375.0,614.0,847.0,73.8,30.9,13.8,19.1
Balmain,6421.0,2067.0,731.0,1620.0,78.1,25.2,8.9,19.7
Balmain East,1287.0,389.0,177.0,356.0,80.4,24.3,11.1,22.2
Bangor (NSW),3488.0,1357.0,534.0,784.0,76.2,29.6,11.7,17.1
Banksia,1654.0,684.0,288.0,225.0,62.9,26.0,11.0,8.6
Bankstown,11979.0,5927.0,2537.0,1635.0,51.2,25.3,10.8,7.0
Bar Beach,693.0,223.0,108.0,194.0,70.6,22.8,11.0,19.8
Barden Ridge,2377.0,975.0,354.0,570.0,75.1,30.8,11.2,18.0
Bardwell Park,1280.0,533.0,232.0,226.0,70.9,29.5,12.9,12.5
Bardwell Valley,1149.0,478.0,239.0,207.0,65.7,27.3,13.7,11.8
Barnsley,1042.0,483.0,203.0,163.0,74.4,34.5,14.5,11.7
Barrack Heights,3190.0,1396.0,697.0,535.0,66.3,29.0,14.5,11.1
Barrack Point,354.0,158.0,58.0,83.0,71.5,31.8,11.7,16.6
Bass Hill,3595.0,1599.0,807.0,603.0,55.8,24.8,12.5,9.4
Bateau Bay,6699.0,2614.0,1209.0,1393.0,68.7,26.8,12.4,14.3
Baulkham Hills,20608.0,9171.0,3114.0,5122.0,77.3,34.4,11.7,19.2
Bayview (NSW),1914.0,723.0,304.0,561.0,71.8,27.1,11.4,21.0
Beacon Hill,4128.0,1834.0,577.0,1018.0,76.4,33.9,10.7,18.8
Beaconsfield (NSW),556.0,174.0,58.0,84.0,71.2,22.2,7.4,10.8
Beecroft,5650.0,2253.0,904.0,1936.0,78.5,31.3,12.6,26.9
Belfield,2948.0,1289.0,618.0,485.0,61.4,26.8,12.9,10.1
Bella Vista,4342.0,1721.0,597.0,1235.0,73.8,29.3,10.1,21.0
Bellambi,2110.0,921.0,474.0,425.0,65.9,28.8,14.8,13.3
Bellevue Hill,6004.0,2335.0,920.0,1935.0,67.8,26.4,10.4,21.9
Belmont (NSW),3721.0,1467.0,697.0,756.0,69.6,27.4,13.0,14.1
Belmont North,3609.0,1641.0,676.0,774.0,69.7,31.7,13.1,14.9
Belmont South,640.0,271.0,119.0,120.0,65.2,27.6,12.2,12.3
Belmore,5750.0,2494.0,1147.0,839.0,56.6,24.6,11.3,8.3
Belrose,4831.0,2245.0,736.0,1373.0,73.5,34.1,11.2,20.9
Bensville,1561.0,696.0,215.0,370.0,79.9,35.7,11.0,19.0
Berala,3966.0,1686.0,761.0,741.0,56.5,24.0,10.9,10.6
Berkeley,3773.0,1571.0,761.0,682.0,62.4,26.0,12.6,11.3
Berkeley Vale,4807.0,2190.0,732.0,931.0,73.1,33.3,11.1,14.2
Berowra,2839.0,1334.0,411.0,891.0,81.0,38.1,11.7,25.4
Berowra Heights,3261.0,1481.0,488.0,949.0,83.4,37.8,12.5,24.2
Beverley Park,1150.0,521.0,241.0,179.0,68.8,31.2,14.4,10.7
Beverly Hills,5211.0,2055.0,935.0,948.0,65.4,25.8,11.7,11.9
Bexley,9407.0,4128.0,1746.0,1648.0,61.4,26.9,11.4,10.8
Bexley North,2099.0,965.0,420.0,478.0,66.0,30.3,13.2,15.0
Bidwill (NSW),1663.0,916.0,368.0,259.0,53.5,29.4,11.8,8.3
Birchgrove,2084.0,730.0,294.0,618.0,80.8,28.3,11.4,24.0
Birmingham Gardens,1203.0,358.0,184.0,290.0,66.9,19.9,10.2,16.2
Birrong,1357.0,577.0,257.0,238.0,58.5,24.9,11.1,10.2
Blackalls Park,1609.0,673.0,296.0,344.0,71.3,29.8,13.1,15.2
Blackbutt (NSW),1788.0,797.0,374.0,337.0,70.5,31.4,14.8,13.3
Blackett,1295.0,693.0,306.0,185.0,52.2,27.9,12.3,7.5
Blacksmiths,997.0,426.0,210.0,246.0,65.2,27.9,13.8,16.1
Blacktown,21344.0,9695.0,3657.0,3736.0,62.6,28.4,10.7,11.0
Blackwall (NSW),1016.0,371.0,177.0,214.0,69.8,25.5,12.2,14.7
Blairmount,205.0,96.0,42.0,50.0,59.4,27.9,12.2,14.4
Blakehurst,3348.0,1360.0,634.0,694.0,67.5,27.4,12.8,14.0
Blaxland (NSW),4789.0,2006.0,776.0,1416.0,82.1,34.4,13.3,24.3
Blue Bay,585.0,202.0,106.0,102.0,68.2,23.5,12.4,11.9
Blue Haven,3134.0,1617.0,513.0,483.0,69.7,35.9,11.4,10.7
Bolton Point,1194.0,518.0,302.0,284.0,64.9,28.1,16.4,15.4
Bondi,5544.0,1530.0,598.0,1313.0,65.6,18.1,7.1,15.5
Bondi Beach,6444.0,1678.0,600.0,1527.0,67.2,17.5,6.3,15.9
Bondi Junction,4881.0,1405.0,658.0,1155.0,64.6,18.6,8.7,15.3
Bonnet Bay,1398.0,573.0,251.0,395.0,79.0,32.4,14.2,22.3
Bonnyrigg,3370.0,1549.0,736.0,461.0,53.1,24.4,11.6,7.3
Bonnyrigg Heights,3360.0,1446.0,702.0,417.0,58.4,25.1,12.2,7.2
Booker Bay,665.0,181.0,130.0,137.0,66.8,18.2,13.1,13.8
Boolaroo,545.0,217.0,108.0,95.0,69.5,27.6,13.7,12.1
Booragul,697.0,271.0,153.0,151.0,58.3,22.7,12.8,12.6
Bossley Park,6706.0,2665.0,1427.0,954.0,58.6,23.3,12.5,8.3
Botany,4691.0,2217.0,705.0,840.0,67.3,31.8,10.1,12.1
Bow Bowing,869.0,388.0,133.0,144.0,70.9,31.7,10.9,11.8
Bradbury (NSW),4648.0,2138.0,856.0,962.0,67.8,31.2,12.5,14.0
Broadmeadow,973.0,355.0,153.0,188.0,75.0,27.3,11.8,14.5
Bronte,4077.0,1603.0,573.0,1156.0,73.4,28.9,10.3,20.8
Brookvale,1477.0,539.0,183.0,288.0,67.8,24.8,8.4,13.2
Budgewoi,1833.0,693.0,337.0,363.0,68.3,25.8,12.6,13.5
Buff Point,1865.0,745.0,357.0,305.0,70.3,28.1,13.5,11.5
Bulli,3410.0,1626.0,591.0,971.0,77.4,36.9,13.4,22.0
Burwood (NSW),6332.0,1993.0,1102.0,1343.0,57.7,18.2,10.0,12.2
Burwood Heights,438.0,187.0,84.0,103.0,64.1,27.3,12.3,15.1
Busby,1563.0,738.0,375.0,259.0,49.3,23.3,11.8,8.2
Cabarita (NSW),1183.0,435.0,181.0,321.0,73.5,27.0,11.2,19.9
Cabramatta,7595.0,3791.0,1635.0,1042.0,46.1,23.0,9.9,6.3
Cabramatta West,2786.0,1290.0,576.0,322.0,52.4,24.3,10.8,6.1
Cambridge Gardens,1203.0,555.0,209.0,171.0,76.2,35.2,13.3,10.9
Cambridge Park,3507.0,1569.0,595.0,523.0,72.1,32.3,12.2,10.8
Camden,1860.0,732.0,277.0,419.0,69.5,27.3,10.3,15.7
Camden South,2728.0,1160.0,437.0,703.0,78.4,33.4,12.6,20.2
Cammeray,4497.0,1469.0,525.0,1204.0,78.2,25.5,9.1,20.9
Campbelltown (NSW),5529.0,2236.0,988.0,1057.0,65.4,26.4,11.7,12.5
Camperdown (NSW),5118.0,967.0,487.0,1532.0,70.3,13.3,6.7,21.1
Campsie,9304.0,4064.0,1683.0,1378.0,52.8,23.1,9.6,7.8
Canada Bay,746.0,312.0,123.0,138.0,70.8,29.6,11.7,13.1
Canley Heights,4386.0,2072.0,912.0,555.0,53.3,25.2,11.1,6.7
Canley Vale,3666.0,1716.0,792.0,496.0,49.7,23.3,10.7,6.7
Canterbury (NSW),3182.0,1218.0,551.0,558.0,61.8,23.7,10.7,10.8
Canton Beach,532.0,162.0,112.0,106.0,55.8,17.0,11.8,11.1
Cardiff (NSW),3346.0,1468.0,633.0,652.0,71.8,31.5,13.6,14.0
Cardiff Heights,734.0,282.0,120.0,174.0,68.2,26.2,11.2,16.2
Cardiff South,1751.0,768.0,281.0,310.0,74.1,32.5,11.9,13.1
Caringbah,6465.0,2591.0,994.0,1240.0,71.9,28.8,11.1,13.8
Carlingford,12504.0,5196.0,2073.0,3482.0,71.0,29.5,11.8,19.8
Carlton (NSW),5075.0,2224.0,926.0,881.0,63.4,27.8,11.6,11.0
Carramar (NSW),1315.0,613.0,279.0,221.0,48.3,22.5,10.3,8.1
Carrington (Newcastle - NSW),1114.0,369.0,186.0,251.0,70.6,23.4,11.8,15.9
Carss Park,680.0,340.0,134.0,164.0,70.5,35.3,13.9,17.0
Cartwright,884.0,382.0,232.0,154.0,50.0,21.6,13.1,8.7
Castle Cove,1535.0,676.0,273.0,465.0,76.0,33.5,13.5,23.1
Castle Hill (NSW),22653.0,9037.0,3326.0,6063.0,74.1,29.6,10.9,19.8
Castlecrag,1800.0,811.0,308.0,655.0,79.9,36.0,13.7,29.1
Casula,6988.0,3178.0,1295.0,1113.0,61.5,28.0,11.4,9.8
Caves Beach,2370.0,955.0,444.0,615.0,73.0,29.4,13.7,18.9
Cecil Hills,3310.0,1556.0,539.0,499.0,63.1,29.6,10.3,9.5
Centennial Park (NSW),1447.0,357.0,150.0,403.0,75.7,18.7,7.9,21.1
Charlestown (NSW),7633.0,3057.0,1307.0,1629.0,74.6,29.9,12.8,15.9
Charmhaven,1296.0,526.0,225.0,210.0,70.7,28.7,12.3,11.4
Chatswood,11575.0,4380.0,1556.0,2985.0,64.7,24.5,8.7,16.7
Chatswood West,889.0,408.0,131.0,285.0,79.0,36.3,11.7,25.4
Cheltenham (NSW),1377.0,513.0,230.0,527.0,81.7,30.5,13.7,31.3
Cherrybrook,11609.0,4403.0,1600.0,3452.0,76.2,28.9,10.5,22.7
Chester Hill,5298.0,2309.0,1114.0,886.0,57.3,25.0,12.0,9.6
Chifley (NSW),1731.0,725.0,338.0,345.0,68.4,28.6,13.3,13.6
Chippendale,2376.0,279.0,159.0,575.0,61.1,7.2,4.1,14.8
Chipping Norton,4788.0,1958.0,823.0,792.0,66.7,27.3,11.5,11.0
Chiswick,1608.0,507.0,207.0,280.0,75.0,23.6,9.7,13.1
Chittaway Bay,1128.0,500.0,190.0,201.0,73.7,32.7,12.4,13.1
Chittaway Point,546.0,246.0,99.0,100.0,75.5,34.0,13.7,13.8
Church Point,747.0,279.0,130.0,194.0,79.0,29.6,13.8,20.5
Claremont Meadows,2197.0,1133.0,282.0,369.0,73.0,37.7,9.4,12.3
Claymore,902.0,593.0,262.0,168.0,45.1,29.6,13.1,8.4
Clontarf (NSW),1020.0,466.0,176.0,345.0,77.3,35.4,13.4,26.2
Clovelly,2826.0,1157.0,394.0,749.0,78.1,32.0,10.9,20.7
Coal Point,1158.0,416.0,222.0,335.0,78.8,28.3,15.1,22.8
Coledale,743.0,316.0,131.0,235.0,82.1,34.9,14.5,25.9
Collaroy (NSW),8730.0,3885.0,1285.0,2126.0,76.9,34.2,11.3,18.7
Colyton,4079.0,1853.0,694.0,535.0,65.2,29.6,11.1,8.6
Como (NSW),2364.0,1067.0,361.0,668.0,81.6,36.8,12.5,23.0
Concord,7917.0,3249.0,1404.0,1719.0,69.4,28.5,12.3,15.1
Concord West,3347.0,1294.0,594.0,827.0,70.8,27.4,12.6,17.5
Condell Park,4568.0,2190.0,1022.0,726.0,57.0,27.3,12.8,9.1
Coniston,1207.0,493.0,220.0,259.0,66.9,27.3,12.2,14.4
Connells Point,1563.0,620.0,279.0,341.0,71.1,28.2,12.7,15.5
Coogee (NSW),9091.0,2644.0,1014.0,2126.0,74.7,21.7,8.3,17.5
Cooks Hill,2451.0,645.0,309.0,602.0,77.4,20.4,9.8,19.0
Copacabana,1648.0,755.0,256.0,438.0,79.8,36.5,12.4,21.2
Cordeaux Heights,2819.0,1239.0,492.0,818.0,76.4,33.6,13.3,22.2
Corrimal,3727.0,1520.0,693.0,865.0,70.9,28.9,13.2,16.5
Cranebrook,8115.0,3912.0,1267.0,1376.0,73.3,35.4,11.5,12.4
Cremorne (NSW),7062.0,2077.0,823.0,1856.0,74.4,21.9,8.7,19.6
Cremorne Point,1363.0,425.0,170.0,387.0,79.2,24.7,9.9,22.5
Cringila,944.0,411.0,254.0,133.0,56.8,24.7,15.3,8.0
Cromer (NSW),4311.0,2007.0,649.0,1005.0,76.9,35.8,11.6,17.9
Cronulla,11062.0,3654.0,1650.0,2464.0,74.0,24.4,11.0,16.5
Croudace Bay,331.0,160.0,57.0,75.0,77.0,37.3,13.3,17.5
Crows Nest (NSW),2681.0,733.0,244.0,595.0,76.0,20.8,6.9,16.9
Croydon (NSW),5820.0,2314.0,966.0,1429.0,67.9,27.0,11.3,16.7
Croydon Park (NSW),5925.0,2374.0,1039.0,1191.0,68.0,27.2,11.9,13.7
Curl Curl,1403.0,635.0,207.0,428.0,76.3,34.5,11.3,23.3
Currans Hill,2712.0,1480.0,410.0,406.0,76.3,41.6,11.5,11.4
Daceyville,499.0,159.0,153.0,101.0,48.1,15.3,14.8,9.8
Daleys Point,363.0,107.0,60.0,95.0,66.7,19.6,11.0,17.5
Dapto,5952.0,2685.0,1086.0,1115.0,69.5,31.3,12.7,13.0
Darling Point,2381.0,667.0,354.0,701.0,67.6,18.9,10.1,19.9
Darlinghurst,6285.0,817.0,559.0,1551.0,65.2,8.5,5.8,16.1
Darlington (Sydney - NSW),1472.0,254.0,126.0,508.0,70.5,12.2,6.0,24.3
Davidson,1543.0,648.0,266.0,467.0,80.1,33.6,13.8,24.2
Davistown,1463.0,565.0,254.0,336.0,74.4,28.8,12.9,17.1
Dawes Point,319.0,88.0,48.0,107.0,64.4,17.8,9.7,21.7
Dean Park,1477.0,732.0,211.0,195.0,61.7,30.6,8.8,8.2
Dee Why,11925.0,4315.0,1526.0,2337.0,71.3,25.8,9.1,14.0
Denistone,2236.0,893.0,418.0,674.0,77.8,31.1,14.5,23.4
Denistone East,1217.0,534.0,221.0,337.0,74.4,32.7,13.5,20.6
Denistone West,548.0,240.0,79.0,135.0,76.8,33.6,11.1,18.9
Dharruk,1210.0,561.0,242.0,183.0,57.2,26.5,11.4,8.7
Dolans Bay,336.0,126.0,72.0,79.0,75.2,28.3,16.1,17.7
Dolls Point,1018.0,372.0,190.0,183.0,67.2,24.5,12.5,12.1
Doonside,6034.0,2713.0,1252.0,1107.0,58.9,26.5,12.2,10.8
Double Bay,2824.0,810.0,376.0,780.0,69.1,19.8,9.2,19.1
Dover Heights,2235.0,976.0,422.0,744.0,71.8,31.4,13.6,23.9
Drummoyne,6952.0,2384.0,959.0,1629.0,72.6,24.9,10.0,17.0
Dudley,1456.0,626.0,302.0,398.0,79.5,34.2,16.5,21.8
Dulwich Hill,7661.0,2768.0,1157.0,1661.0,71.4,25.8,10.8,15.5
Dundas (NSW),2167.0,871.0,320.0,615.0,69.9,28.1,10.3,19.9
Dundas Valley,2574.0,1038.0,441.0,587.0,69.3,28.0,11.9,15.8
Dural (Hornsby - NSW),4380.0,1736.0,647.0,1242.0,73.3,29.1,10.8,20.8
Eagle Vale,2932.0,1357.0,569.0,514.0,66.2,30.7,12.9,11.6
Earlwood,9308.0,3989.0,1866.0,1635.0,68.2,29.2,13.7,12.0
East Gosford,2335.0,812.0,389.0,609.0,70.1,24.4,11.7,18.3
East Hills,1908.0,734.0,333.0,370.0,71.6,27.5,12.5,13.9
East Killara,1770.0,722.0,274.0,542.0,75.9,31.0,11.8,23.3
East Lindfield,2106.0,973.0,312.0,769.0,77.6,35.8,11.5,28.3
East Ryde,1421.0,592.0,233.0,379.0,77.2,32.1,12.6,20.6
Eastern Creek,392.0,176.0,72.0,68.0,64.5,29.0,11.8,11.2
Eastlakes,3060.0,1347.0,589.0,499.0,54.4,24.0,10.5,8.9
Eastwood (NSW),9172.0,3445.0,1541.0,2681.0,67.4,25.3,11.3,19.7
Edensor Park,4388.0,1893.0,838.0,605.0,57.8,24.9,11.0,8.0
Edgecliff,1263.0,316.0,160.0,307.0,69.9,17.5,8.8,17.0
Edgeworth,3419.0,1611.0,635.0,534.0,67.6,31.9,12.6,10.6
Elanora Heights,2347.0,1138.0,376.0,679.0,79.4,38.5,12.7,23.0
Elderslie (Camden - NSW),2537.0,1165.0,384.0,622.0,78.3,35.9,11.9,19.2
Eleebana,3599.0,1499.0,598.0,888.0,79.9,33.3,13.3,19.7
Elermore Vale,3033.0,1323.0,573.0,621.0,72.1,31.5,13.6,14.8
Elizabeth Bay,3344.0,499.0,359.0,871.0,68.6,10.2,7.4,17.9
Emerton,930.0,498.0,214.0,146.0,52.8,28.2,12.1,8.3
Empire Bay,1339.0,586.0,227.0,296.0,74.9,32.8,12.7,16.6
Emu Heights (NSW),2008.0,909.0,311.0,422.0,78.0,35.3,12.1,16.4
Emu Plains,4669.0,2086.0,796.0,1027.0,71.3,31.9,12.2,15.7
Enfield (NSW),1448.0,538.0,273.0,302.0,64.7,24.0,12.2,13.5
Engadine,10210.0,5054.0,1593.0,2290.0,78.8,39.0,12.3,17.7
Enmore (Marrickville - NSW),2311.0,608.0,236.0,542.0,73.5,19.3,7.5,17.2
Epping (NSW),12561.0,4543.0,1904.0,3953.0,74.2,26.8,11.3,23.4
Erina,2501.0,854.0,454.0,626.0,62.4,21.3,11.3,15.6
Ermington,4991.0,2120.0,865.0,1031.0,65.1,27.7,11.3,13.5
Erskine Park,3664.0,1579.0,529.0,574.0,71.0,30.6,10.3,11.1
Erskineville,4971.0,1149.0,402.0,1143.0,81.6,18.9,6.6,18.8
Eschol Park,1428.0,651.0,248.0,181.0,69.3,31.6,12.0,8.8
Ettalong Beach,2541.0,887.0,456.0,478.0,65.0,22.7,11.7,12.2
Fairfield (NSW),6445.0,2999.0,1724.0,854.0,47.8,22.3,12.8,6.3
Fairfield East,1945.0,911.0,455.0,310.0,49.7,23.3,11.6,7.9
Fairfield Heights,2599.0,1122.0,729.0,385.0,49.5,21.4,13.9,7.3
Fairfield West,4600.0,2056.0,963.0,599.0,54.5,24.4,11.4,7.1
Fairlight,3563.0,1362.0,476.0,996.0,78.3,30.0,10.5,21.9
Fairy Meadow,3784.0,1395.0,712.0,851.0,69.0,25.4,13.0,15.5
Farmborough Heights,2468.0,1179.0,428.0,603.0,75.3,36.0,13.1,18.4
Faulconbridge,2621.0,1096.0,406.0,759.0,82.7,34.6,12.8,24.0
Fennell Bay,888.0,351.0,190.0,192.0,72.9,28.8,15.6,15.8
Figtree,6256.0,2982.0,1168.0,1692.0,74.1,35.3,13.8,20.0
Five Dock,5206.0,2017.0,797.0,986.0,72.4,28.1,11.1,13.7
Fletcher (NSW),1547.0,883.0,248.0,274.0,79.7,45.5,12.8,14.1
Flinders (NSW),2879.0,1513.0,471.0,513.0,75.1,39.5,12.3,13.4
Floraville,926.0,443.0,154.0,214.0,78.2,37.4,13.0,18.1
Forest Lodge,1891.0,459.0,181.0,503.0,79.0,19.2,7.6,21.0
Forestville (NSW),4603.0,2112.0,668.0,1324.0,76.0,34.9,11.0,21.9
Forresters Beach,1545.0,650.0,227.0,380.0,78.3,33.0,11.5,19.3
Frenchs Forest,7941.0,3756.0,1133.0,2310.0,78.9,37.3,11.3,23.0
Garden Suburb,1188.0,553.0,200.0,321.0,77.8,36.3,13.1,21.0
Gateshead,1840.0,864.0,370.0,303.0,65.5,30.7,13.2,10.8
Georges Hall,4313.0,1952.0,857.0,740.0,63.0,28.5,12.5,10.8
Georgetown (NSW),1269.0,497.0,208.0,245.0,77.7,30.5,12.7,15.0
Girraween (NSW),2422.0,1127.0,450.0,468.0,66.7,31.0,12.4,12.9
Gladesville,6743.0,2628.0,1027.0,1634.0,75.8,29.5,11.5,18.4
Glebe (NSW),7048.0,1521.0,881.0,1922.0,70.4,15.2,8.8,19.2
Glen Alpine,2668.0,999.0,459.0,541.0,73.7,27.6,12.7,14.9
Glenbrook,3250.0,1355.0,509.0,963.0,83.8,34.9,13.1,24.8
Glendale (NSW),1921.0,816.0,371.0,356.0,72.4,30.7,14.0,13.4
Glendenning,2458.0,1419.0,358.0,365.0,68.8,39.6,10.0,10.2
Glenfield (NSW),3931.0,1617.0,608.0,699.0,64.1,26.4,9.9,11.4
Glenhaven,3824.0,1434.0,601.0,1079.0,76.9,28.8,12.1,21.7
Glenmore Park,11504.0,5789.0,1517.0,2030.0,77.0,38.8,10.2,13.6
Glenning Valley,1266.0,541.0,185.0,270.0,79.6,34.0,11.6,17.0
Glenwood (NSW),8335.0,4170.0,1162.0,1936.0,74.1,37.1,10.3,17.2
Gordon (NSW),3997.0,1557.0,562.0,1396.0,74.5,29.0,10.5,26.0
Gorokan,4134.0,1657.0,812.0,708.0,66.1,26.5,13.0,11.3
Gosford,2067.0,536.0,229.0,391.0,66.9,17.3,7.4,12.7
Granville (NSW),6057.0,2580.0,1129.0,1021.0,53.9,22.9,10.0,9.1
Grays Point,1759.0,736.0,297.0,469.0,78.0,32.6,13.2,20.8
Green Point (Great Lakes - NSW),361.0,127.0,64.0,100.0,75.5,26.5,13.4,20.8
Green Valley (NSW),5394.0,2642.0,1068.0,739.0,57.0,27.9,11.3,7.8
Greenacre,9377.0,4486.0,2190.0,1534.0,53.8,25.7,12.6,8.8
Greenfield Park,2159.0,938.0,458.0,313.0,57.1,24.8,12.1,8.3
Greenwich,3428.0,1145.0,497.0,1116.0,79.2,26.5,11.5,25.8
Greystanes,11697.0,5298.0,2126.0,1957.0,67.5,30.6,12.3,11.3
Guildford (NSW),8057.0,3767.0,1766.0,1188.0,52.8,24.7,11.6,7.8
Guildford West,1978.0,980.0,405.0,337.0,58.7,29.1,12.0,10.0
Gwynneville,1519.0,537.0,259.0,465.0,63.1,22.3,10.8,19.3
Gymea,4487.0,1767.0,674.0,962.0,76.0,29.9,11.4,16.3
Gymea Bay,4165.0,1969.0,718.0,1091.0,78.6,37.2,13.5,20.6
Haberfield,3799.0,1523.0,772.0,905.0,70.0,28.1,14.2,16.7
Halekulani,1380.0,508.0,268.0,239.0,67.9,25.0,13.2,11.8
Hamilton (NSW),2592.0,819.0,360.0,579.0,73.1,23.1,10.2,16.3
Hamilton East,567.0,226.0,104.0,160.0,76.3,30.5,14.1,21.6
Hamilton North,569.0,206.0,78.0,99.0,78.5,28.5,10.8,13.7
Hamilton South,2183.0,884.0,382.0,591.0,66.7,27.0,11.7,18.1
Hammondville,1583.0,724.0,258.0,299.0,61.5,28.1,10.0,11.6
Harrington Park,4153.0,2273.0,533.0,715.0,76.1,41.6,9.8,13.1
Harris Park,2247.0,971.0,392.0,394.0,53.1,22.9,9.3,9.3
Hassall Grove,2051.0,1108.0,340.0,362.0,64.8,35.0,10.7,11.4
Haymarket,1843.0,358.0,187.0,390.0,35.9,7.0,3.6,7.6
Heathcote (NSW),3642.0,1582.0,659.0,1038.0,76.1,33.1,13.8,21.7
Hebersham,2340.0,1160.0,510.0,335.0,58.0,28.8,12.6,8.3
Heckenberg,1103.0,518.0,270.0,147.0,49.9,23.4,12.2,6.6
Henley,286.0,114.0,58.0,95.0,78.1,31.1,15.8,25.8
Highfields (NSW),663.0,268.0,101.0,136.0,79.6,32.1,12.1,16.3
Hillsborough (Lake Macquarie - NSW),418.0,171.0,71.0,56.0,77.6,31.8,13.2,10.4
Hillsdale,2402.0,1023.0,389.0,369.0,58.8,25.1,9.5,9.0
Hinchinbrook (NSW),4817.0,2345.0,929.0,678.0,59.4,28.9,11.5,8.4
Holmesville,787.0,399.0,175.0,136.0,70.3,35.7,15.7,12.2
Holsworthy,2730.0,1283.0,314.0,577.0,72.0,33.9,8.3,15.2
Homebush (NSW),3070.0,1069.0,434.0,689.0,58.9,20.5,8.3,13.2
Homebush West,2859.0,1127.0,348.0,516.0,59.2,23.4,7.2,10.7
Horningsea Park,1737.0,947.0,251.0,216.0,66.2,36.1,9.6,8.2
Hornsby,11852.0,4657.0,1742.0,2944.0,72.6,28.5,10.7,18.0
Hornsby Heights,3949.0,1748.0,553.0,1114.0,81.5,36.1,11.4,23.0
Horsley,3946.0,2065.0,672.0,757.0,75.3,39.4,12.8,14.4
Hoxton Park,1946.0,990.0,326.0,235.0,61.6,31.3,10.3,7.4
Hunters Hill,4964.0,2053.0,823.0,1906.0,69.0,28.5,11.4,26.5
Huntleys Point,83.0,15.0,20.0,33.0,64.3,11.7,15.5,25.8
Hurlstone Park,2791.0,1051.0,528.0,628.0,70.7,26.6,13.4,15.9
Hurstville,12601.0,5254.0,2125.0,2191.0,57.4,23.9,9.7,10.0
Hurstville Grove,1388.0,553.0,237.0,300.0,71.4,28.4,12.2,15.4
Illawong,4454.0,1656.0,781.0,1033.0,72.6,27.0,12.7,16.8
Ingleburn,7571.0,3057.0,1321.0,1382.0,67.7,27.3,11.8,12.4
Ingleside,673.0,288.0,108.0,222.0,74.9,32.0,12.0,24.7
Islington,1146.0,371.0,173.0,234.0,74.9,24.2,11.3,15.3
Jamisontown,3004.0,1283.0,424.0,456.0,70.2,30.0,9.9,10.7
Jannali,3432.0,1557.0,552.0,829.0,73.1,33.2,11.8,17.7
Jesmond,1329.0,439.0,198.0,265.0,59.7,19.7,8.9,11.9
Jewells,1824.0,765.0,345.0,427.0,71.6,30.0,13.5,16.8
Kahibah,1279.0,511.0,193.0,271.0,76.4,30.6,11.5,16.2
Kanahooka,2941.0,1323.0,563.0,652.0,68.3,30.7,13.1,15.1
Kangaroo Point (NSW),333.0,133.0,69.0,102.0,68.2,27.2,14.1,20.8
Kanwal,1897.0,853.0,366.0,406.0,61.6,27.7,11.9,13.2
Kareela,2089.0,935.0,380.0,494.0,77.5,34.7,14.1,18.3
Kariong,3680.0,1728.0,527.0,827.0,76.3,35.8,10.9,17.2
Kearns,1544.0,653.0,204.0,278.0,70.4,29.8,9.3,12.7
Keiraville,2044.0,681.0,314.0,687.0,71.0,23.7,10.9,23.9
Kellyville,11430.0,5528.0,1644.0,2689.0,75.5,36.5,10.9,17.8
Kembla Grange,131.0,53.0,24.0,42.0,72.0,29.0,13.2,23.2
Kensington (NSW),7126.0,1806.0,825.0,2194.0,62.4,15.8,7.2,19.2
Kilaben Bay,875.0,322.0,157.0,217.0,78.3,28.8,14.0,19.4
Killara (NSW),5541.0,2189.0,925.0,2053.0,73.9,29.2,12.3,27.4
Killarney Heights,2647.0,1291.0,371.0,849.0,78.8,38.4,11.0,25.3
Killarney Vale,3831.0,1687.0,650.0,718.0,69.3,30.5,11.8,13.0
Kincumber,3970.0,1513.0,676.0,894.0,70.7,26.9,12.0,15.9
Kincumber South,403.0,101.0,98.0,113.0,63.7,16.0,15.5,17.9
Kings Langley,5593.0,2434.0,876.0,1151.0,76.4,33.3,12.0,15.7
Kings Park (NSW),1995.0,938.0,259.0,365.0,76.6,36.0,9.9,14.0
Kingsford (NSW),7528.0,2306.0,1049.0,1848.0,61.3,18.8,8.5,15.0
Kingsgrove,6085.0,2474.0,1194.0,952.0,64.4,26.2,12.6,10.1
Kingswood (Tamworth - NSW),685.0,269.0,115.0,211.0,76.8,30.1,12.9,23.6
Kirrawee,5402.0,2310.0,900.0,1250.0,74.6,31.9,12.4,17.3
Kirribilli,2480.0,501.0,299.0,699.0,72.3,14.6,8.7,20.4
Kogarah,6596.0,2626.0,1042.0,1094.0,61.9,24.6,9.8,10.3
Kogarah Bay,1120.0,487.0,225.0,237.0,68.0,29.6,13.7,14.4
Koolewong,518.0,190.0,102.0,135.0,78.4,28.7,15.4,20.4
Koonawarra,1835.0,884.0,375.0,279.0,65.8,31.7,13.4,10.0
Kotara,2501.0,1055.0,397.0,568.0,79.4,33.5,12.6,18.0
Kotara South,711.0,328.0,121.0,171.0,79.0,36.4,13.4,19.0
Kurnell,1267.0,601.0,226.0,220.0,74.8,35.5,13.3,13.0
Kyeemagh,430.0,160.0,76.0,64.0,65.2,24.3,11.6,9.7
Kyle Bay,487.0,213.0,93.0,105.0,71.7,31.3,13.7,15.5
La Perouse,220.0,89.0,50.0,58.0,64.0,25.9,14.5,17.0
Lake Haven,1761.0,620.0,367.0,363.0,62.1,21.9,13.0,12.8
Lake Heights,1673.0,705.0,365.0,245.0,62.7,26.4,13.7,9.2
Lake Illawarra,1634.0,620.0,334.0,269.0,63.7,24.2,13.0,10.5
Lakelands (NSW),944.0,406.0,162.0,239.0,78.0,33.5,13.4,19.8
Lakemba,5975.0,3223.0,1173.0,941.0,51.3,27.7,10.1,8.1
Lalor Park,3598.0,1558.0,607.0,702.0,65.6,28.4,11.1,12.8
Lambton,2993.0,1223.0,506.0,649.0,74.3,30.4,12.6,16.1
Lane Cove,5983.0,2263.0,801.0,1756.0,77.4,29.3,10.4,22.7
Lane Cove North,5840.0,2122.0,735.0,1493.0,75.5,27.4,9.5,19.3
Lane Cove West,1333.0,607.0,200.0,369.0,80.0,36.4,12.0,22.2
Lansvale,1145.0,434.0,240.0,174.0,58.3,22.1,12.2,8.9
Lapstone,615.0,281.0,114.0,239.0,84.5,38.8,15.7,33.0
Lavender Bay,588.0,119.0,67.0,193.0,73.7,14.9,8.4,24.2
Leichhardt (NSW),8611.0,3067.0,1078.0,1867.0,76.4,27.2,9.6,16.6
Leonay,1539.0,685.0,237.0,320.0,80.2,35.7,12.3,16.7
Lethbridge Park,1827.0,921.0,450.0,290.0,53.4,26.9,13.2,8.5
Leumeah,5193.0,2174.0,876.0,881.0,68.8,28.8,11.6,11.7
Lewisham (NSW),1786.0,561.0,237.0,478.0,71.8,22.5,9.5,19.2
Liberty Grove,1175.0,516.0,134.0,208.0,71.4,31.3,8.1,12.6
Lidcombe,7917.0,3060.0,1333.0,1480.0,57.1,22.1,9.6,10.7
Lilli Pilli (Sutherland - NSW),801.0,346.0,131.0,233.0,79.5,34.3,13.0,23.2
Lilyfield,4383.0,1805.0,606.0,984.0,74.5,30.7,10.3,16.7
Lindfield,5235.0,2170.0,780.0,1889.0,77.1,32.0,11.5,27.8
Linley Point,244.0,99.0,39.0,57.0,76.5,31.0,12.3,17.9
Lisarow,2997.0,1301.0,472.0,699.0,78.1,33.9,12.3,18.2
Little Bay,1582.0,684.0,225.0,321.0,65.7,28.4,9.3,13.3
Liverpool,9467.0,4419.0,2160.0,1297.0,49.8,23.2,11.4,6.8
Loftus,2407.0,1120.0,396.0,691.0,77.9,36.3,12.8,22.4
Long Jetty,3143.0,1284.0,578.0,609.0,66.6,27.2,12.2,12.9
Long Point (Campbelltown - NSW),126.0,56.0,27.0,44.0,74.1,32.2,15.6,25.7
Longueville,1309.0,577.0,238.0,554.0,79.4,35.0,14.4,33.6
Lugarno,3444.0,1379.0,632.0,861.0,76.1,30.5,14.0,19.0
Lurnea,3680.0,1694.0,880.0,505.0,56.9,26.2,13.6,7.8
Macquarie Fields,6204.0,2789.0,1247.0,1049.0,61.4,27.6,12.3,10.4
Macquarie Hills,1882.0,928.0,311.0,341.0,78.2,38.5,12.9,14.2
Macquarie Links,638.0,280.0,91.0,140.0,74.2,32.5,10.6,16.2
Macquarie Park,3298.0,848.0,391.0,993.0,58.8,15.1,7.0,17.7
Malabar,1875.0,773.0,385.0,437.0,43.4,17.9,8.9,10.1
Mangerton,1672.0,740.0,306.0,456.0,73.8,32.7,13.5,20.1
Manly (NSW),9308.0,2894.0,1040.0,2556.0,70.9,22.1,7.9,19.5
Manly Vale,3399.0,1387.0,412.0,853.0,73.1,29.8,8.9,18.3
Marayong,3665.0,1603.0,570.0,581.0,62.3,27.3,9.7,9.9
Mardi,1860.0,905.0,273.0,396.0,70.9,34.5,10.4,15.1
Marks Point,969.0,406.0,222.0,168.0,66.7,28.0,15.3,11.6
Marmong Point,468.0,221.0,79.0,135.0,76.5,36.1,12.9,22.0
Maroubra,16267.0,6051.0,2543.0,3541.0,65.5,24.4,10.2,14.3
Marrickville,13882.0,4817.0,2118.0,2855.0,66.4,23.0,10.1,13.7
Marsfield,7013.0,2259.0,947.0,1741.0,65.1,21.0,8.8,16.2
Maryland (Newcastle - NSW),4411.0,2163.0,757.0,744.0,73.5,36.1,12.6,12.4
Maryville,952.0,323.0,129.0,190.0,78.0,26.5,10.6,15.6
Mascot,5413.0,1986.0,825.0,840.0,63.1,23.2,9.6,9.8
Matraville,4768.0,2029.0,840.0,924.0,65.0,27.7,11.5,12.6
Mayfield (Newcastle - NSW),5225.0,1898.0,876.0,1016.0,67.9,24.7,11.4,13.2
Mayfield East,980.0,366.0,146.0,206.0,68.6,25.6,10.2,14.4
Mayfield West,958.0,364.0,148.0,180.0,66.2,25.2,10.2,12.4
Mays Hill,376.0,143.0,68.0,80.0,63.7,24.3,11.6,13.6
McMahons Point,1624.0,352.0,204.0,440.0,75.3,16.3,9.4,20.4
Meadowbank (NSW),2189.0,589.0,225.0,466.0,66.5,17.9,6.8,14.1
Melrose Park (NSW),854.0,377.0,134.0,232.0,75.4,33.3,11.9,20.5
Menai,6123.0,2733.0,921.0,1355.0,75.4,33.7,11.4,16.7
Merewether,6856.0,2520.0,1004.0,1795.0,78.0,28.7,11.4,20.4
Merewether Heights,871.0,423.0,167.0,247.0,78.3,38.0,15.0,22.3
Merrylands,11754.0,5185.0,2424.0,1816.0,56.3,24.8,11.6,8.7
Merrylands West,2780.0,1164.0,482.0,496.0,56.2,23.6,9.7,10.0
Middle Cove,812.0,345.0,118.0,275.0,82.1,34.9,11.9,27.8
Miller,1110.0,519.0,279.0,197.0,46.6,21.8,11.7,8.3
Millers Point,962.0,204.0,129.0,230.0,58.7,12.5,7.9,14.1
Milperra,2343.0,1076.0,394.0,443.0,75.6,34.8,12.7,14.3
Milsons Point,1252.0,303.0,129.0,325.0,67.3,16.3,6.9,17.5
Minchinbury,2908.0,1251.0,416.0,479.0,68.3,29.4,9.8,11.2
Minmi,385.0,193.0,69.0,78.0,73.2,36.6,13.1,14.9
Minto,4795.0,2199.0,910.0,884.0,60.3,27.6,11.4,11.1
Miranda (NSW),8255.0,3291.0,1240.0,1580.0,69.5,27.7,10.4,13.3
Mona Vale,6208.0,2479.0,940.0,1531.0,74.2,29.6,11.2,18.3
Monterey,2327.0,931.0,474.0,385.0,64.3,25.7,13.1,10.6
Moorebank,4043.0,1892.0,686.0,630.0,67.9,31.8,11.5,10.6
Mortdale,5583.0,2246.0,805.0,1113.0,69.7,28.0,10.0,13.9
Mortlake (NSW),456.0,186.0,66.0,84.0,75.4,30.7,10.9,13.9
Mosman,16754.0,6234.0,2293.0,5265.0,74.7,27.8,10.2,23.5
Mount Annan,5922.0,3104.0,786.0,1050.0,77.2,40.4,10.2,13.7
Mount Colah,4452.0,1863.0,619.0,1260.0,79.6,33.3,11.1,22.5
Mount Druitt,6491.0,3393.0,1304.0,1051.0,55.6,29.1,11.2,9.0
Mount Hutton (NSW),1799.0,714.0,298.0,321.0,67.7,26.8,11.2,12.1
Mount Keira,994.0,421.0,184.0,261.0,82.1,34.8,15.2,21.6
Mount Kembla,675.0,294.0,122.0,224.0,81.8,35.7,14.8,27.1
Mount Lewis,471.0,228.0,119.0,74.0,54.1,26.3,13.7,8.5
Mount Ousley,986.0,370.0,157.0,269.0,79.1,29.7,12.6,21.6
Mount Pleasant (NSW),770.0,311.0,149.0,216.0,79.7,32.3,15.4,22.4
Mount Pritchard,3924.0,1768.0,801.0,598.0,55.9,25.2,11.4,8.5
Mount Riverview,1938.0,783.0,324.0,579.0,80.4,32.5,13.5,24.0
Mount Saint Thomas,802.0,370.0,132.0,173.0,73.0,33.6,12.0,15.7
Mount Warrigal,2621.0,1070.0,553.0,450.0,70.3,28.7,14.8,12.1
Narara,4649.0,2008.0,739.0,1094.0,75.4,32.6,12.0,17.7
Narellan,2018.0,912.0,301.0,406.0,72.9,33.0,10.9,14.7
Narellan Vale,4027.0,2066.0,616.0,691.0,76.0,39.0,11.6,13.0
Naremburn,3560.0,1392.0,431.0,857.0,80.8,31.6,9.8,19.5
Narrabeen,4431.0,1399.0,579.0,1069.0,67.4,21.3,8.8,16.3
Narraweena,3416.0,1466.0,605.0,746.0,69.0,29.6,12.2,15.1
Narwee,2406.0,1021.0,425.0,438.0,58.8,24.9,10.4,10.7
Neutral Bay,6440.0,1532.0,660.0,1614.0,76.3,18.1,7.8,19.1
New Lambton,5915.0,2455.0,956.0,1315.0,75.7,31.4,12.2,16.8
New Lambton Heights,1403.0,582.0,212.0,343.0,80.5,33.4,12.2,19.7
Newcastle,1638.0,376.0,181.0,440.0,73.5,16.9,8.1,19.7
Newcastle East,630.0,178.0,87.0,194.0,70.9,20.0,9.8,21.8
Newcastle West,362.0,84.0,43.0,74.0,67.9,15.7,8.1,13.9
Newington (NSW),3039.0,1369.0,394.0,632.0,73.6,33.2,9.5,15.3
Newport (NSW),5645.0,2250.0,866.0,1504.0,77.2,30.8,11.9,20.6
Newtown (NSW),9597.0,2139.0,967.0,2560.0,75.0,16.7,7.6,20.0
Niagara Park,1681.0,805.0,237.0,373.0,77.4,37.0,10.9,17.2
Norah Head,690.0,229.0,144.0,204.0,73.0,24.3,15.2,21.6
Noraville,1525.0,604.0,270.0,335.0,68.8,27.2,12.2,15.1
Normanhurst,3039.0,1258.0,469.0,1089.0,75.0,31.0,11.6,26.8
North Avoca,1241.0,447.0,190.0,343.0,78.3,28.2,12.0,21.6
North Balgowlah,2005.0,1055.0,286.0,610.0,81.2,42.7,11.6,24.7
North Bondi,4941.0,1958.0,632.0,1319.0,71.2,28.2,9.1,19.0
North Curl Curl,2092.0,975.0,299.0,595.0,78.4,36.5,11.2,22.3
North Epping,2756.0,1154.0,394.0,984.0,79.7,33.3,11.4,28.4
North Gosford,2024.0,791.0,317.0,468.0,71.3,27.9,11.2,16.5
North Lambton,1830.0,637.0,319.0,451.0,69.5,24.2,12.1,17.1
North Manly,1586.0,789.0,228.0,386.0,75.5,37.6,10.9,18.4
North Narrabeen,3391.0,1535.0,524.0,848.0,78.7,35.6,12.2,19.7
North Parramatta,6408.0,2325.0,978.0,1386.0,61.0,22.1,9.3,13.2
North Rocks,4682.0,2030.0,742.0,1333.0,76.4,33.1,12.1,21.8
North Ryde,5661.0,2324.0,941.0,1383.0,68.7,28.2,11.4,16.8
North St Marys,1662.0,720.0,318.0,262.0,58.3,25.2,11.2,9.2
North Strathfield,2354.0,867.0,291.0,488.0,64.1,23.6,7.9,13.3
North Sydney,3982.0,974.0,435.0,1042.0,70.5,17.3,7.7,18.5
North Turramurra,2370.0,876.0,405.0,784.0,71.1,26.3,12.2,23.5
North Wahroonga,1217.0,501.0,209.0,378.0,80.7,33.2,13.8,25.1
North Willoughby,2331.0,958.0,294.0,590.0,76.1,31.2,9.6,19.2
North Wollongong,1393.0,269.0,157.0,446.0,64.8,12.5,7.3,20.8
Northbridge (NSW),3597.0,1571.0,514.0,1275.0,79.6,34.7,11.4,28.2
Northmead,6149.0,2426.0,961.0,1495.0,73.6,29.0,11.5,17.9
Northwood (NSW),562.0,259.0,79.0,211.0,78.4,36.2,11.0,29.5
Oak Flats,3693.0,1621.0,788.0,760.0,72.1,31.6,15.4,14.8
Oakhurst (NSW),3311.0,1667.0,528.0,487.0,64.4,32.4,10.3,9.5
Oatlands (NSW),2987.0,1215.0,573.0,856.0,69.2,28.2,13.3,19.8
Oatley,6302.0,2424.0,1104.0,1830.0,76.7,29.5,13.4,22.3
Old Guildford,983.0,503.0,290.0,119.0,52.0,26.6,15.3,6.3
Old Toongabbie,1589.0,668.0,247.0,384.0,75.6,31.8,11.8,18.3
Ourimbah,2542.0,1121.0,405.0,662.0,78.2,34.5,12.5,20.4
Oxley Park,1446.0,698.0,241.0,216.0,63.2,30.5,10.5,9.4
Oyster Bay,3280.0,1449.0,515.0,749.0,78.9,34.9,12.4,18.0
Paddington (NSW),7766.0,2102.0,875.0,2030.0,73.2,19.8,8.2,19.1
Padstow,6857.0,2737.0,1210.0,1247.0,65.8,26.3,11.6,12.0
Padstow Heights,1918.0,788.0,336.0,410.0,67.2,27.6,11.8,14.4
Pagewood,2035.0,841.0,351.0,399.0,69.1,28.6,11.9,13.6
Palm Beach (NSW),1021.0,357.0,198.0,341.0,74.4,26.0,14.4,24.8
Panania,6325.0,2672.0,1155.0,1349.0,69.2,29.2,12.6,14.8
Parramatta,9598.0,3417.0,1223.0,1555.0,56.7,20.2,7.2,9.2
Peakhurst,5231.0,2217.0,933.0,1102.0,65.4,27.7,11.7,13.8
Peakhurst Heights,1431.0,581.0,260.0,367.0,75.9,30.8,13.8,19.5
Pearl Beach,329.0,83.0,56.0,139.0,71.4,18.0,12.1,30.2
Pelican (NSW),484.0,196.0,105.0,105.0,68.9,27.9,15.0,15.0
Pendle Hill,3157.0,1411.0,621.0,583.0,59.0,26.4,11.6,10.9
Pennant Hills,4451.0,1662.0,685.0,1450.0,77.2,28.8,11.9,25.2
Penrith,6309.0,2468.0,1016.0,1068.0,64.4,25.2,10.4,10.9
Penrose (Wollongong - NSW),801.0,336.0,168.0,135.0,71.2,29.8,14.9,12.0
Penshurst (NSW),6473.0,2590.0,1099.0,1321.0,67.2,26.9,11.4,13.7
Petersham,4745.0,1509.0,621.0,1113.0,74.3,23.6,9.7,17.4
Phillip Bay,354.0,166.0,79.0,80.0,70.4,33.1,15.7,16.0
Picnic Point,3380.0,1433.0,629.0,735.0,75.8,32.1,14.1,16.5
Plumpton (NSW),3928.0,1916.0,645.0,624.0,63.5,31.0,10.4,10.1
Point Clare,2145.0,877.0,330.0,554.0,69.8,28.5,10.7,18.0
Point Frederick,1080.0,352.0,160.0,287.0,69.4,22.7,10.3,18.5
Point Piper,681.0,250.0,128.0,227.0,56.0,20.5,10.5,18.6
Port Kembla,2665.0,1075.0,586.0,492.0,65.1,26.3,14.3,12.0
Potts Point,4120.0,494.0,364.0,1067.0,62.2,7.5,5.5,16.1
Prairiewood,1452.0,585.0,319.0,165.0,58.8,23.7,12.9,6.7
Prestons,6905.0,3756.0,1067.0,1143.0,66.5,36.2,10.3,11.0
Primbee,835.0,341.0,186.0,124.0,63.6,26.0,14.2,9.5
Prospect (NSW),2511.0,1041.0,416.0,414.0,68.3,28.3,11.3,11.3
Punchbowl (Canterbury - NSW),7100.0,3467.0,1668.0,984.0,50.5,24.7,11.9,7.0
Putney,2457.0,1013.0,424.0,639.0,76.3,31.4,13.2,19.8
Pymble,6592.0,2691.0,1038.0,2205.0,78.6,32.1,12.4,26.3
Pyrmont,6955.0,1542.0,630.0,1387.0,65.6,14.5,5.9,13.1
Quakers Hill,14372.0,6865.0,2046.0,2666.0,72.1,34.5,10.3,13.4
Queens Park (NSW),1736.0,715.0,241.0,445.0,74.5,30.7,10.3,19.1
Raby,3321.0,1465.0,529.0,590.0,70.1,30.9,11.2,12.5
Ramsgate,498.0,187.0,86.0,90.0,66.8,25.1,11.6,12.1
Ramsgate Beach,836.0,307.0,121.0,115.0,66.6,24.4,9.6,9.1
Randwick,16856.0,5511.0,2026.0,4018.0,71.3,23.3,8.6,17.0
Rankin Park,1591.0,667.0,295.0,426.0,79.8,33.5,14.8,21.4
Redfern,7276.0,1308.0,841.0,1731.0,65.0,11.7,7.5,15.5
Redhead,2057.0,888.0,379.0,561.0,72.6,31.3,13.4,19.8
Regents Park (NSW),2038.0,886.0,423.0,381.0,57.6,25.0,11.9,10.8
Regentville,332.0,144.0,49.0,69.0,68.9,29.9,10.2,14.3
Revesby,6650.0,2638.0,1257.0,1238.0,63.3,25.1,12.0,11.8
Revesby Heights,800.0,370.0,138.0,198.0,75.5,35.0,13.1,18.7
Rhodes,2819.0,815.0,291.0,579.0,55.7,16.1,5.8,11.4
Riverstone,3312.0,1509.0,584.0,631.0,68.0,31.0,12.0,13.0
Riverview (Lane Cove - NSW),1895.0,873.0,322.0,834.0,78.7,36.2,13.4,34.6
Riverwood,4686.0,1835.0,909.0,825.0,55.4,21.7,10.7,9.7
Rockdale,6709.0,2364.0,964.0,976.0,55.9,19.7,8.0,8.1
Rocky Point (NSW),158.0,81.0,31.0,36.0,75.6,38.6,14.8,17.1
Rodd Point,788.0,341.0,136.0,159.0,75.4,32.7,13.0,15.2
Rooty Hill,6256.0,3008.0,1089.0,1078.0,59.8,28.7,10.4,10.3
Rose Bay (NSW),5394.0,2175.0,825.0,1550.0,69.7,28.1,10.7,20.0
Rosebery (NSW),4475.0,1702.0,671.0,765.0,62.8,23.9,9.4,10.7
Roselands,5288.0,2451.0,1006.0,835.0,60.5,28.0,11.5,9.5
Rosemeadow,3844.0,1810.0,676.0,624.0,66.9,31.5,11.8,10.9
Roseville,5556.0,2404.0,829.0,1976.0,78.1,33.8,11.7,27.8
Roseville Chase,964.0,475.0,138.0,291.0,80.9,39.9,11.6,24.4
Rouse Hill,3900.0,2212.0,542.0,875.0,74.4,42.2,10.3,16.7
Rozelle,5261.0,1810.0,564.0,1180.0,79.7,27.4,8.5,17.9
Ruse,3207.0,1388.0,564.0,552.0,73.3,31.7,12.9,12.6
Rushcutters Bay,1402.0,208.0,129.0,364.0,62.2,9.2,5.7,16.1
Russell Lea,2867.0,1103.0,516.0,631.0,73.2,28.2,13.2,16.1
Russell Vale,902.0,391.0,154.0,197.0,75.4,32.7,12.9,16.5
Rydalmere,3294.0,1474.0,518.0,707.0,67.2,30.1,10.6,14.4
Ryde,12188.0,4677.0,1968.0,2657.0,68.5,26.3,11.1,14.9
Sadleir,1081.0,571.0,287.0,165.0,48.0,25.3,12.7,7.3
San Remo (NSW),2214.0,1052.0,395.0,352.0,68.4,32.5,12.2,10.9
Sandringham (NSW),599.0,235.0,116.0,114.0,74.7,29.3,14.5,14.2
Sans Souci,5351.0,2095.0,998.0,910.0,66.9,26.2,12.5,11.4
Saratoga,2309.0,956.0,367.0,559.0,77.2,32.0,12.3,18.7
Scarborough (NSW),150.0,84.0,21.0,48.0,73.2,41.2,10.3,23.4
Schofields,2106.0,955.0,328.0,428.0,70.4,31.9,11.0,14.3
Scotland Island,461.0,217.0,47.0,181.0,83.8,39.4,8.5,33.0
Seaforth (NSW),3889.0,1823.0,654.0,1254.0,77.8,36.5,13.1,25.1
Sefton,2339.0,1024.0,512.0,403.0,57.4,25.1,12.6,9.9
Seven Hills (NSW),10191.0,4340.0,1665.0,2036.0,67.7,28.8,11.1,13.5
Shalvey,1453.0,747.0,312.0,220.0,56.7,29.2,12.2,8.6
Shell Cove,2269.0,1271.0,298.0,418.0,78.6,44.1,10.3,14.5
Shellharbour,1983.0,831.0,370.0,461.0,72.3,30.3,13.5,16.8
Shelly Beach (NSW),765.0,258.0,139.0,170.0,71.4,24.0,12.9,15.9
Shortland,2140.0,828.0,371.0,437.0,69.2,26.8,12.0,14.1
Silverwater (Lake Macquarie - NSW),151.0,69.0,35.0,42.0,75.1,34.5,17.6,21.0
Smithfield (NSW),4743.0,2125.0,1045.0,645.0,54.2,24.3,11.9,7.4
South Coogee,2676.0,1156.0,475.0,653.0,65.2,28.2,11.6,15.9
South Granville,1688.0,891.0,468.0,272.0,46.7,24.6,12.9,7.5
South Hurstville,2513.0,1075.0,451.0,465.0,62.9,26.9,11.3,11.6
South Penrith,6760.0,3018.0,1120.0,1128.0,73.2,32.7,12.1,12.2
South Turramurra,1810.0,849.0,284.0,599.0,80.9,37.9,12.7,26.8
South Wentworthville,2804.0,1183.0,511.0,453.0,64.6,27.3,11.8,10.4
Speers Point,1989.0,817.0,362.0,380.0,74.2,30.5,13.5,14.2
Springfield (Gosford - NSW),2323.0,1108.0,371.0,603.0,74.7,35.6,11.9,19.4
Springwood (NSW),5366.0,2107.0,896.0,1626.0,78.0,30.6,13.0,23.6
St Andrews (NSW),3103.0,1361.0,570.0,474.0,68.9,30.2,12.7,10.5
St Clair (Penrith - NSW),10864.0,4742.0,1642.0,1561.0,69.6,30.4,10.5,10.0
St Helens Park,3271.0,1692.0,574.0,542.0,70.5,36.5,12.4,11.7
St Huberts Island,664.0,201.0,144.0,153.0,72.9,22.1,15.8,16.8
St Ives (NSW),9653.0,3886.0,1505.0,3143.0,76.9,30.9,12.0,25.0
St Ives Chase,1928.0,810.0,280.0,638.0,78.5,33.0,11.4,26.0
St Johns Park,2802.0,1108.0,560.0,349.0,57.0,22.5,11.4,7.1
St Leonards (NSW),2839.0,612.0,208.0,600.0,70.2,15.1,5.1,14.8
St Marys (NSW),5380.0,2295.0,981.0,813.0,61.7,26.3,11.2,9.3
St Peters (NSW),1895.0,512.0,205.0,360.0,75.7,20.5,8.2,14.4
Stanhope Gardens,4157.0,2235.0,490.0,773.0,75.1,40.4,8.9,14.0
Stanmore (NSW),5115.0,1454.0,598.0,1168.0,77.3,22.0,9.0,17.6
Stockton (NSW),2210.0,893.0,468.0,558.0,61.0,24.7,12.9,15.4
Strathfield (NSW),11918.0,4093.0,2074.0,2908.0,58.5,20.1,10.2,14.3
Strathfield South,1700.0,701.0,285.0,360.0,65.1,26.8,10.9,13.8
Summer Hill (Ashfield - NSW),4116.0,1295.0,544.0,1008.0,73.1,23.0,9.7,17.9
Surry Hills,9462.0,1314.0,837.0,2079.0,64.9,9.0,5.7,14.3
Sutherland (NSW),6122.0,2143.0,808.0,1331.0,72.6,25.4,9.6,15.8
Swansea (NSW),2708.0,956.0,570.0,568.0,65.4,23.1,13.8,13.7
Swansea Heads,415.0,191.0,78.0,112.0,72.2,33.3,13.6,19.5
Sydenham (NSW),590.0,161.0,62.0,103.0,64.1,17.5,6.7,11.2
Sydney,6107.0,1000.0,567.0,1268.0,44.5,7.3,4.1,9.2
Sylvania,5573.0,2315.0,978.0,1138.0,69.1,28.7,12.1,14.1
Sylvania Waters,1781.0,779.0,290.0,319.0,69.9,30.6,11.4,12.5
Tacoma,407.0,198.0,76.0,99.0,68.6,33.3,12.8,16.7
Tacoma South,168.0,77.0,30.0,41.0,78.1,35.8,14.0,19.2
Tamarama,823.0,255.0,92.0,214.0,65.9,20.4,7.4,17.1
Taren Point,993.0,337.0,196.0,269.0,66.5,22.6,13.1,18.0
Tarrawanna,1136.0,481.0,233.0,296.0,70.0,29.7,14.4,18.2
Tascott,977.0,373.0,156.0,236.0,70.9,27.1,11.3,17.2
Tempe,1807.0,695.0,277.0,320.0,66.4,25.6,10.2,11.8
Teralba,831.0,364.0,168.0,164.0,64.0,28.1,13.0,12.7
Terrey Hills,1805.0,772.0,267.0,571.0,77.2,33.0,11.4,24.4
Terrigal,6562.0,2465.0,913.0,1644.0,74.9,28.1,10.4,18.8
The Entrance,1885.0,700.0,329.0,345.0,58.2,21.6,10.2,10.7
The Entrance North,774.0,310.0,130.0,169.0,69.2,27.7,11.6,15.1
The Hill,1228.0,310.0,162.0,353.0,79.7,20.1,10.5,22.9
The Junction,974.0,298.0,148.0,246.0,75.6,23.2,11.5,19.1
Thirroul,3442.0,1526.0,684.0,1070.0,76.5,33.9,15.2,23.8
Thornleigh,5005.0,2137.0,812.0,1567.0,79.0,33.7,12.8,24.7
Tighes Hill,969.0,381.0,148.0,225.0,73.8,29.0,11.3,17.1
Tingira Heights,1173.0,577.0,194.0,215.0,77.2,38.0,12.8,14.2
Toongabbie (NSW),7142.0,3019.0,1128.0,1526.0,68.7,29.0,10.9,14.7
Toowoon Bay,314.0,122.0,71.0,71.0,64.6,25.1,14.6,14.6
Toronto,3003.0,1190.0,599.0,648.0,66.7,26.4,13.3,14.4
Toukley,2114.0,741.0,416.0,454.0,60.3,21.2,11.9,13.0
Towradgi,1740.0,717.0,344.0,453.0,66.9,27.6,13.2,17.4
Tregear,1485.0,769.0,350.0,204.0,52.7,27.3,12.4,7.2
Tuggerah,594.0,265.0,92.0,94.0,77.4,34.5,12.0,12.3
Tuggerawong,662.0,262.0,139.0,143.0,67.6,26.7,14.2,14.6
Tumbi Umbi,2890.0,1211.0,547.0,654.0,73.1,30.6,13.8,16.5
Turramurra,6941.0,2732.0,1053.0,2384.0,78.7,31.0,11.9,27.0
Turrella,752.0,379.0,142.0,125.0,62.5,31.5,11.8,10.4
Ultimo,3267.0,533.0,291.0,879.0,48.8,8.0,4.3,13.1
Umina Beach,9052.0,3705.0,1592.0,1924.0,69.6,28.5,12.2,14.8
Unanderra,2952.0,1314.0,660.0,647.0,64.3,28.6,14.4,14.1
Valentine (NSW),3568.0,1544.0,643.0,836.0,79.3,34.3,14.3,18.6
Valley Heights,915.0,367.0,154.0,295.0,81.7,32.7,13.8,26.4
Vaucluse,4895.0,2190.0,790.0,1647.0,68.4,30.6,11.0,23.0
Villawood,1958.0,867.0,517.0,284.0,46.1,20.4,12.2,6.7
Voyager Point,782.0,378.0,119.0,201.0,76.1,36.8,11.6,19.5
Wahroonga,10113.0,4133.0,1599.0,3361.0,75.8,31.0,12.0,25.2
Waitara,3077.0,1272.0,365.0,641.0,70.0,28.9,8.3,14.6
Wakeley,2099.0,901.0,440.0,264.0,55.5,23.8,11.6,7.0
Wallsend,6802.0,2822.0,1182.0,1413.0,67.0,27.8,11.6,13.9
Wamberal,3812.0,1680.0,604.0,976.0,77.1,34.0,12.2,19.7
Warabrook,1199.0,436.0,219.0,262.0,67.0,24.3,12.2,14.6
Waratah (NSW),2476.0,880.0,382.0,563.0,61.0,21.7,9.4,13.9
Waratah West,1619.0,579.0,249.0,350.0,71.1,25.5,10.9,15.4
Wareemba,891.0,347.0,141.0,180.0,73.5,28.6,11.6,14.8
Warilla,3155.0,1369.0,722.0,554.0,60.4,26.2,13.8,10.6
Warners Bay,4466.0,1903.0,781.0,956.0,73.7,31.4,12.9,15.8
Warrawee,1794.0,709.0,273.0,627.0,76.6,30.2,11.6,26.7
Warrawong,2202.0,864.0,515.0,316.0,57.1,22.4,13.3,8.2
Warriewood,3577.0,1757.0,493.0,846.0,76.3,37.5,10.5,18.0
Warrimoo,1507.0,648.0,253.0,479.0,82.5,35.5,13.8,26.2
Warwick Farm,1698.0,741.0,390.0,263.0,46.7,20.4,10.7,7.2
Watanobbi,1963.0,905.0,372.0,383.0,68.3,31.5,12.9,13.3
Waterloo (NSW),5331.0,965.0,664.0,1257.0,53.6,9.7,6.7,12.6
Watsons Bay,498.0,185.0,79.0,174.0,66.3,24.6,10.5,23.2
Wattle Grove (NSW),4518.0,2256.0,616.0,957.0,74.8,37.4,10.2,15.8
Waverley (NSW),2272.0,818.0,326.0,561.0,63.6,22.9,9.1,15.7
Waverton,1952.0,538.0,199.0,558.0,78.3,21.6,8.0,22.4
Wentworthville,5487.0,2398.0,909.0,1154.0,64.4,28.1,10.7,13.5
Werrington,1976.0,913.0,320.0,312.0,65.5,30.3,10.6,10.3
Werrington County,2115.0,1015.0,348.0,292.0,72.2,34.7,11.9,10.0
Werrington Downs,1945.0,880.0,314.0,280.0,74.2,33.6,12.0,10.7
West Gosford,735.0,270.0,105.0,159.0,61.0,22.4,8.7,13.2
West Hoxton,4302.0,2339.0,692.0,652.0,65.1,35.4,10.5,9.9
West Pennant Hills,10138.0,3994.0,1578.0,3092.0,77.7,30.6,12.1,23.7
West Pymble,3141.0,1387.0,477.0,1070.0,81.8,36.1,12.4,27.9
West Ryde,6898.0,2540.0,1062.0,1592.0,69.7,25.6,10.7,16.1
West Wallsend,934.0,462.0,180.0,156.0,69.8,34.5,13.4,11.6
West Wollongong,2624.0,1098.0,481.0,652.0,73.7,30.8,13.5,18.3
Westleigh,2923.0,1200.0,421.0,949.0,82.4,33.8,11.9,26.7
Westmead,6979.0,3133.0,1007.0,1246.0,61.2,27.5,8.8,10.9
Wetherill Park,3047.0,1220.0,677.0,375.0,60.7,24.3,13.5,7.5
Whalan,2357.0,1130.0,604.0,366.0,53.9,25.8,13.8,8.4
Whitebridge,1548.0,705.0,271.0,342.0,75.7,34.5,13.3,16.7
Wickham (NSW),634.0,170.0,102.0,158.0,73.5,19.7,11.8,18.3
Wiley Park,3744.0,1869.0,765.0,509.0,51.0,25.4,10.4,6.9
Willmot,964.0,493.0,213.0,147.0,55.1,28.2,12.2,8.4
Willoughby (NSW),3445.0,1554.0,435.0,884.0,74.7,33.7,9.4,19.2
Willoughby East,1040.0,501.0,170.0,330.0,78.5,37.8,12.8,24.9
Windale,1344.0,603.0,332.0,217.0,55.6,25.0,13.7,9.0
Windang,1431.0,543.0,290.0,263.0,63.7,24.2,12.9,11.7
Winmalee,4270.0,1861.0,643.0,1172.0,82.8,36.1,12.5,22.7
Winston Hills,6607.0,2967.0,1100.0,1577.0,74.4,33.4,12.4,17.7
Wollongong,9722.0,2652.0,1431.0,2431.0,64.6,17.6,9.5,16.2
Wollstonecraft,5634.0,1340.0,586.0,1534.0,78.1,18.6,8.1,21.3
Wombarra,542.0,226.0,84.0,169.0,78.8,32.9,12.2,24.5
Woodbine (NSW),1454.0,606.0,248.0,267.0,69.4,28.9,11.8,12.7
Woodcroft (NSW),3384.0,1494.0,486.0,603.0,66.8,29.5,9.6,11.9
Woodpark,709.0,346.0,126.0,105.0,70.5,34.4,12.5,10.4
Woodrising,678.0,318.0,117.0,124.0,72.7,34.1,12.6,13.3
Woollahra,4507.0,1461.0,655.0,1305.0,73.4,23.8,10.7,21.2
Woolloomooloo,2062.0,352.0,274.0,473.0,59.3,10.1,7.9,13.6
Woolooware,2448.0,1100.0,418.0,569.0,74.2,33.3,12.7,17.2
Woolwich,481.0,179.0,98.0,169.0,70.1,26.1,14.2,24.6
Woonona,6715.0,2964.0,1134.0,1793.0,72.9,32.2,12.3,19.5
Woronora,1335.0,607.0,208.0,346.0,77.5,35.3,12.1,20.1
Woronora Heights,1849.0,756.0,287.0,478.0,78.2,32.0,12.1,20.2
Woy Woy,5653.0,2053.0,1104.0,1188.0,65.7,23.9,12.8,13.8
Woy Woy Bay,273.0,95.0,46.0,78.0,74.6,25.9,12.4,21.1
Wyoming,5456.0,2208.0,920.0,1323.0,67.9,27.5,11.5,16.5
Wyong,2028.0,732.0,400.0,416.0,66.5,24.0,13.1,13.7
Wyongah,1135.0,486.0,193.0,221.0,74.1,31.7,12.6,14.4
Yagoona,6748.0,3074.0,1466.0,1105.0,54.3,24.7,11.8,8.9
Yarrawarrah,1905.0,805.0,315.0,486.0,78.7,33.3,13.0,20.1
Yattalunga (NSW),314.0,166.0,57.0,65.0,77.9,41.0,14.2,16.0
Yennora,513.0,219.0,123.0,80.0,45.0,19.2,10.8,7.0
Yowie Bay,1942.0,802.0,327.0,526.0,76.5,31.6,12.9,20.7
Zetland,2266.0,543.0,221.0,451.0,66.3,15.9,6.5,13.2
