,Occupied private dwellings,Unoccupied private dwellings,Occupied private dwellings (%),Unoccupied private dwellings (%),SSC_CODE
Lower Boro,67.0,60.0,52.8,47.2,12402
New South Wales,2604320.0,284741.0,90.1,9.9,
Australia,8286073.0,1039874.0,88.8,11.2,
Oallen,51.0,85.0,37.5,62.5,13062
Braidwood,609.0,105.0,85.3,14.7,10547
Majors Creek (NSW),98.0,29.0,77.2,22.8,12452
Araluen (NSW),71.0,29.0,71.0,29.0,10070
Reidsdale,43.0,24.0,64.2,35.8,13348
Bombay,39.0,17.0,69.6,30.4,10456
Warri,35.0,5.0,87.5,12.5,14172
Manar,35.0,0.0,100.0,0.0,12462
Mongarlowe,50.0,23.0,68.5,31.5,12678
Karabar,2957.0,284.0,91.2,8.8,12071
Queanbeyan,2639.0,356.0,88.1,11.9,13291
Crestwood,1981.0,232.0,89.5,10.5,11115
Queanbeyan East,1738.0,264.0,86.8,13.2,13292
Greenleigh,223.0,21.0,91.4,8.6,11767
The Ridgeway,61.0,3.0,95.3,4.7,13836
Bungendore,1315.0,103.0,92.7,7.3,10684
Sutton (NSW),457.0,19.0,96.0,4.0,13702
Carwoola,451.0,40.0,91.9,8.1,10841
Hoskinstown,57.0,12.0,82.6,17.4,11944
Captains Flat,233.0,40.0,85.3,14.7,10804
Burra (Queanbeyan-Palerang Regional - NSW),244.0,22.0,91.7,8.3,10697
Mount Fairy,74.0,13.0,85.1,14.9,12758
Mulloon,44.0,12.0,78.6,21.4,12827
Royalla,266.0,18.0,93.7,6.3,13434
Primrose Valley,50.0,17.0,74.6,25.4,13265
Urila,40.0,8.0,83.3,16.7,14059
Tarago,138.0,33.0,80.7,19.3,13758
Currawang,58.0,12.0,82.9,17.1,11177
Googong,782.0,59.0,93.0,7.0,11704
Wamboin,520.0,38.0,93.2,6.8,14123
Bywong,450.0,28.0,94.1,5.9,10735
Michelago,174.0,27.0,86.6,13.4,12598
Jerrabomberra,3011.0,213.0,93.4,6.6,12016
Queanbeyan West,1117.0,125.0,89.9,10.1,13293
Delegate,157.0,56.0,73.7,26.3,11233
Bombala,552.0,114.0,82.9,17.1,10455
Cathcart (NSW),43.0,17.0,71.7,28.3,10855
Cooma (NSW),2688.0,408.0,86.8,13.2,11036
Kosciuszko National Park,126.0,0.0,100.0,0.0,12199
Adaminaby,132.0,78.0,62.9,37.1,10015
Nimmitabel,129.0,36.0,78.2,21.8,12966
Numeralla,86.0,35.0,71.1,28.9,13039
Colinton (NSW),37.0,3.0,92.5,7.5,10968
Dairymans Plains,55.0,7.0,88.7,11.3,11188
Binjura,107.0,17.0,86.3,13.7,10370
Bunyan,62.0,13.0,82.7,17.3,10691
Bredbo,103.0,16.0,86.6,13.4,10559
Berridale,460.0,132.0,77.7,22.3,10316
Kalkite,77.0,46.0,62.6,37.4,12052
Crackenback,52.0,44.0,54.2,45.8,11103
Jindabyne,903.0,573.0,61.2,38.8,12030
East Jindabyne,233.0,69.0,77.2,22.8,11352
Dalgety,86.0,60.0,58.9,41.1,11190
Moonbah,189.0,45.0,80.8,19.2,12698
Catalina,904.0,216.0,80.7,19.3,10853
Batemans Bay,681.0,304.0,69.1,30.9,10229
Nelligen,141.0,56.0,71.6,28.4,12920
Long Beach,535.0,339.0,61.2,38.8,12376
Benandarah,56.0,6.0,90.3,9.7,10287
North Batemans Bay,231.0,91.0,71.7,28.3,12982
Surfside,524.0,212.0,71.2,28.8,13698
Maloneys Beach,148.0,108.0,57.8,42.2,12460
Lilli Pilli (Eurobodalla - NSW),234.0,169.0,58.1,41.9,12321
Malua Bay,726.0,584.0,55.4,44.6,12461
Surf Beach (NSW),776.0,444.0,63.6,36.4,13697
Denhams Beach,192.0,200.0,49.0,51.0,11236
Sunshine Bay,534.0,167.0,76.2,23.8,13695
Rosedale (NSW),89.0,165.0,35.0,65.0,13407
Batehaven,729.0,378.0,65.9,34.1,10228
Bega,1824.0,188.0,90.7,9.3,10253
Tathra,704.0,181.0,79.5,20.5,13774
Kalaru,245.0,23.0,91.4,8.6,12051
Wallagoot,186.0,15.0,92.5,7.5,14103
Bournda,51.0,3.0,94.4,5.6,10524
Black Range (NSW),58.0,7.0,89.2,10.8,10388
Tarraganda,119.0,10.0,92.2,7.8,13768
Kanoona,42.0,3.0,93.3,6.7,12066
Toothdale,60.0,5.0,92.3,7.7,13914
Wolumla,250.0,15.0,94.3,5.7,14362
South Wolumla,55.0,6.0,90.2,9.8,13602
Wyndham (NSW),138.0,26.0,84.1,15.9,14443
Kiah,54.0,8.0,87.1,12.9,12115
Towamba,95.0,33.0,74.2,25.8,13927
Lochiel (NSW),124.0,17.0,87.9,12.1,12367
Nethercote,117.0,14.0,89.3,10.7,12932
Candelo,266.0,41.0,86.6,13.4,10788
Tantawangalo,46.0,24.0,65.7,34.3,13753
Quaama,115.0,24.0,82.7,17.3,13285
Cobargo,322.0,38.0,89.4,10.6,10951
Yowrie,49.0,14.0,77.8,22.2,14520
Wandella (NSW),56.0,8.0,87.5,12.5,14128
Angledale,56.0,5.0,91.8,8.2,10056
Verona,112.0,4.0,96.6,3.4,14073
Tanja,66.0,27.0,71.0,29.0,13749
Coolagolite,113.0,23.0,83.1,16.9,11023
Brogo,208.0,73.0,74.0,26.0,10589
Coopers Gully,57.0,3.0,95.0,5.0,11048
Stony Creek (Bega Valley - NSW),47.0,4.0,92.2,7.8,13668
Numbugga,45.0,11.0,80.4,19.6,13038
Buckajo,109.0,13.0,89.3,10.7,10629
Greigs Flat,56.0,12.0,82.4,17.6,11775
Broulee,663.0,510.0,56.5,43.5,10608
Tomakin,392.0,217.0,64.4,35.6,13890
Mossy Point,221.0,195.0,53.1,46.9,12741
Bodalla,295.0,63.0,82.4,17.6,10434
Narooma,1165.0,365.0,76.1,23.9,12900
Eden,1243.0,204.0,85.9,14.1,11375
South Durras,118.0,218.0,35.1,64.9,13580
Mogo (Eurobodalla - NSW),112.0,11.0,91.1,8.9,12660
Mogendoura,77.0,10.0,88.5,11.5,12657
Turlinjah,48.0,8.0,85.7,14.3,13975
Potato Point,56.0,78.0,41.8,58.2,13253
Kianga (NSW),318.0,103.0,75.5,24.5,12119
Tuross Head,1030.0,654.0,61.2,38.8,13979
Pambula Beach,276.0,145.0,65.6,34.4,13141
Merimbula,1512.0,578.0,72.3,27.7,12575
Tura Beach,1268.0,276.0,82.1,17.9,13973
South Pambula,160.0,10.0,94.1,5.9,13595
Pambula,385.0,39.0,90.8,9.2,13140
Broadwater (Bega Valley - NSW),43.0,8.0,84.3,15.7,10579
Bald Hills (NSW),91.0,11.0,89.2,10.8,10147
Millingandi,214.0,28.0,88.4,11.6,12622
Mirador,133.0,25.0,84.2,15.8,12644
Berrambool,195.0,36.0,84.4,15.6,10312
Moruya,1630.0,184.0,89.9,10.1,12734
Moruya Heads,387.0,139.0,73.6,26.4,12735
Bergalia,57.0,9.0,86.4,13.6,10302
Congo,87.0,53.0,62.1,37.9,11008
Bingie,75.0,29.0,72.1,27.9,10367
Bermagui,657.0,387.0,62.9,37.1,10307
Dalmeny,745.0,276.0,73.0,27.0,11191
Wallaga Lake,257.0,95.0,73.0,27.0,14102
Central Tilba,108.0,24.0,81.8,18.2,10877
North Narooma,256.0,81.0,76.0,24.0,12998
Akolele,44.0,33.0,57.1,42.9,10023
Mystery Bay,79.0,54.0,59.4,40.6,12883
Goulburn,8423.0,1022.0,89.2,10.8,11725
Run-o-Waters,152.0,16.0,90.5,9.5,13440
Marulan,431.0,123.0,77.8,22.2,12513
Windellama,136.0,125.0,52.1,47.9,14318
Bigga,88.0,87.0,50.3,49.7,10346
Tirrannaville,80.0,24.0,76.9,23.1,13883
Lake Bathurst,72.0,35.0,67.3,32.7,12239
Quialigo,81.0,23.0,77.9,22.1,13297
Laggan,123.0,70.0,63.7,36.3,12235
Grabben Gullen,81.0,21.0,79.4,20.6,11731
Parkesbourne,64.0,14.0,82.1,17.9,13152
Crookwell,1068.0,151.0,87.6,12.4,11123
Bungonia,139.0,123.0,53.1,46.9,10685
Collector,99.0,11.0,90.0,10.0,10972
Middle Arm,125.0,42.0,74.9,25.1,12599
Taralga,166.0,66.0,71.6,28.4,13759
Tarlo,60.0,19.0,75.9,24.1,13767
Wayo,39.0,22.0,63.9,36.1,14204
Bannister (NSW),43.0,18.0,70.5,29.5,10183
Brayton,59.0,36.0,62.1,37.9,10554
Greenwich Park,41.0,35.0,53.9,46.1,11771
Tallong,284.0,79.0,78.2,21.8,13733
Carrick (NSW),41.0,28.0,59.4,40.6,10828
Brisbane Grove,35.0,4.0,89.7,10.3,10577
Binda,93.0,50.0,65.0,35.0,10363
Towrang,60.0,13.0,82.2,17.8,13930
Mummel,37.0,6.0,86.0,14.0,12835
Baw Baw (NSW),88.0,8.0,91.7,8.3,10234
Boxers Creek,80.0,10.0,88.9,11.1,10541
Gundary,82.0,26.0,75.9,24.1,11806
Yass,2356.0,243.0,90.7,9.3,14493
Bookham,55.0,21.0,72.4,27.6,10478
Binalong,215.0,47.0,82.1,17.9,10362
Jugiong,79.0,33.0,70.5,29.5,12044
Galong,86.0,40.0,68.3,31.7,11580
Manton (NSW),98.0,9.0,91.6,8.4,12481
Yass River,119.0,30.0,79.9,20.1,14494
Rye Park,81.0,33.0,71.1,28.9,13455
Dalton,81.0,18.0,81.8,18.2,11194
Gundaroo,376.0,42.0,90.0,10.0,11805
Bowning,206.0,20.0,91.2,8.8,10535
Bellmount Forest,45.0,6.0,88.2,11.8,10274
Gunning,263.0,41.0,86.5,13.5,11813
Lade Vale,48.0,12.0,80.0,20.0,12232
Good Hope,54.0,13.0,80.6,19.4,11700
Wallaroo (NSW),214.0,26.0,89.2,10.8,14112
Murrumbateman,1000.0,79.0,92.7,7.3,12860
Jeir,75.0,7.0,91.5,8.5,12004
Marchmont,77.0,7.0,91.7,8.3,12487
Nanima,57.0,7.0,89.1,10.9,12891
Young,3832.0,476.0,89.0,11.0,14518
Kingsvale,63.0,18.0,77.8,22.2,12161
Burrangong,83.0,10.0,89.2,10.8,10706
Wyangala,75.0,73.0,50.7,49.3,14434
Wombat,84.0,12.0,87.5,12.5,14364
Cunningar,59.0,4.0,93.7,6.3,11164
Harden,830.0,128.0,86.6,13.4,11851
Boorowa,666.0,141.0,82.5,17.5,10503
Murrumburrah,40.0,4.0,90.9,9.1,12863
Frogmore,57.0,45.0,55.9,44.1,11571
Maimuru,52.0,4.0,92.9,7.1,12444
Bendick Murrell,55.0,3.0,94.8,5.2,10290
Koorawatha,170.0,39.0,81.3,18.7,12192
Monteagle,78.0,16.0,83.0,17.0,12683
Murringo,145.0,40.0,78.4,21.6,12858
Thuddungra,45.0,10.0,81.8,18.2,13853
Bribbaree,59.0,28.0,67.8,32.2,10566
Avoca Beach,1527.0,647.0,70.2,29.8,10114
Copacabana,937.0,446.0,67.8,32.2,11056
Killcare Heights,286.0,132.0,68.4,31.6,12134
Macmasters Beach,448.0,360.0,55.4,44.6,12432
Empire Bay,827.0,53.0,94.0,6.0,11415
Wagstaffe,92.0,79.0,53.8,46.2,14084
St Huberts Island,417.0,92.0,81.9,18.1,13638
Killcare,172.0,205.0,45.6,54.4,12133
Bensville,801.0,53.0,93.8,6.2,10297
Daleys Point,317.0,58.0,84.5,15.5,11189
Pretty Beach (Central Coast - NSW),124.0,87.0,58.8,41.2,13261
Hardys Bay,87.0,86.0,50.3,49.7,11852
Kincumber South,390.0,6.0,98.5,1.5,12142
Somersby,331.0,21.0,94.0,6.0,13571
Calga,44.0,8.0,84.6,15.4,10752
Woy Woy,4492.0,446.0,91.0,9.0,14425
Patonga,101.0,168.0,37.5,62.5,13160
Mooney Mooney,120.0,31.0,79.5,20.5,12704
Kariong,1982.0,121.0,94.2,5.8,12074
Peats Ridge,123.0,18.0,87.2,12.8,13172
Central Mangrove,91.0,10.0,90.1,9.9,10876
Mangrove Mountain,225.0,24.0,90.4,9.6,12472
Kulnura,204.0,36.0,85.0,15.0,12206
Mount White,86.0,11.0,88.7,11.3,12803
Wendoree Park,46.0,12.0,79.3,20.7,14224
Wisemans Ferry,94.0,17.0,84.7,15.3,14344
Gunderman,72.0,28.0,72.0,28.0,11808
Spencer,111.0,20.0,84.7,15.3,13607
Erina,1961.0,190.0,91.2,8.8,11433
Green Point (Central Coast - NSW),2430.0,127.0,95.0,5.0,11753
Matcham,298.0,32.0,90.3,9.7,12520
Holgate,275.0,16.0,94.5,5.5,11921
Lisarow,1682.0,86.0,95.1,4.9,12343
Erina Heights,123.0,11.0,91.8,8.2,11434
Terrigal,4155.0,910.0,82.0,18.0,13805
Springfield (Central Coast - NSW),1430.0,70.0,95.3,4.7,13623
North Gosford,1435.0,126.0,91.9,8.1,12991
West Gosford,578.0,96.0,85.8,14.2,14244
Gosford,1640.0,242.0,87.1,12.9,11722
East Gosford,1865.0,156.0,92.3,7.7,11349
Point Frederick,816.0,111.0,88.0,12.0,13232
Kincumber,2837.0,249.0,91.9,8.1,12141
Picketts Valley,59.0,7.0,89.4,10.6,13198
Narara,2712.0,154.0,94.6,5.4,12895
Niagara Park,953.0,63.0,93.8,6.2,12961
Mount Elliot (NSW),50.0,3.0,94.3,5.7,12757
Point Clare,1412.0,111.0,92.7,7.3,13231
Tascott,613.0,71.0,89.6,10.4,13772
Koolewong,347.0,37.0,90.4,9.6,12185
Saratoga,1353.0,129.0,91.3,8.7,13492
Davistown,998.0,128.0,88.6,11.4,11221
Yattalunga (NSW),190.0,19.0,90.9,9.1,14496
North Avoca,741.0,245.0,75.2,24.8,12980
Umina Beach,6376.0,909.0,87.5,12.5,14007
Booker Bay,580.0,124.0,82.4,17.6,10477
Ettalong Beach,2229.0,434.0,83.7,16.3,11445
Pearl Beach,229.0,359.0,38.9,61.1,13171
Wamberal,2135.0,361.0,85.5,14.5,14122
Forresters Beach,1033.0,145.0,87.7,12.3,11549
Tumbi Umbi,1747.0,155.0,91.9,8.1,13962
Horsfield Bay,174.0,29.0,85.7,14.3,11941
Phegans Bay,154.0,25.0,86.0,14.0,13192
Woy Woy Bay,151.0,35.0,81.2,18.8,14426
Blackwall (NSW),764.0,96.0,88.8,11.2,10399
Wyoming,3689.0,289.0,92.7,7.3,14445
Bateau Bay,4489.0,435.0,91.2,8.8,10227
Killarney Vale,2535.0,229.0,91.7,8.3,12131
Blue Haven,2095.0,149.0,93.4,6.6,10415
San Remo (NSW),1495.0,140.0,91.4,8.6,13470
Doyalson,109.0,4.0,96.5,3.5,11286
Buff Point,1289.0,148.0,89.7,10.3,10645
Budgewoi,1380.0,239.0,85.2,14.8,10642
Halekulani,1055.0,110.0,90.6,9.4,11830
Glenning Valley,659.0,34.0,95.1,4.9,11672
Berkeley Vale,2930.0,223.0,92.9,7.1,10304
Chittaway Point,327.0,46.0,87.7,12.3,10912
Chittaway Bay,689.0,61.0,91.9,8.1,10911
Kanwal,1334.0,83.0,94.1,5.9,12067
Wyongah,678.0,54.0,92.6,7.4,14448
Tuggerawong,461.0,50.0,90.2,9.8,13951
Rocky Point (NSW),94.0,8.0,92.2,7.8,13388
Gorokan,3303.0,323.0,91.1,8.9,11721
Charmhaven,853.0,70.0,92.4,7.6,10889
Lake Haven,1455.0,140.0,91.2,8.8,12247
Jilliby,449.0,49.0,90.2,9.8,12027
Yarramalong,121.0,21.0,85.2,14.8,14475
Cedar Brush Creek,41.0,9.0,82.0,18.0,10867
Wyong Creek,141.0,15.0,90.4,9.6,14447
Dooralong,94.0,7.0,93.1,6.9,11276
Lake Munmorah,2072.0,186.0,91.8,8.2,12253
Chain Valley Bay,1034.0,109.0,90.5,9.5,10880
Kingfisher Shores,67.0,6.0,91.8,8.2,12146
Mannering Park,904.0,150.0,85.8,14.2,12477
Doyalson North,212.0,13.0,94.2,5.8,11287
Ourimbah,1374.0,98.0,93.3,6.7,13103
Fountaindale,203.0,15.0,93.1,6.9,11554
Palm Grove (NSW),41.0,0.0,100.0,0.0,13133
Gwandalan,1213.0,232.0,83.9,16.1,11824
Summerland Point,957.0,255.0,79.0,21.0,13690
Long Jetty,2689.0,517.0,83.9,16.1,12378
Shelly Beach (NSW),471.0,56.0,89.4,10.6,13535
Blue Bay,434.0,205.0,67.9,32.1,10414
Toowoon Bay,247.0,89.0,73.5,26.5,13916
The Entrance North,564.0,284.0,66.5,33.5,13819
Magenta (NSW),81.0,182.0,30.8,69.2,12441
The Entrance,1858.0,1157.0,61.6,38.4,13818
Toukley,1840.0,239.0,88.5,11.5,13925
Canton Beach,577.0,74.0,88.6,11.4,10798
Noraville,1062.0,162.0,86.8,13.2,12974
Norah Head,389.0,82.0,82.6,17.4,12973
Kangy Angy,105.0,12.0,89.7,10.3,12064
Tuggerah,344.0,35.0,90.8,9.2,13950
Wyong,1695.0,146.0,92.1,7.9,14446
Mardi,1164.0,92.0,92.7,7.3,12488
Tacoma South,90.0,11.0,89.1,10.9,13725
Hamlyn Terrace,1862.0,100.0,94.9,5.1,11843
Woongarrah,1520.0,81.0,94.9,5.1,14415
Warnervale,195.0,14.0,93.3,6.7,14154
Wallarah,97.0,7.0,93.3,6.7,14109
Wadalba,952.0,80.0,92.2,7.8,14080
Watanobbi,1337.0,87.0,93.9,6.1,14181
Tacoma,188.0,13.0,93.5,6.5,13724
Llanarth (NSW),700.0,65.0,91.5,8.5,12362
South Bathurst,611.0,100.0,85.9,14.1,13577
Bathurst,2993.0,578.0,83.8,16.2,10231
Robin Hill,300.0,19.0,94.0,6.0,13375
West Bathurst,1440.0,188.0,88.5,11.5,14241
Mitchell (NSW),108.0,27.0,80.0,20.0,12650
Gormans Hill,317.0,37.0,89.5,10.5,11720
Abercrombie,347.0,22.0,94.0,6.0,10004
Eglinton (NSW),748.0,43.0,94.6,5.4,11386
Windradyne,1091.0,117.0,90.3,9.7,14324
Raglan (NSW),398.0,26.0,93.9,6.1,13304
White Rock (NSW),211.0,19.0,91.7,8.3,14275
Kelso (NSW),2954.0,285.0,91.2,8.8,12090
O'Connell (NSW),185.0,37.0,83.3,16.7,13052
Brewongle,51.0,6.0,89.5,10.5,10564
Trunkey Creek,42.0,11.0,79.2,20.8,13942
Perthville,202.0,10.0,95.3,4.7,13189
Sofala,60.0,39.0,60.6,39.4,13569
Wattle Flat (NSW),109.0,32.0,77.3,22.7,14191
Peel,87.0,9.0,90.6,9.4,13174
Limekilns,35.0,13.0,72.9,27.1,12330
Rockley,72.0,20.0,78.3,21.7,13380
Georges Plains,70.0,6.0,92.1,7.9,11602
Billywillinga,60.0,15.0,80.0,20.0,10357
Mount Rankin,112.0,22.0,83.6,16.4,12786
Rock Forest,70.0,10.0,87.5,12.5,13377
Evans Plains,47.0,7.0,87.0,13.0,11470
The Lagoon,73.0,11.0,86.9,13.1,13828
Wisemans Creek,40.0,11.0,78.4,21.6,14343
Yetholme,85.0,19.0,81.7,18.3,14513
Meadow Flat,111.0,12.0,90.2,9.8,12549
Tarana,56.0,25.0,69.1,30.9,13760
Glanmire (NSW),60.0,3.0,95.2,4.8,11640
Napoleon Reef,57.0,4.0,93.4,6.6,12893
Oberon,1211.0,192.0,86.3,13.7,13068
Black Springs (NSW),76.0,35.0,68.5,31.5,10389
Condobolin,1252.0,209.0,85.7,14.3,11002
Tullamore,160.0,64.0,71.4,28.6,13954
Lake Cargelligo,503.0,62.0,89.0,11.0,12242
Tullibigeal,84.0,40.0,67.7,32.3,13957
Ungarie,210.0,45.0,82.4,17.6,14011
Euabalong,63.0,33.0,65.6,34.4,11449
Fifield,42.0,20.0,67.7,32.3,11514
Tottenham (NSW),175.0,21.0,89.3,10.7,13923
Cowra,3890.0,423.0,90.2,9.8,11099
Canowindra,899.0,138.0,86.7,13.3,10796
Woodstock (Cowra - NSW),282.0,115.0,71.0,29.0,14394
Gooloogong,156.0,26.0,85.7,14.3,11709
Mandurama,147.0,36.0,80.3,19.7,12467
Wattamondara,81.0,10.0,89.0,11.0,14190
Darbys Falls,93.0,27.0,77.5,22.5,11205
Billimari,49.0,8.0,86.0,14.0,10354
Moorbel,83.0,14.0,85.6,14.4,12709
Forbes (NSW),3121.0,404.0,88.5,11.5,11536
Eugowra,305.0,67.0,82.0,18.0,11454
Warroo (NSW),44.0,3.0,93.6,6.4,14175
Grenfell,1089.0,174.0,86.2,13.8,11776
Greenethorpe,72.0,19.0,79.1,20.9,11760
Quandialla,64.0,36.0,64.0,36.0,13290
Caragabal,60.0,20.0,75.0,25.0,10806
Parkes (NSW),4093.0,564.0,87.9,12.1,13151
Cookamidgera,58.0,6.0,90.6,9.4,11016
Peak Hill (NSW),452.0,101.0,81.7,18.3,13166
Trundle,265.0,84.0,75.9,24.1,13940
Bogan Gate,87.0,22.0,79.8,20.2,10438
Alectown,66.0,19.0,77.6,22.4,10029
West Wyalong,1163.0,189.0,86.0,14.0,14256
Wyalong,253.0,33.0,88.5,11.5,14431
Weethalle,101.0,16.0,86.3,13.7,14215
Tallimba,61.0,27.0,69.3,30.7,13732
Barellan,194.0,38.0,83.6,16.4,10197
Ardlethan,200.0,47.0,81.0,19.0,10076
Ariah Park,181.0,47.0,79.4,20.6,10081
Barmedman,164.0,46.0,78.1,21.9,10202
Beckom,39.0,10.0,79.6,20.4,10244
South Bowenfels,413.0,46.0,90.0,10.0,13578
Marrangaroo,154.0,3.0,98.1,1.9,12502
Lithgow,2269.0,295.0,88.5,11.5,12347
Bowenfels,735.0,80.0,90.2,9.8,10529
Rydal,64.0,4.0,94.1,5.9,13452
Pottery Estate,50.0,6.0,89.3,10.7,13254
Oakey Park,137.0,21.0,86.7,13.3,13055
Morts Estate,235.0,30.0,88.7,11.3,12732
Hermitage Flat,154.0,14.0,91.7,8.3,11895
McKellars Park,85.0,4.0,95.5,4.5,12544
South Littleton,120.0,21.0,85.1,14.9,13590
Littleton,322.0,40.0,89.0,11.0,12360
Vale Of Clwydd,188.0,51.0,78.7,21.3,14064
Portland (NSW),863.0,88.0,90.7,9.3,13250
Lidsdale,121.0,4.0,96.8,3.2,12318
Wallerawang,662.0,42.0,94.0,6.0,14114
Little Hartley,190.0,32.0,85.6,14.4,12352
Hartley (NSW),145.0,12.0,92.4,7.6,11861
Clarence,74.0,10.0,88.1,11.9,10919
Glen Davis,37.0,20.0,64.9,35.1,11646
Cullen Bullen,76.0,9.0,89.4,10.6,11148
Megalong Valley,45.0,33.0,57.7,42.3,12557
Kanimbla (NSW),55.0,23.0,70.5,29.5,12065
Capertee,59.0,31.0,65.6,34.4,10802
Running Stream,46.0,16.0,74.2,25.8,13441
Mudgee,3991.0,525.0,88.4,11.6,12812
Putta Bucca,66.0,3.0,95.7,4.3,13278
Bombira,117.0,8.0,93.6,6.4,10457
Burrundulla,41.0,8.0,83.7,16.3,10717
Spring Flat,66.0,12.0,84.6,15.4,13613
Kandos,577.0,87.0,86.9,13.1,12057
Rylstone,385.0,81.0,82.6,17.4,13457
Ilford,65.0,43.0,60.2,39.8,11971
Clandulla,61.0,22.0,73.5,26.5,10916
Charbon,57.0,8.0,87.7,12.3,10883
Lue,67.0,17.0,79.8,20.2,12420
Gulgong,916.0,109.0,89.4,10.6,11794
Dunedoo,434.0,119.0,78.5,21.5,11316
Leadville,46.0,8.0,85.2,14.8,12290
Cassilis (NSW),124.0,47.0,72.5,27.5,10844
Tallawang,53.0,27.0,66.2,33.8,13731
Beryl,40.0,17.0,70.2,29.8,10327
Cope,36.0,5.0,87.8,12.2,11057
Yarrawonga (NSW),140.0,22.0,86.4,13.6,14486
Piambong,43.0,9.0,82.7,17.3,13197
Cooks Gap,183.0,45.0,80.3,19.7,11018
Frog Rock,52.0,10.0,83.9,16.1,11570
Cooyal,40.0,13.0,75.5,24.5,11055
St Fillans,84.0,16.0,84.0,16.0,13634
Eurunderee,54.0,0.0,100.0,0.0,11467
Budgee Budgee (NSW),65.0,11.0,85.5,14.5,10641
Kains Flat,67.0,19.0,77.9,22.1,12049
Menah,53.0,0.0,100.0,0.0,12566
Grattai,112.0,27.0,80.6,19.4,11741
Hargraves,98.0,63.0,60.9,39.1,11854
Windeyer (NSW),73.0,33.0,68.9,31.1,14322
Bocoble,50.0,8.0,86.2,13.8,10432
Mount Frome,42.0,0.0,100.0,0.0,12760
Buckaroo,45.0,4.0,91.8,8.2,10630
Blayney,1258.0,122.0,91.2,8.8,10410
Millthorpe,425.0,58.0,88.0,12.0,12623
Carcoar,118.0,27.0,81.4,18.6,10808
Lyndhurst (Blayney - NSW),138.0,24.0,85.2,14.8,12426
Forest Reefs,161.0,19.0,89.4,10.6,11547
Neville,92.0,14.0,86.8,13.2,12937
Barry (Blayney - NSW),59.0,5.0,92.2,7.8,10218
Newbridge (NSW),81.0,20.0,80.2,19.8,12948
Orange,13972.0,1632.0,89.5,10.5,13092
Clifton Grove,269.0,18.0,93.7,6.3,10934
Cumnock,173.0,49.0,77.9,22.1,11159
Cudal,205.0,24.0,89.5,10.5,11140
Molong,927.0,108.0,89.6,10.4,12671
Manildra,282.0,34.0,89.2,10.8,12473
Cargo,200.0,24.0,89.3,10.7,10813
Spring Hill (Cabonne - NSW),162.0,14.0,92.0,8.0,13615
Guyong,35.0,10.0,77.8,22.2,11821
Emu Swamp,52.0,5.0,91.2,8.8,11419
Lewis Ponds,47.0,12.0,79.7,20.3,12312
Lucknow (NSW),102.0,7.0,93.6,6.4,12418
Spring Creek (NSW),47.0,3.0,94.0,6.0,13611
Huntley (Orange - NSW),56.0,4.0,93.3,6.7,11958
Canobolas,163.0,11.0,93.7,6.3,10793
Clergate,68.0,3.0,95.8,4.2,10929
March,39.0,3.0,92.9,7.1,12486
Summer Hill Creek,72.0,6.0,92.3,7.7,13688
Mullion Creek,159.0,9.0,94.6,5.4,12826
Nashdale,129.0,21.0,86.0,14.0,12913
Windera (NSW),77.0,3.0,96.2,3.8,14319
Lidster,96.0,10.0,90.6,9.4,12319
Borenore,145.0,24.0,85.8,14.2,10513
Yeoval,158.0,26.0,85.9,14.1,14507
Grafton,4008.0,400.0,90.9,9.1,11733
Great Marlow,71.0,3.0,95.9,4.1,11745
South Grafton,2320.0,308.0,88.3,11.7,13582
Junction Hill,530.0,43.0,92.5,7.5,12045
Tucabia,143.0,17.0,89.4,10.6,13945
Ulmarra,296.0,34.0,89.7,10.3,14004
Nymboida,115.0,28.0,80.4,19.6,13048
Glenreagh,286.0,13.0,95.7,4.3,11675
Wells Crossing,58.0,5.0,92.1,7.9,14223
Kungala,54.0,6.0,90.0,10.0,12212
Wooli,201.0,186.0,51.9,48.1,14403
Halfway Creek,79.0,18.0,81.4,18.6,11831
Copmanhurst,126.0,18.0,87.5,12.5,11060
Whiteman Creek,54.0,3.0,94.7,5.3,14277
The Whiteman,54.0,5.0,91.5,8.5,13843
Waterview Heights,464.0,19.0,96.1,3.9,14186
Lawrence (NSW),409.0,29.0,93.4,6.6,12288
Eatonsville,76.0,3.0,96.2,3.8,11370
Seelands,136.0,7.0,95.1,4.9,13515
Mountain View (NSW),63.0,0.0,100.0,0.0,12808
Southgate,71.0,18.0,79.8,20.2,13604
Lower Southgate,39.0,5.0,88.6,11.4,12413
Ashby Heights,83.0,9.0,90.2,9.8,10095
Ashby (NSW),138.0,9.0,93.9,6.1,10094
South Arm (Clarence Valley - NSW),81.0,3.0,96.4,3.6,13574
Woodford Island,86.0,16.0,84.3,15.7,14384
Brushgrove,79.0,16.0,83.2,16.8,10622
Elland,114.0,5.0,95.8,4.2,11399
Coutts Crossing,364.0,28.0,92.9,7.1,11094
Kremnos,72.0,4.0,94.7,5.3,12204
Lanitza,107.0,27.0,79.9,20.1,12270
Braunstone,98.0,8.0,92.5,7.5,10550
Glenugie,68.0,11.0,86.1,13.9,11681
Clarenza,176.0,16.0,91.7,8.3,10922
Swan Creek (NSW),36.0,10.0,78.3,21.7,13706
Pillar Valley,112.0,42.0,72.7,27.3,13204
Minnie Water,98.0,82.0,54.4,45.6,12640
Tyndale,65.0,8.0,89.0,11.0,13997
Ilarwill,94.0,3.0,96.9,3.1,11970
Yamba (NSW),2627.0,648.0,80.2,19.8,14458
Gulmarrad,591.0,32.0,94.9,5.1,11795
Angourie,85.0,44.0,65.9,34.1,10059
Brooms Head,108.0,84.0,56.2,43.8,10603
Wooloweyah,156.0,17.0,90.2,9.8,14411
Woombah,346.0,36.0,90.6,9.4,14414
Maclean,1063.0,76.0,93.3,6.7,12431
Iluka (NSW),801.0,267.0,75.0,25.0,11975
Harwood,121.0,18.0,87.1,12.9,11865
Chatsworth (NSW),62.0,10.0,86.1,13.9,10894
Townsend,335.0,27.0,92.5,7.5,13928
Palmers Channel,48.0,10.0,82.8,17.2,13135
James Creek,73.0,9.0,89.0,11.0,11999
Palmers Island,159.0,19.0,89.3,10.7,13136
Bellingen,1407.0,132.0,91.4,8.6,10273
Brierfield,113.0,6.0,95.0,5.0,10568
Fernmount,142.0,11.0,92.8,7.2,11509
Darkwood,66.0,17.0,79.5,20.5,11210
Thora,117.0,24.0,83.0,17.0,13849
Gleniffer,154.0,7.0,95.7,4.3,11668
Valery,52.0,9.0,85.2,14.8,14066
Kalang,81.0,19.0,81.0,19.0,12050
Coffs Harbour,9897.0,1062.0,90.3,9.7,10959
North Boambee Valley,681.0,35.0,95.1,4.9,12983
Coramba,275.0,21.0,92.9,7.1,11065
Nana Glen,370.0,26.0,93.4,6.6,12889
Upper Orara,263.0,28.0,90.4,9.6,14041
Bucca (NSW),177.0,17.0,91.2,8.8,10625
Karangi,174.0,9.0,95.1,4.9,12072
Megan,53.0,19.0,73.6,26.4,12558
Ulong,73.0,10.0,88.0,12.0,14005
Lowanna,130.0,9.0,93.5,6.5,12398
Dorrigo,514.0,89.0,85.2,14.8,11278
Deer Vale,55.0,18.0,75.3,24.7,11232
Fernbrook,56.0,16.0,77.8,22.2,11506
Hernani,46.0,14.0,76.7,23.3,11896
Bostobrick,48.0,7.0,87.3,12.7,10516
North Dorrigo,76.0,12.0,86.4,13.6,12989
Sapphire Beach,768.0,105.0,88.0,12.0,13491
Emerald Beach,788.0,84.0,90.4,9.6,11411
Korora,884.0,127.0,87.4,12.6,12197
Moonee Beach,620.0,46.0,93.1,6.9,12703
Toormina,2473.0,182.0,93.1,6.9,13912
Boambee East,1932.0,119.0,94.2,5.8,10422
Boambee,541.0,33.0,94.3,5.7,10421
Sawtell,1507.0,295.0,83.6,16.4,13498
Bonville,841.0,61.0,93.2,6.8,10474
Bundagen,73.0,26.0,73.7,26.3,10669
Mylestom,152.0,58.0,72.4,27.6,12875
Raleigh,207.0,25.0,89.2,10.8,13307
Urunga,1277.0,137.0,90.3,9.7,14061
Repton,246.0,31.0,88.8,11.2,13352
Valla,313.0,31.0,91.0,9.0,14067
Woolgoolga,1934.0,208.0,90.3,9.7,14402
Safety Beach (NSW),332.0,36.0,90.2,9.8,13462
Sandy Beach,789.0,87.0,90.1,9.9,13479
Upper Corindi,54.0,12.0,81.8,18.2,14020
Corindi Beach,574.0,78.0,88.0,12.0,11073
Red Rock,164.0,101.0,61.9,38.1,13334
Arrawarra,262.0,33.0,88.8,11.2,10088
Arrawarra Headland,202.0,38.0,84.2,15.8,10089
Mullaway,191.0,26.0,88.0,12.0,12822
Bourke,620.0,137.0,81.9,18.1,10522
Wanaaring,33.0,31.0,51.6,48.4,14126
North Bourke,90.0,32.0,73.8,26.2,12985
Enngonia,41.0,14.0,74.5,25.5,11426
Brewarrina,370.0,59.0,86.2,13.8,10563
Cobar,1406.0,392.0,78.2,21.8,10949
Coonamble,946.0,198.0,82.7,17.3,11044
Gulargambone,222.0,68.0,76.6,23.4,11792
Quambone,61.0,34.0,64.2,35.8,13287
Nyngan,818.0,145.0,84.9,15.1,13049
Nevertire,65.0,7.0,90.3,9.7,12936
Warren,543.0,123.0,81.5,18.5,14171
Hermidale,38.0,16.0,70.4,29.6,11894
Ravenswood (NSW),172.0,34.0,83.5,16.5,13321
Cumborah,92.0,133.0,40.9,59.1,11158
Goodooga,93.0,4.0,95.9,4.1,11702
Carinda,69.0,30.0,69.7,30.3,10814
Pilliga,70.0,24.0,74.5,25.5,13205
Come By Chance,52.0,31.0,62.7,37.3,10993
Walgett,684.0,203.0,77.1,22.9,14096
Burren Junction,100.0,27.0,78.7,21.3,10710
Lightning Ridge,985.0,268.0,78.6,21.4,12320
Collarenebri,222.0,96.0,69.8,30.2,10969
Rowena,59.0,27.0,68.6,31.4,13431
Broken Hill,7217.0,1877.0,79.4,20.6,10592
White Cliffs,50.0,48.0,51.0,49.0,14274
Menindee,212.0,56.0,79.1,20.9,12571
Wilcannia,219.0,64.0,77.4,22.6,14290
Tibooburra,52.0,18.0,74.3,25.7,13860
Pooncarie,46.0,18.0,71.9,28.1,13242
Ivanhoe (NSW),89.0,43.0,67.4,32.6,11991
Baradine,317.0,54.0,85.4,14.6,10190
Coonabarabran,1238.0,152.0,89.1,10.9,11043
Binnaway,259.0,89.0,74.4,25.6,10372
Mendooran,225.0,38.0,85.6,14.4,12570
Coolah,445.0,113.0,79.7,20.3,11024
Bugaldie,63.0,15.0,80.8,19.2,10646
Tambar Springs,69.0,15.0,82.1,17.9,13743
Dubbo,13787.0,1552.0,89.9,10.1,11296
Terramungamine,85.0,10.0,89.5,10.5,13801
Brocklehurst,117.0,10.0,92.1,7.9,10583
Wongarbon,242.0,23.0,91.3,8.7,14373
Elong Elong,50.0,11.0,82.0,18.0,11406
Gollan,35.0,3.0,92.1,7.9,11694
Eumungerie,116.0,13.0,89.9,10.1,11456
Minore,54.0,7.0,88.5,11.5,12641
Gilgandra,1176.0,157.0,88.2,11.8,11619
Collie (NSW),68.0,4.0,94.4,5.6,10975
Armatree,43.0,11.0,79.6,20.4,10084
Curban,40.0,9.0,81.6,18.4,11166
Tooraweenah,91.0,18.0,83.5,16.5,13911
Narromine,1664.0,223.0,88.2,11.8,12911
Burroway,40.0,15.0,72.7,27.3,10715
Trangie,460.0,57.0,89.0,11.0,13932
Tomingley,105.0,14.0,88.2,11.8,13896
Wellington (NSW),1544.0,279.0,84.7,15.3,14221
Mumbil,108.0,35.0,75.5,24.5,12832
Stuart Town,78.0,12.0,86.7,13.3,13680
Euchareena,53.0,10.0,84.1,15.9,11452
Neurea,39.0,12.0,76.5,23.5,12933
Mount Arthur,55.0,10.0,84.6,15.4,12747
Maryvale (NSW),63.0,7.0,90.0,10.0,12517
Montefiores,205.0,23.0,89.9,10.1,12685
Greta (NSW),966.0,68.0,93.4,6.6,11778
Lower Belford,126.0,23.0,84.6,15.4,12401
Belford,42.0,22.0,65.6,34.4,10258
Branxton,684.0,51.0,93.1,6.9,10549
Pokolbin,322.0,160.0,66.8,33.2,13236
Lovedale,157.0,42.0,78.9,21.1,12396
East Branxton,617.0,39.0,94.1,5.9,11346
North Rothbury,301.0,25.0,92.3,7.7,13004
Leconfield,52.0,3.0,94.5,5.5,12291
Cessnock,5312.0,563.0,90.4,9.6,10878
Nulkaba,209.0,15.0,93.3,6.7,13031
Aberdare,919.0,102.0,90.0,10.0,10006
Kearsley,280.0,25.0,91.8,8.2,12080
Bellbird,703.0,60.0,92.1,7.9,10268
Bellbird Heights,285.0,19.0,93.8,6.2,10269
Ellalong,359.0,20.0,94.7,5.3,11398
Abernethy,86.0,0.0,100.0,0.0,10011
Mulbring,195.0,16.0,92.4,7.6,12813
Buchanan (NSW),60.0,0.0,100.0,0.0,10628
Millfield,311.0,22.0,93.4,6.6,12620
Paxton,313.0,24.0,92.9,7.1,13162
Black Hill (NSW),166.0,17.0,90.7,9.3,10385
Mount Vincent,118.0,6.0,95.2,4.8,12799
Brunkerville,70.0,4.0,94.6,5.4,10620
Quorrobolong,153.0,19.0,89.0,11.0,13302
Congewai,72.0,25.0,74.2,25.8,11007
Mount View,31.0,19.0,62.0,38.0,12798
Paynes Crossing,31.0,5.0,86.1,13.9,13163
Laguna,63.0,30.0,67.7,32.3,12237
Wollombi,71.0,42.0,62.8,37.2,14355
Watagan,53.0,47.0,53.0,47.0,14180
Murrays Run,58.0,28.0,67.4,32.6,12855
Bucketty,63.0,19.0,76.8,23.2,10634
Clarence Town,685.0,46.0,93.7,6.3,10920
Dungog,831.0,97.0,89.5,10.5,11320
Bendolba,71.0,5.0,93.4,6.6,10291
Paterson (NSW),300.0,27.0,91.7,8.3,13159
Martins Creek,124.0,6.0,95.4,4.6,12511
Torryburn (Dungog - NSW),56.0,11.0,83.6,16.4,13920
Vacy,214.0,31.0,87.3,12.7,14063
East Gresford,113.0,26.0,81.3,18.7,11350
Gresford,99.0,23.0,81.1,18.9,11777
Wallarobba,68.0,12.0,85.0,15.0,14111
Hilldale,67.0,10.0,87.0,13.0,11906
Glen William,38.0,13.0,74.5,25.5,11654
Brookfield (NSW),75.0,11.0,87.2,12.8,10596
Abermain,810.0,78.0,91.2,8.8,10010
Weston (NSW),1310.0,116.0,91.9,8.1,14262
Kurri Kurri,2298.0,172.0,93.0,7.0,12221
Stanford Merthyr,217.0,6.0,97.3,2.7,13647
Pelaw Main,392.0,47.0,89.3,10.7,13177
Heddon Greta,682.0,51.0,93.0,7.0,11888
Neath,189.0,8.0,95.9,4.1,12917
Cliftleigh,228.0,28.0,89.1,10.9,10932
Sawyers Gully,153.0,7.0,95.6,4.4,13499
Hunterview,973.0,68.0,93.5,6.5,11955
Redbournberry,78.0,9.0,89.7,10.3,13337
Singleton (NSW),1956.0,292.0,87.0,13.0,13549
Whittingham,126.0,10.0,92.6,7.4,14279
Gowrie (Singleton - NSW),102.0,4.0,96.2,3.8,11729
Glenridding,96.0,6.0,94.1,5.9,11676
Singleton Heights,1633.0,161.0,91.0,9.0,13550
Wattle Ponds,320.0,23.0,93.3,6.7,14193
McDougalls Hill,62.0,3.0,95.4,4.6,12541
Darlington (Singleton - NSW),144.0,22.0,86.7,13.3,11213
Broke (NSW),179.0,53.0,77.2,22.8,10590
Putty,31.0,25.0,55.4,44.6,13279
Howes Valley,30.0,13.0,69.8,30.2,11948
Bulga (NSW),107.0,18.0,85.6,14.4,10651
Jerrys Plains,94.0,25.0,79.0,21.0,12021
Maison Dieu,49.0,3.0,94.2,5.8,12448
Bridgman,66.0,5.0,93.0,7.0,10567
Mount Olive (Singleton - NSW),51.0,7.0,87.9,12.1,12781
Westbrook (NSW),42.0,7.0,85.7,14.3,14257
Sedgefield,57.0,0.0,100.0,0.0,13514
Glendon,40.0,3.0,93.0,7.0,11660
Lambs Valley (Singleton - NSW),108.0,10.0,91.5,8.5,12263
Stanhope (NSW),46.0,5.0,90.2,9.8,13648
Glendon Brook,76.0,14.0,84.4,15.6,11661
Maitland (NSW),724.0,89.0,89.1,10.9,12449
South Maitland,171.0,19.0,90.0,10.0,13591
Gillieston Heights,1079.0,59.0,94.8,5.2,11624
Louth Park,186.0,11.0,94.4,5.6,12395
Horseshoe Bend,157.0,17.0,90.2,9.8,11939
Oakhampton,65.0,0.0,100.0,0.0,13056
East Maitland,4655.0,421.0,91.7,8.3,11360
Metford,1693.0,115.0,93.6,6.4,12592
Tenambit,1097.0,93.0,92.2,7.8,13787
Raworth,562.0,33.0,94.5,5.5,13325
Morpeth,591.0,62.0,90.5,9.5,12727
Ashtonfield,1495.0,82.0,94.8,5.2,10102
Chisholm (NSW),459.0,50.0,90.2,9.8,10909
Largs,633.0,35.0,94.8,5.2,12278
Bolwarra Heights,951.0,50.0,95.0,5.0,10451
Lorn,528.0,42.0,92.6,7.4,12389
Bolwarra (NSW),346.0,25.0,93.3,6.7,10450
Woodville (NSW),151.0,14.0,91.5,8.5,14398
Maitland Vale,43.0,3.0,93.5,6.5,12451
Rutherford,4323.0,340.0,92.7,7.3,13449
Aberglasslyn,1735.0,110.0,94.0,6.0,10009
Luskintyre,57.0,15.0,79.2,20.8,12423
Lochinvar,273.0,18.0,93.8,6.2,12368
Windella,215.0,5.0,97.7,2.3,14317
Telarah,932.0,82.0,91.9,8.1,13780
Farley,74.0,7.0,91.4,8.6,11490
Bishops Bridge,75.0,6.0,92.6,7.4,10380
Thornton (NSW),2703.0,163.0,94.3,5.7,13851
Millers Forest,109.0,7.0,94.0,6.0,12618
Anna Bay,1364.0,285.0,82.7,17.3,10060
Boat Harbour (Port Stephens - NSW),331.0,141.0,70.1,29.9,10425
Bobs Farm,147.0,18.0,89.1,10.9,10429
One Mile (NSW),145.0,10.0,93.5,6.5,13085
Lemon Tree Passage,1053.0,193.0,84.5,15.5,12300
Mallabula,352.0,51.0,87.3,12.7,12455
Tanilba Bay,1193.0,139.0,89.6,10.4,13748
Salamander Bay,1945.0,396.0,83.1,16.9,13463
Soldiers Point,602.0,339.0,64.0,36.0,13570
Corlette,2002.0,418.0,82.7,17.3,11075
Nelson Bay (NSW),2340.0,1650.0,58.6,41.4,12923
Fingal Bay,630.0,423.0,59.8,40.2,11518
Shoal Bay (NSW),671.0,613.0,52.3,47.7,13539
Raymond Terrace,4629.0,367.0,92.7,7.3,13327
Tomago,130.0,3.0,97.7,2.3,13889
Heatherbrae,236.0,11.0,95.5,4.5,11884
Eagleton,71.0,10.0,87.7,12.3,11342
Duns Creek,165.0,8.0,95.4,4.6,11326
Seaham,308.0,18.0,94.5,5.5,13510
Wallalong,306.0,9.0,97.1,2.9,14104
Brandy Hill,221.0,9.0,96.1,3.9,10548
Hinton,153.0,11.0,93.3,6.7,11916
Butterwick,44.0,5.0,89.8,10.2,10725
East Seaham,118.0,19.0,86.1,13.9,11362
Nelsons Plains,107.0,3.0,97.3,2.7,12924
Tea Gardens,1257.0,307.0,80.4,19.6,13779
North Arm Cove,191.0,126.0,60.3,39.7,12979
Bundabah,52.0,33.0,61.2,38.8,10668
Pindimar,134.0,62.0,68.4,31.6,13211
Hawks Nest,536.0,891.0,37.6,62.4,11873
Karuah,544.0,61.0,89.9,10.1,12076
Medowie,3023.0,161.0,94.9,5.1,12554
Salt Ash,362.0,38.0,90.5,9.5,13467
Williamtown,280.0,10.0,96.6,3.4,14299
Swan Bay (Port Stephens - NSW),107.0,38.0,73.8,26.2,13704
Muswellbrook,4383.0,794.0,84.7,15.3,12868
Denman,681.0,98.0,87.4,12.6,11241
Castle Rock,51.0,9.0,85.0,15.0,10848
Aberdeen (NSW),765.0,115.0,86.9,13.1,10007
Wybong,40.0,23.0,63.5,36.5,14436
Sandy Hollow,61.0,26.0,70.1,29.9,13486
McCullys Gap,84.0,10.0,89.4,10.6,12540
Scone,2125.0,229.0,90.3,9.7,13503
Middle Brook,77.0,9.0,89.5,10.5,12600
Dartbrook,38.0,6.0,86.4,13.6,11217
Murrurundi,409.0,84.0,83.0,17.0,12864
Blandford,86.0,12.0,87.8,12.2,10406
Wingen,91.0,19.0,82.7,17.3,14331
Parkville (NSW),101.0,9.0,91.8,8.2,13154
Upper Dartbrook,50.0,9.0,84.7,15.3,14022
Gundy,63.0,8.0,88.7,11.3,11809
Moonan Flat,46.0,20.0,69.7,30.3,12697
Niangala,49.0,17.0,74.2,25.8,12962
Merriwa (NSW),657.0,131.0,83.4,16.6,12585
Dapto,3938.0,277.0,93.4,6.6,11202
Kanahooka,2064.0,118.0,94.6,5.4,12055
Koonawarra,1277.0,73.0,94.6,5.4,12187
Avondale (NSW),634.0,69.0,90.2,9.8,10116
Marshall Mount,43.0,6.0,87.8,12.2,12507
Haywards Bay,306.0,20.0,93.9,6.1,11880
Brownsville,224.0,28.0,88.9,11.1,10612
Horsley,2554.0,102.0,96.2,3.8,11942
Wongawilli,44.0,0.0,100.0,0.0,14374
Kembla Grange,74.0,6.0,92.5,7.5,12092
Dombarton,45.0,3.0,93.8,6.2,11270
Port Kembla,1891.0,222.0,89.5,10.5,13245
Coniston,831.0,80.0,91.2,8.8,11010
Unanderra,2048.0,122.0,94.4,5.6,14008
Mount Kembla,328.0,16.0,95.3,4.7,12769
Cordeaux Heights,1401.0,51.0,96.5,3.5,11070
Farmborough Heights,1355.0,67.0,95.3,4.7,11491
Berkeley,2762.0,219.0,92.7,7.3,10303
Cringila,695.0,75.0,90.3,9.7,11116
Lake Heights,1398.0,127.0,91.7,8.3,12248
Warrawong,1768.0,199.0,89.9,10.1,14167
Windang,1213.0,86.0,93.4,6.6,14316
Primbee,622.0,69.0,90.0,10.0,13264
Mount Keira,548.0,46.0,92.3,7.7,12768
Bulli,2057.0,199.0,91.2,8.8,10662
Bargo,1469.0,74.0,95.2,4.8,10198
Yerrinbool,384.0,30.0,92.8,7.2,14510
Wilton (NSW),915.0,58.0,94.0,6.0,14311
Pheasants Nest,190.0,17.0,91.8,8.2,13191
Albion Park,4238.0,246.0,94.5,5.5,10025
Calderwood,50.0,5.0,90.9,9.1,10750
Tullimbar,178.0,10.0,94.7,5.3,13958
Yellow Rock (Shellharbour - NSW),56.0,13.0,81.2,18.8,14503
Albion Park Rail,2417.0,150.0,94.2,5.8,10026
Kiama,2734.0,618.0,81.6,18.4,12116
Kiama Heights,289.0,78.0,78.7,21.3,12118
Kiama Downs,1679.0,184.0,90.1,9.9,12117
Minnamurra,291.0,57.0,83.6,16.4,12639
Gerringong,1340.0,218.0,86.0,14.0,11606
Jamberoo,588.0,71.0,89.2,10.8,11998
Werri Beach,197.0,89.0,68.9,31.1,14233
Gerroa,225.0,234.0,49.0,51.0,11607
Curramore (NSW),56.0,9.0,86.2,13.8,11174
Jerrara,40.0,0.0,100.0,0.0,12017
Toolijooa,32.0,8.0,80.0,20.0,13903
Foxground,51.0,36.0,58.6,41.4,11558
Flinders (NSW),2149.0,139.0,93.9,6.1,11534
Shellharbour,1275.0,132.0,90.6,9.4,13533
Shell Cove,1697.0,134.0,92.7,7.3,13532
Barrack Point,245.0,31.0,88.8,11.2,10208
Dunmore (NSW),65.0,3.0,95.6,4.4,11323
Oak Flats,2317.0,153.0,93.8,6.2,13053
Blackbutt (NSW),1172.0,50.0,95.9,4.1,10391
Shellharbour City Centre,64.0,7.0,90.1,9.9,13534
Warilla,2419.0,156.0,93.9,6.1,14151
Lake Illawarra,1378.0,162.0,89.5,10.5,12250
Barrack Heights,2165.0,170.0,92.7,7.3,10207
Mount Warrigal,1698.0,120.0,93.4,6.6,12801
Fairy Meadow,2819.0,246.0,92.0,8.0,11484
Balgownie,2030.0,132.0,93.9,6.1,10155
Gwynneville,1027.0,86.0,92.3,7.7,11825
North Wollongong,892.0,154.0,85.3,14.7,13017
Mount Ousley,556.0,42.0,93.0,7.0,12782
Mount Pleasant (NSW),455.0,27.0,94.4,5.6,12784
Tarrawanna,774.0,59.0,92.9,7.1,13769
Corrimal,2576.0,204.0,92.7,7.3,11082
Towradgi,1219.0,109.0,91.8,8.2,13929
Fernhill,444.0,33.0,93.1,6.9,11507
East Corrimal,1367.0,132.0,91.2,8.8,11348
Bellambi,1587.0,121.0,92.9,7.1,10264
West Wollongong,1832.0,170.0,91.5,8.5,14255
Keiraville,1199.0,109.0,91.7,8.3,12085
Figtree,3981.0,231.0,94.5,5.5,11515
Helensburgh,2000.0,130.0,93.9,6.1,11890
Otford,118.0,10.0,92.2,7.8,13101
Stanwell Park,440.0,60.0,88.0,12.0,13653
Stanwell Tops,153.0,14.0,91.6,8.4,13654
Thirroul,2104.0,240.0,89.8,10.2,13848
Austinmer,878.0,96.0,90.1,9.9,10108
Coledale,403.0,75.0,84.3,15.7,10966
Wombarra,306.0,67.0,82.0,18.0,14363
Scarborough (NSW),96.0,23.0,80.7,19.3,13500
Coalcliff,64.0,18.0,78.0,22.0,10944
Woonona,4437.0,323.0,93.2,6.8,14416
Russell Vale,542.0,33.0,94.3,5.7,13448
Wollongong,7734.0,919.0,89.4,10.6,14358
Mount Saint Thomas,544.0,39.0,93.3,6.7,12791
Mangerton,1033.0,101.0,91.1,8.9,12468
Bulahdelah,564.0,87.0,86.6,13.4,10649
Wards River,74.0,19.0,79.6,20.4,14147
Stroud Road,83.0,22.0,79.0,21.0,13679
Stroud,329.0,44.0,88.2,11.8,13677
Girvan,65.0,19.0,77.4,22.6,11637
Nerong,47.0,44.0,51.6,48.4,12929
Allworth,70.0,18.0,79.5,20.5,10041
Bunyah,53.0,32.0,62.4,37.6,10690
Markwell,49.0,11.0,81.7,18.3,12493
Booral (NSW),138.0,25.0,84.7,15.3,10496
Limeburners Creek (Mid-Coast - NSW),105.0,8.0,92.9,7.1,12328
Forster (NSW),5799.0,1600.0,78.4,21.6,11550
Green Point (Mid-Coast - NSW),214.0,43.0,83.3,16.7,11755
Tarbuck Bay,77.0,35.0,68.8,31.2,13762
Nabiac,451.0,42.0,91.5,8.5,12885
Failford,211.0,13.0,94.2,5.8,11476
Coomba Park,260.0,141.0,64.8,35.2,11038
Smiths Lake,462.0,320.0,59.1,40.9,13563
Bungwahl,92.0,45.0,67.2,32.8,10687
Charlotte Bay,53.0,75.0,41.4,58.6,10887
Wootton,87.0,49.0,64.0,36.0,14417
Coolongolook,141.0,36.0,79.7,20.3,11032
Coomba Bay,50.0,33.0,60.2,39.8,11037
Minimbah,73.0,22.0,76.8,23.2,12636
Elizabeth Beach,84.0,84.0,50.0,50.0,11396
Blueys Beach,79.0,132.0,37.4,62.6,10420
Boomerang Beach,110.0,267.0,29.2,70.8,10487
Tuncurry,2775.0,606.0,82.1,17.9,13969
South Kempsey,787.0,91.0,89.6,10.4,13588
West Kempsey,1806.0,121.0,93.7,6.3,14247
Kempsey,196.0,24.0,89.1,10.9,12095
Frederickton,451.0,22.0,95.3,4.7,11561
Aldavilla,252.0,18.0,93.3,6.7,10028
Euroka,116.0,3.0,97.5,2.5,11464
Dondingalong,259.0,15.0,94.5,5.5,11272
Greenhill (NSW),210.0,7.0,96.8,3.2,11763
East Kempsey,515.0,58.0,89.9,10.1,11354
Verges Creek,77.0,5.0,93.9,6.1,14072
Yarravel,387.0,16.0,96.0,4.0,14483
Stuarts Point,333.0,65.0,83.7,16.3,13681
Yarrahapinni,82.0,20.0,80.4,19.6,14474
Hat Head,141.0,135.0,51.1,48.9,11869
Kinchela,98.0,15.0,86.7,13.3,12140
Gladstone (NSW),149.0,18.0,89.2,10.8,11639
Smithtown,228.0,20.0,91.9,8.1,13564
Mungay Creek,46.0,9.0,83.6,16.4,12841
Willawarrin,66.0,13.0,83.5,16.5,14295
Temagog,91.0,12.0,88.3,11.7,13783
Turners Flat,49.0,4.0,92.5,7.5,13976
Millbank (NSW),47.0,13.0,78.3,21.7,12616
Hickeys Creek,49.0,21.0,70.0,30.0,11899
Belmore River,92.0,6.0,93.9,6.1,10280
Austral Eden,51.0,0.0,100.0,0.0,10110
Crescent Head,593.0,235.0,71.6,28.4,11114
Fishermans Reach,74.0,16.0,82.2,17.8,11524
Clybucca,53.0,3.0,94.6,5.4,10940
Bellimbopinni,36.0,6.0,85.7,14.3,10272
Collombatti,210.0,11.0,95.0,5.0,10979
Kundabung,192.0,14.0,93.2,6.8,12209
Sherwood (Kempsey - NSW),58.0,4.0,93.5,6.5,13537
Bellbrook,122.0,53.0,69.7,30.3,10270
Macksville,976.0,81.0,92.3,7.7,12430
North Macksville,247.0,17.0,93.6,6.4,12995
Way Way,87.0,25.0,77.7,22.3,14203
Scotts Head,372.0,184.0,66.9,33.1,13508
Gumma,165.0,14.0,92.2,7.8,11801
Nambucca Heads,2790.0,387.0,87.8,12.2,12887
Hyland Park,178.0,26.0,87.3,12.7,11968
Bowraville,434.0,31.0,93.3,6.7,10537
Valla Beach,564.0,101.0,84.8,15.2,14068
South Arm (Nambucca - NSW),127.0,13.0,90.7,9.3,13575
Newee Creek,134.0,9.0,93.7,6.3,12952
Congarinni North,119.0,16.0,88.1,11.9,11006
Congarinni,113.0,11.0,91.1,8.9,11005
Talarm,85.0,8.0,91.4,8.6,13728
Warrell Creek,92.0,5.0,94.8,5.2,14170
Eungai Creek,142.0,17.0,89.3,10.7,11458
Eungai Rail,76.0,8.0,90.5,9.5,11459
Upper Taylors Arm,51.0,4.0,92.7,7.3,14045
Taylors Arm,53.0,13.0,80.3,19.7,13776
Argents Hill,86.0,4.0,95.6,4.4,10079
Missabotti,106.0,18.0,85.5,14.5,12649
South West Rocks,1980.0,519.0,79.2,20.8,13600
Arakoon,174.0,47.0,78.7,21.3,10069
Jerseyville,46.0,4.0,92.0,8.0,12022
Lord Howe Island,132.0,49.0,72.9,27.1,12387
Lake Cathie,1317.0,213.0,86.1,13.9,12243
Bonny Hills,1114.0,129.0,89.6,10.4,10470
North Haven (NSW),773.0,179.0,81.2,18.8,12992
Kendall,386.0,25.0,93.9,6.1,12096
West Haven,489.0,40.0,92.4,7.6,14245
Laurieton,995.0,86.0,92.0,8.0,12283
Kew (NSW),383.0,45.0,89.5,10.5,12109
Herons Creek,78.0,3.0,96.3,3.7,11897
Upsalls Creek,41.0,3.0,93.2,6.8,14049
Logans Crossing,54.0,4.0,93.1,6.9,12373
Lorne (NSW),96.0,14.0,87.3,12.7,12390
Lakewood,490.0,44.0,91.8,8.2,12259
Dunbogan,435.0,81.0,84.3,15.7,11310
Johns River,110.0,12.0,90.2,9.8,12037
Camden Head,65.0,34.0,65.7,34.3,10771
Port Macquarie,18087.0,2109.0,89.6,10.4,13246
Lake Innes,129.0,4.0,97.0,3.0,12251
Riverside (NSW),106.0,7.0,93.8,6.2,13367
Thrumster,132.0,45.0,74.6,25.4,13852
North Shore (NSW),134.0,27.0,83.2,16.8,13006
Telegraph Point,207.0,26.0,88.8,11.2,13781
Blackmans Point,62.0,4.0,93.9,6.1,10395
Cooperabung,88.0,3.0,96.7,3.3,11046
Rollands Plains,55.0,9.0,85.9,14.1,13392
Upper Rollands Plains,41.0,4.0,91.1,8.9,14043
Mortons Creek,97.0,4.0,96.0,4.0,12731
Brombin,39.0,4.0,90.7,9.3,10593
Long Flat (NSW),48.0,3.0,94.1,5.9,12377
Byabarra,109.0,14.0,88.6,11.4,10727
Ellenborough,62.0,18.0,77.5,22.5,11401
Comboyne,183.0,38.0,82.8,17.2,10992
Wauchope,2375.0,153.0,93.9,6.1,14197
Yippin Creek,74.0,0.0,100.0,0.0,14515
Beechwood,218.0,8.0,96.5,3.5,10248
Redbank (NSW),128.0,8.0,94.1,5.9,13336
Crosslands,187.0,7.0,96.4,3.6,11127
King Creek,501.0,10.0,98.0,2.0,12145
Sancrox,191.0,15.0,92.7,7.3,13471
Gloucester,1252.0,196.0,86.5,13.5,11685
Craven,46.0,15.0,75.4,24.6,11107
Stratford (NSW),62.0,22.0,73.8,26.2,13672
Forbesdale,59.0,6.0,90.8,9.2,11539
Barrington (NSW),145.0,23.0,86.3,13.7,10216
Bowman,48.0,13.0,78.7,21.3,10531
Diamond Beach,337.0,99.0,77.3,22.7,11251
Manning Point,112.0,31.0,78.3,21.7,12478
Mitchells Island,167.0,32.0,83.9,16.1,12652
Oxley Island,101.0,8.0,92.7,7.3,13109
Old Bar,1782.0,202.0,89.8,10.2,13073
Black Head,380.0,170.0,69.1,30.9,10384
Red Head,209.0,64.0,76.6,23.4,13329
Rainbow Flat,234.0,31.0,88.3,11.7,13305
Hallidays Point,185.0,21.0,89.8,10.2,11832
Wallabi Point,251.0,23.0,91.6,8.4,14099
Koorainghat,71.0,9.0,88.8,11.2,12191
Tallwoods Village,270.0,70.0,79.4,20.6,13737
Taree,6457.0,576.0,91.8,8.2,13764
Cundletown,732.0,54.0,93.1,6.9,11161
Taree South,129.0,5.0,96.3,3.7,13765
Pampoolah,137.0,6.0,95.8,4.2,13142
Tinonee,411.0,23.0,94.7,5.3,13876
Harrington,1353.0,341.0,79.9,20.1,11858
Wherrol Flat,119.0,14.0,89.5,10.5,14271
Coopernook,206.0,14.0,93.6,6.4,11047
Moto,42.0,5.0,89.4,10.6,12742
Moorland (NSW),189.0,17.0,91.7,8.3,12714
Upper Lansdowne,210.0,31.0,87.1,12.9,14033
Lansdowne (Mid-Coast - NSW),217.0,31.0,87.5,12.5,12273
Kundle Kundle,58.0,11.0,84.1,15.9,12211
Killabakh,98.0,18.0,84.5,15.5,12128
Cedar Party,137.0,11.0,92.6,7.4,10870
Elands,85.0,27.0,75.9,24.1,11388
Bobin,55.0,12.0,82.1,17.9,10427
Burrell Creek,87.0,12.0,87.9,12.1,10709
Mondrook,63.0,3.0,95.5,4.5,12676
Hillville,108.0,14.0,88.5,11.5,11913
Belbora,44.0,7.0,86.3,13.7,10256
Krambach,149.0,25.0,85.6,14.4,12202
Possum Brush,49.0,12.0,80.3,19.7,13251
Dyers Crossing,132.0,9.0,93.6,6.4,11338
Firefly,106.0,9.0,92.2,7.8,11521
Wingham,2064.0,172.0,92.3,7.7,14332
Thurgoona,2765.0,247.0,91.8,8.2,13856
East Albury,2440.0,331.0,88.1,11.9,11344
Wirlinga,45.0,8.0,84.9,15.1,14337
North Albury,2375.0,343.0,87.4,12.6,12977
Lavington,5105.0,566.0,90.0,10.0,12287
Glenroy (Albury - NSW),1174.0,154.0,88.4,11.6,11678
Hamilton Valley,188.0,16.0,92.2,7.8,11842
Albury,1959.0,443.0,81.6,18.4,10027
South Albury,631.0,101.0,86.2,13.8,13573
West Albury,1475.0,142.0,91.2,8.8,14239
Splitters Creek,91.0,13.0,87.5,12.5,13610
Jindera,688.0,50.0,93.2,6.8,12032
Holbrook,660.0,140.0,82.5,17.5,11920
Table Top,417.0,41.0,91.0,9.0,13722
Little Billabong,43.0,25.0,63.2,36.8,12350
Gerogery,188.0,20.0,90.4,9.6,11605
Brocklesby,65.0,14.0,82.3,17.7,10584
Walla Walla,295.0,27.0,91.6,8.4,14097
Burrumbuttock,126.0,15.0,89.4,10.6,10716
Walbundrie,61.0,10.0,85.9,14.1,14092
Morven (Greater Hume Shire - NSW),48.0,11.0,81.4,18.6,12737
Culcairn,524.0,87.0,85.8,14.2,11147
Henty (NSW),479.0,84.0,85.1,14.9,11892
Mullengandra,44.0,9.0,83.0,17.0,12823
Bowna,34.0,9.0,79.1,20.9,10534
Woomargama,67.0,18.0,78.8,21.2,14413
Springdale Heights,793.0,94.0,89.4,10.6,13622
Hay (NSW),886.0,225.0,79.7,20.3,11874
Hay South,140.0,33.0,80.9,19.1,11875
Gol Gol,508.0,69.0,88.0,12.0,11693
Buronga,435.0,69.0,86.3,13.7,10696
Wentworth (NSW),591.0,125.0,82.5,17.5,14225
Coomealla,259.0,65.0,79.9,20.1,11041
Dareton,182.0,27.0,87.1,12.9,11206
Curlwaa,136.0,49.0,73.5,26.5,11170
Euston,262.0,69.0,79.2,20.8,11468
Tooleybuc,89.0,25.0,78.1,21.9,13902
Balranald,510.0,141.0,78.3,21.7,10168
Corowa,2239.0,375.0,85.7,14.3,11080
Mulwala,873.0,331.0,72.5,27.5,12830
Balldale,54.0,21.0,72.0,28.0,10159
Rand,83.0,17.0,83.0,17.0,13311
Oaklands,136.0,37.0,78.6,21.4,13059
Howlong,1051.0,129.0,89.1,10.9,11950
Urana,137.0,64.0,68.2,31.8,14052
Deniliquin,3053.0,364.0,89.3,10.7,11237
Mayrung,50.0,13.0,79.4,20.6,12537
Mathoura,410.0,66.0,86.1,13.9,12522
Barham,639.0,141.0,81.9,18.1,10199
Wakool,129.0,42.0,75.4,24.6,14090
Moulamein,185.0,84.0,68.8,31.2,12743
Koraleigh,115.0,17.0,87.1,12.9,12195
Conargo,46.0,19.0,70.8,29.2,10998
Moama,2318.0,355.0,86.7,13.3,12654
Warragoon,38.0,5.0,88.4,11.6,14159
Blighty,55.0,17.0,76.4,23.6,10412
Barooga,670.0,111.0,85.8,14.2,10205
Tocumwal,1082.0,227.0,82.7,17.3,13886
Finley,975.0,205.0,82.6,17.4,11520
Berrigan,493.0,92.0,84.3,15.7,10318
Jerilderie,388.0,102.0,79.2,20.8,12014
Armidale,8085.0,1135.0,87.7,12.3,10085
Guyra,744.0,99.0,88.3,11.7,11822
South Guyra,111.0,24.0,82.2,17.8,13586
Ben Lomond (NSW),65.0,16.0,80.2,19.8,10286
Black Mountain (NSW),97.0,18.0,84.3,15.7,10387
Thalgarrah,69.0,21.0,76.7,23.3,13810
Hillgrove (Armidale Regional - NSW),70.0,27.0,72.2,27.8,11907
Ebor,70.0,29.0,70.7,29.3,11372
Uralla (NSW),1085.0,139.0,88.6,11.4,14051
Saumarez Ponds,140.0,11.0,92.7,7.3,13495
Invergowrie,269.0,21.0,92.8,7.2,11983
Castle Doyle,58.0,3.0,95.1,4.9,10846
Yarrowyck,51.0,11.0,82.3,17.7,14492
Kentucky South,49.0,5.0,90.7,9.3,12103
Balala,43.0,14.0,75.4,24.6,10144
Rocky River (Uralla - NSW),107.0,12.0,89.9,10.1,13390
Walcha,982.0,200.0,83.1,16.9,14093
Woolbrook,60.0,11.0,84.5,15.5,14400
Nowendoc,54.0,26.0,67.5,32.5,13026
Yarrowitch,73.0,12.0,85.9,14.1,14491
Glen Innes,2445.0,362.0,87.1,12.9,11649
Emmaville,226.0,60.0,79.0,21.0,11414
Deepwater (NSW),187.0,39.0,82.7,17.3,11231
Dundee,63.0,9.0,87.5,12.5,11314
Red Range,77.0,18.0,81.1,18.9,13333
Shannon Vale,54.0,9.0,85.7,14.3,13526
Inverell,4481.0,399.0,91.8,8.2,11981
Ashford (NSW),256.0,44.0,85.3,14.7,10099
Tingha,282.0,45.0,86.2,13.8,13874
Yetman,77.0,15.0,83.7,16.3,14514
Bundarra,250.0,54.0,82.2,17.8,10671
Gilgai,236.0,22.0,91.5,8.5,11618
Bonshaw (NSW),39.0,13.0,75.0,25.0,10473
Coolatai,47.0,8.0,85.5,14.5,11028
Oakwood (NSW),59.0,8.0,88.1,11.9,13061
Nullamanna,55.0,8.0,87.3,12.7,13032
Elsmore,88.0,10.0,89.8,10.2,11408
Bingara,597.0,89.0,87.0,13.0,10365
Gravesend,115.0,19.0,85.8,14.2,11742
Auburn Vale,41.0,7.0,85.4,14.6,10107
Gum Flat,70.0,8.0,89.7,10.3,11796
Delungra,229.0,28.0,89.1,10.9,11234
Warialda,619.0,78.0,88.8,11.2,14149
Yallaroi,39.0,6.0,86.7,13.3,14456
Warialda Rail,46.0,6.0,88.5,11.5,14150
Upper Horton,51.0,12.0,81.0,19.0,14029
Tabulam,183.0,55.0,76.9,23.1,13723
Tenterfield,1642.0,256.0,86.5,13.5,13792
Drake,140.0,42.0,76.9,23.1,11290
Legume,61.0,29.0,67.8,32.2,12296
Urbenville,121.0,26.0,82.3,17.7,14057
Woodenbong,163.0,22.0,88.1,11.9,14382
Jennings,61.0,17.0,78.2,21.8,12008
Moree,3279.0,484.0,87.1,12.9,12722
Pallamallawa,161.0,22.0,88.0,12.0,13131
Garah,101.0,31.0,76.5,23.5,11586
Boomi,67.0,38.0,63.8,36.2,10489
Ashley,127.0,12.0,91.4,8.6,10100
Boggabilla,289.0,42.0,87.3,12.7,10441
North Star,78.0,49.0,61.4,38.6,13008
Mungindi (NSW),221.0,98.0,69.3,30.7,12843
Bellata,121.0,14.0,89.6,10.4,10266
Narrabri,2716.0,355.0,88.4,11.6,12903
Wee Waa,715.0,110.0,86.7,13.3,14211
Maules Creek,45.0,17.0,72.6,27.4,12526
Tarriaro,40.0,5.0,88.9,11.1,13770
Bohena Creek,52.0,6.0,89.7,10.3,10444
Gwabegar,55.0,20.0,73.3,26.7,11823
Gunnedah,3638.0,399.0,90.1,9.9,11812
Curlewis (NSW),272.0,45.0,85.8,14.2,11169
Boggabri,421.0,114.0,78.7,21.3,10442
Carroll,107.0,25.0,81.1,18.9,10832
Piallaway,47.0,21.0,69.1,30.9,13196
Breeza,52.0,15.0,77.6,22.4,10561
Caroona,73.0,24.0,75.3,24.7,10823
Spring Ridge,94.0,30.0,75.8,24.2,13619
Werris Creek,632.0,96.0,86.8,13.2,14238
Quirindi,1328.0,177.0,88.2,11.8,13301
Wallabadah,166.0,31.0,84.3,15.7,14098
Currabubula,117.0,17.0,87.3,12.7,11172
Quipolly,61.0,13.0,82.4,17.6,13300
Willow Tree,110.0,30.0,78.6,21.4,14305
Blackville,37.0,24.0,60.7,39.3,10398
Hillvue,2249.0,218.0,91.2,8.8,11914
Calala,1312.0,86.0,93.8,6.2,10748
Kingswood (Tamworth Regional - NSW),324.0,30.0,91.5,8.5,12164
South Tamworth,2681.0,325.0,89.2,10.8,13597
West Tamworth,2003.0,301.0,86.9,13.1,14252
North Tamworth,1946.0,212.0,90.2,9.8,13011
Tamworth,72.0,12.0,85.7,14.3,13746
East Tamworth,2071.0,301.0,87.3,12.7,11363
Oxley Vale,1261.0,149.0,89.4,10.6,13111
Nemingha,244.0,30.0,89.1,10.9,12926
Westdale (Tamworth Regional - NSW),830.0,65.0,92.7,7.3,14259
Kootingal,811.0,63.0,92.8,7.2,12194
Duri,176.0,18.0,90.7,9.3,11332
Bithramere,62.0,0.0,100.0,0.0,10381
Somerton (NSW),95.0,13.0,88.0,12.0,13572
Bective,66.0,9.0,88.0,12.0,10245
Attunga,209.0,24.0,89.7,10.3,10105
Garthowen,51.0,5.0,91.1,8.9,11593
Limbri,46.0,7.0,86.8,13.2,12327
Tintinhull,141.0,16.0,89.8,10.2,13879
Loomberah,168.0,16.0,91.3,8.7,12386
Moonbi,389.0,35.0,91.7,8.3,12699
Bendemeer,189.0,23.0,89.2,10.8,10289
Watsons Creek (NSW),47.0,22.0,68.1,31.9,14188
Barraba,607.0,138.0,81.5,18.5,10206
Upper Manilla,49.0,13.0,79.0,21.0,14037
Manilla,973.0,111.0,89.8,10.2,12474
Daruka,251.0,15.0,94.4,5.6,11218
Moore Creek,690.0,39.0,94.7,5.3,12710
Hallsville,187.0,14.0,93.0,7.0,11835
Nundle,207.0,41.0,83.5,16.5,13043
Ogunbil,59.0,18.0,76.6,23.4,13071
Dungowan,131.0,11.0,92.3,7.7,11321
Piallamore,86.0,8.0,91.5,8.5,13195
Woolomin,107.0,15.0,87.7,12.3,14408
Warral,136.0,6.0,95.8,4.2,14163
Windale,1334.0,129.0,91.2,8.8,14315
Jewells,881.0,46.0,95.0,5.0,12024
Belmont North,2227.0,139.0,94.1,5.9,10277
Belmont (NSW),2950.0,316.0,90.3,9.7,10276
Floraville,618.0,29.0,95.5,4.5,11535
Blacksmiths,757.0,101.0,88.2,11.8,10396
Pelican (NSW),342.0,31.0,91.7,8.3,13178
Marks Point,810.0,97.0,89.3,10.7,12492
Belmont South,421.0,36.0,92.1,7.9,10278
Kahibah,966.0,90.0,91.5,8.5,12048
Charlestown (NSW),4986.0,422.0,92.2,7.8,10885
Whitebridge,940.0,63.0,93.7,6.3,14276
Gateshead,1141.0,80.0,93.4,6.6,11594
Dudley,830.0,67.0,92.5,7.5,11300
Highfields (NSW),321.0,21.0,93.9,6.1,11902
Garden Suburb,611.0,38.0,94.1,5.9,11587
Cardiff (NSW),2251.0,184.0,92.4,7.6,10809
Hillsborough (Lake Macquarie - NSW),230.0,10.0,95.8,4.2,11909
Warners Bay,3008.0,237.0,92.7,7.3,14153
Argenton,533.0,51.0,91.3,8.7,10078
Glendale (NSW),1212.0,65.0,94.9,5.1,11658
Elermore Vale,2036.0,131.0,94.0,6.0,11394
Macquarie Hills,1096.0,59.0,94.9,5.1,12434
Kotara,1459.0,109.0,93.0,7.0,12200
Cardiff Heights,526.0,30.0,94.6,5.4,10810
Cardiff South,1070.0,71.0,93.8,6.2,10811
New Lambton Heights,815.0,54.0,93.8,6.2,12943
Rankin Park,902.0,49.0,94.8,5.2,13315
Tingira Heights,687.0,38.0,94.8,5.2,13875
Mount Hutton (NSW),1359.0,106.0,92.8,7.2,12766
Eleebana,1980.0,149.0,93.0,7.0,11393
Redhead,1336.0,79.0,94.4,5.6,13340
Caves Beach,1451.0,178.0,89.1,10.9,10862
Nords Wharf,313.0,81.0,79.4,20.6,12975
Swansea (NSW),2183.0,227.0,90.6,9.4,13711
Swansea Heads,197.0,33.0,85.7,14.3,13712
Catherine Hill Bay,64.0,40.0,61.5,38.5,10857
Cams Wharf,56.0,7.0,88.9,11.1,10784
Murrays Beach,206.0,29.0,87.7,12.3,12854
Valentine,1976.0,169.0,92.1,7.9,14065
Croudace Bay,192.0,20.0,90.6,9.4,11128
Speers Point,1276.0,136.0,90.4,9.6,13605
Lakelands (NSW),483.0,29.0,94.3,5.7,12256
Boolaroo,406.0,45.0,90.0,10.0,10482
Booragul,470.0,62.0,88.3,11.7,10495
Fennell Bay,624.0,59.0,91.4,8.6,11500
Marmong Point,279.0,26.0,91.5,8.5,12498
Woodrising,378.0,26.0,93.6,6.4,14391
Bolton Point,743.0,68.0,91.6,8.4,10449
Teralba,577.0,35.0,94.3,5.7,13793
Fassifern (NSW),225.0,19.0,92.2,7.8,11495
Balcolyn,356.0,81.0,81.5,18.5,10145
Yarrawonga Park,140.0,46.0,75.3,24.7,14487
Mirrabooka (NSW),272.0,62.0,81.4,18.6,12647
Sunshine (NSW),171.0,54.0,76.0,24.0,13694
Silverwater (Lake Macquarie - NSW),102.0,28.0,78.5,21.5,13546
Bonnells Bay,1328.0,178.0,88.2,11.8,10468
Brightwaters,325.0,79.0,80.4,19.6,10570
Morisset Park,240.0,41.0,85.4,14.6,12724
Windermere Park,268.0,29.0,90.2,9.8,14321
Edgeworth,2348.0,216.0,91.6,8.4,11381
Cameron Park,2360.0,147.0,94.1,5.9,10775
Cooranbong,1868.0,160.0,92.1,7.9,11052
Wyee,812.0,80.0,91.0,9.0,14438
Morisset,1322.0,174.0,88.4,11.6,12723
Wyee Point,368.0,42.0,89.8,10.2,14439
Mandalong,127.0,11.0,92.0,8.0,12465
Dora Creek,658.0,113.0,85.3,14.7,11277
Eraring,77.0,17.0,81.9,18.1,11429
Martinsville,119.0,20.0,85.6,14.4,12512
Blackalls Park,1042.0,87.0,92.3,7.7,10390
Toronto,2164.0,254.0,89.5,10.5,13918
Kilaben Bay,516.0,69.0,88.2,11.8,12125
Coal Point,646.0,119.0,84.4,15.6,10943
Awaba,131.0,9.0,93.6,6.4,10118
Carey Bay,343.0,45.0,88.4,11.6,10812
Buttaba,385.0,50.0,88.5,11.5,10723
Fishing Point,394.0,83.0,82.6,17.4,11526
Rathmines,726.0,79.0,90.2,9.8,13319
Wangi Wangi,1110.0,218.0,83.6,16.4,14135
Arcadia Vale,499.0,82.0,85.9,14.1,10073
Balmoral (Lake Macquarie - NSW),261.0,31.0,89.4,10.6,10166
Holmesville,466.0,22.0,95.5,4.5,11924
Barnsley,584.0,31.0,95.0,5.0,10204
West Wallsend,824.0,60.0,93.2,6.8,14253
Killingworth (NSW),217.0,11.0,95.2,4.8,12137
Adamstown Heights,1895.0,158.0,92.3,7.7,10017
Adamstown,2389.0,247.0,90.6,9.4,10016
Kotara South,422.0,36.0,92.1,7.9,12201
Woodberry,1059.0,74.0,93.5,6.5,14377
Beresfield,1251.0,127.0,90.8,9.2,10301
Tarro,657.0,49.0,93.1,6.9,13771
Hamilton South,1580.0,213.0,88.1,11.9,11841
Broadmeadow,668.0,83.0,88.9,11.1,10578
Hamilton East,362.0,30.0,92.3,7.7,11839
Newcastle West,287.0,69.0,80.6,19.4,12951
Hamilton North,367.0,38.0,90.6,9.4,11840
Hamilton (NSW),1767.0,225.0,88.7,11.3,11838
New Lambton,3992.0,345.0,92.0,8.0,12942
Lambton,1957.0,207.0,90.4,9.6,12264
Jesmond,1090.0,148.0,88.0,12.0,12023
Maryland (Newcastle - NSW),2613.0,153.0,94.5,5.5,12514
Fletcher (NSW),1492.0,90.0,94.3,5.7,11533
Minmi,240.0,10.0,96.0,4.0,12638
Warabrook,696.0,42.0,94.3,5.7,14140
Mayfield West,772.0,74.0,91.3,8.7,12536
Mayfield (Newcastle - NSW),3806.0,410.0,90.3,9.7,12530
Mayfield East,712.0,75.0,90.5,9.5,12534
Merewether Heights,467.0,29.0,94.2,5.8,12574
Merewether,4293.0,544.0,88.8,11.2,12573
The Junction,439.0,59.0,88.2,11.8,13827
Cooks Hill,1612.0,280.0,85.2,14.8,11019
Bar Beach,510.0,92.0,84.7,15.3,10187
Newcastle,1285.0,366.0,77.8,22.2,12949
The Hill,901.0,162.0,84.8,15.2,13826
Newcastle East,442.0,144.0,75.4,24.6,12950
Carrington (Newcastle - NSW),841.0,91.0,90.2,9.8,10830
Shortland,1559.0,134.0,92.1,7.9,13542
Birmingham Gardens,835.0,77.0,91.6,8.4,10377
Sandgate (NSW),66.0,18.0,78.6,21.4,13474
North Lambton,1216.0,98.0,92.5,7.5,12993
Stockton (NSW),1505.0,205.0,88.0,12.0,13662
Fern Bay,1175.0,111.0,91.4,8.6,11501
Fullerton Cove,221.0,15.0,93.6,6.4,11575
Wallsend,4909.0,415.0,92.2,7.8,14118
Georgetown (NSW),797.0,74.0,91.5,8.5,11603
Waratah West,1096.0,101.0,91.6,8.4,14142
Waratah (NSW),1800.0,212.0,89.5,10.5,14141
Wickham (NSW),487.0,113.0,81.2,18.8,14285
Maryville,613.0,56.0,91.6,8.4,12518
Tighes Hill,647.0,55.0,92.2,7.8,13863
Islington,822.0,96.0,89.5,10.5,11990
Ballina,3842.0,391.0,90.8,9.2,10162
West Ballina,1257.0,76.0,94.3,5.7,14240
East Ballina,2276.0,278.0,89.1,10.9,11345
Skennars Head,422.0,13.0,97.0,3.0,13554
Alstonville,2296.0,172.0,93.0,7.0,10046
Wollongbar,1045.0,59.0,94.7,5.3,14357
East Wardell,103.0,4.0,96.3,3.7,11365
Meerschaum Vale,129.0,6.0,95.6,4.4,12556
Dalwood (Ballina - NSW),80.0,6.0,93.0,7.0,11195
Marom Creek,42.0,8.0,84.0,16.0,12499
Rous,79.0,3.0,96.3,3.7,13427
Pimlico (NSW),105.0,10.0,91.3,8.7,13207
Coolgardie (NSW),38.0,0.0,100.0,0.0,11031
Keith Hall,52.0,0.0,100.0,0.0,12086
Uralba,86.0,7.0,92.5,7.5,14050
Tuckombil,90.0,10.0,90.0,10.0,13947
Fernleigh,86.0,13.0,86.9,13.1,11508
Tintenbar,255.0,12.0,95.5,4.5,13878
Cumbalum,479.0,21.0,95.8,4.2,11154
Brooklet,88.0,18.0,83.0,17.0,10598
Newrybar,161.0,20.0,89.0,11.0,12957
Alstonvale,150.0,5.0,96.8,3.2,10045
Teven,91.0,5.0,94.8,5.2,13807
Pearces Creek,62.0,8.0,88.6,11.4,13170
Lynwood (NSW),73.0,0.0,100.0,0.0,12427
Rous Mill,71.0,4.0,94.7,5.3,13428
Ewingsdale,257.0,52.0,83.2,16.8,11474
Eureka (NSW),114.0,16.0,87.7,12.3,11461
Coorabell,148.0,43.0,77.5,22.5,11051
Possum Creek,95.0,24.0,79.8,20.2,13252
Bangalow,704.0,89.0,88.8,11.2,10174
Coopers Shoot,90.0,13.0,87.4,12.6,11049
Skinners Shoot,36.0,15.0,70.6,29.4,13556
Talofa,37.0,17.0,68.5,31.5,13739
Nashua,93.0,9.0,91.2,8.8,12914
Federal (NSW),237.0,46.0,83.7,16.3,11499
Binna Burra (NSW),59.0,16.0,78.7,21.3,10371
Brunswick Heads,760.0,125.0,85.9,14.1,10621
Ocean Shores,2018.0,187.0,91.5,8.5,13070
Tyagarah,58.0,25.0,69.9,30.1,13993
New Brighton,126.0,55.0,69.6,30.4,12939
South Golden Beach,286.0,73.0,79.7,20.3,13581
Byron Bay,1841.0,613.0,75.0,25.0,10733
Suffolk Park,1297.0,198.0,86.8,13.2,13684
Broken Head,101.0,23.0,81.5,18.5,10591
Woodburn (Richmond Valley - NSW),267.0,27.0,90.8,9.2,14379
Broadwater (Richmond Valley - NSW),247.0,23.0,91.5,8.5,10580
Evans Head,1232.0,249.0,83.2,16.8,11469
Swan Bay (Richmond Valley - NSW),70.0,5.0,93.3,6.7,13705
Doonbah,97.0,3.0,97.0,3.0,11274
Lennox Head,2296.0,374.0,86.0,14.0,12303
Myocum,354.0,53.0,87.0,13.0,12877
Billinudgel,79.0,8.0,90.8,9.2,10355
Yelgun,34.0,4.0,89.5,10.5,14499
The Pocket,94.0,13.0,87.9,12.1,13834
Middle Pocket,47.0,5.0,90.4,9.6,12606
Main Arm,195.0,31.0,86.3,13.7,12445
Upper Main Arm,97.0,11.0,89.8,10.2,14035
Mullumbimby,1337.0,150.0,89.9,10.1,12828
Mullumbimby Creek,171.0,8.0,95.5,4.5,12829
Wilsons Creek,140.0,26.0,84.3,15.7,14310
Yorklea,131.0,3.0,97.8,2.2,14517
Casino,4221.0,315.0,93.1,6.9,10843
North Casino,295.0,16.0,94.9,5.1,12987
Fairy Hill,136.0,11.0,92.5,7.5,11483
Bonalbo,146.0,22.0,86.9,13.1,10463
Coraki,436.0,39.0,91.8,8.2,11063
Mallanganee,70.0,17.0,80.5,19.5,12457
Stratheden,74.0,3.0,96.1,3.9,13674
Spring Grove,145.0,6.0,96.0,4.0,13614
Greenridge,37.0,0.0,100.0,0.0,11768
McKees Hill,99.0,5.0,95.2,4.8,12543
Tatham,78.0,8.0,90.7,9.3,13773
West Coraki,36.0,0.0,100.0,0.0,14243
Ellangowan (NSW),109.0,5.0,95.6,4.4,11400
Rappville,58.0,9.0,86.6,13.4,13318
Goonellabah,4883.0,364.0,93.1,6.9,11711
Chilcotts Grass,77.0,6.0,92.8,7.2,10903
Eden Creek,68.0,5.0,93.2,6.8,11376
Wiangaree,48.0,9.0,84.2,15.8,14283
Doubtful Creek,54.0,11.0,83.1,16.9,11282
Kyogle,866.0,69.0,92.6,7.4,12229
Cedar Point,61.0,8.0,88.4,11.6,10871
Geneva,275.0,14.0,95.2,4.8,11599
Upper Horseshoe Creek,32.0,5.0,86.5,13.5,14028
Wadeville,71.0,28.0,71.7,28.3,14082
Fawcetts Plain,50.0,0.0,100.0,0.0,11498
Green Pigeon,54.0,14.0,79.4,20.6,11752
East Lismore,1866.0,154.0,92.4,7.6,11358
Lismore (NSW),1360.0,169.0,88.9,11.1,12344
Lismore Heights,890.0,84.0,91.4,8.6,12345
South Lismore,677.0,62.0,91.6,8.4,13589
Girards Hill,564.0,51.0,91.7,8.3,11631
North Lismore,295.0,21.0,93.4,6.6,12994
Loftville,134.0,0.0,100.0,0.0,12372
Modanville,202.0,15.0,93.1,6.9,12655
Clunes (NSW),310.0,30.0,91.2,8.8,10939
The Channon,133.0,16.0,89.3,10.7,13816
Koonorigan,119.0,6.0,95.2,4.8,12188
Rosebank,154.0,39.0,79.8,20.2,13401
Corndale (NSW),120.0,23.0,83.9,16.1,11076
Tregeagle,150.0,6.0,96.2,3.8,13933
Wyrallah,147.0,3.0,98.0,2.0,14449
South Gundurimba,116.0,0.0,100.0,0.0,13585
Caniaba,208.0,8.0,96.3,3.7,10790
Goolmangar,68.0,0.0,100.0,0.0,11708
Tullera,100.0,4.0,96.2,3.8,13956
Bexhill,167.0,13.0,92.8,7.2,10333
Richmond Hill (NSW),296.0,22.0,93.1,6.9,13361
McLeans Ridges,166.0,9.0,94.9,5.1,12545
Eltham (NSW),114.0,11.0,91.2,8.8,11409
Lindendale,77.0,4.0,95.1,4.9,12336
Nimbin,613.0,110.0,84.8,15.2,12965
Stony Chute,62.0,14.0,81.6,18.4,13667
Blue Knob,99.0,21.0,82.5,17.5,10416
Larnook,136.0,29.0,82.4,17.6,12279
Georgica,95.0,8.0,92.2,7.8,11604
Jiggi,131.0,15.0,89.7,10.3,12026
Rock Valley,92.0,8.0,92.0,8.0,13378
Dunoon,258.0,27.0,90.5,9.5,11325
Dorroughby,52.0,8.0,86.7,13.3,11280
Numulgi,69.0,4.0,94.5,5.5,13041
Fingal Head,180.0,65.0,73.5,26.5,11519
Casuarina (NSW),848.0,271.0,75.8,24.2,10851
Kingscliff,2827.0,513.0,84.6,15.4,12154
Chinderah,781.0,37.0,95.5,4.5,10905
Cudgen,285.0,20.0,93.4,6.6,11143
Murwillumbah,2657.0,202.0,92.9,7.1,12866
South Murwillumbah,398.0,33.0,92.3,7.7,13593
Bray Park (NSW),295.0,15.0,95.2,4.8,10552
Smiths Creek (Tweed - NSW),105.0,15.0,87.5,12.5,13562
Byrrill Creek,42.0,9.0,82.4,17.6,10734
Pumpenbil,76.0,11.0,87.4,12.6,13272
Tumbulgum,145.0,11.0,92.9,7.1,13964
Limpinwood,82.0,14.0,85.4,14.6,12333
Tyalgum,178.0,15.0,92.2,7.8,13994
Eungella (NSW),98.0,11.0,89.9,10.1,11460
Crystal Creek (NSW),89.0,12.0,88.1,11.9,11138
Chillingham,89.0,4.0,95.7,4.3,10904
Stokers Siding,227.0,20.0,91.9,8.1,13664
Upper Crystal Creek,81.0,5.0,94.2,5.8,14021
Nobbys Creek,99.0,15.0,86.8,13.2,12968
Fernvale (NSW),82.0,7.0,92.1,7.9,11511
Dulguigan,46.0,10.0,82.1,17.9,11302
Urliup,71.0,11.0,86.6,13.4,14060
Duranbah,73.0,4.0,94.8,5.2,11331
Farrants Hill,46.0,3.0,93.9,6.1,11493
Clothiers Creek,84.0,13.0,86.6,13.4,10936
Nunderi,224.0,18.0,92.6,7.4,13042
Uki,244.0,16.0,93.8,6.2,14000
Bogangar,1127.0,136.0,89.2,10.8,10439
Mooball,64.0,8.0,88.9,11.1,12687
Cabarita Beach,38.0,30.0,55.9,44.1,10737
Pottsville,2328.0,274.0,89.5,10.5,13257
Upper Burringbar,100.0,18.0,84.7,15.3,14015
Burringbar,292.0,32.0,90.1,9.9,10713
Hastings Point,325.0,62.0,84.0,16.0,11868
Cudgera Creek,108.0,9.0,92.3,7.7,11144
Tweed Heads,3657.0,730.0,83.4,16.6,13984
Tweed Heads West,2581.0,245.0,91.3,8.7,13986
Bilambil Heights,1191.0,88.0,93.1,6.9,10348
Cobaki,60.0,6.0,90.9,9.1,10947
Bilambil,140.0,10.0,93.3,6.7,10347
Glengarrie,52.0,106.0,32.9,67.1,11666
Banora Point,6381.0,510.0,92.6,7.4,10185
Terranora,902.0,53.0,94.5,5.5,13802
Tweed Heads South,3280.0,280.0,92.1,7.9,13985
Griffith (NSW),6164.0,665.0,90.3,9.7,11782
Yoogali,343.0,37.0,90.3,9.7,14516
Bilbul,176.0,17.0,91.2,8.8,10349
Yenda (NSW),539.0,59.0,90.1,9.9,14504
Beelbangera,133.0,9.0,93.7,6.3,10251
Hillston,519.0,105.0,83.2,16.8,11912
Rankins Springs,64.0,21.0,75.3,24.7,13316
Whitton,180.0,18.0,90.9,9.1,14280
Tharbogang,136.0,16.0,89.5,10.5,13811
Hanwood,403.0,68.0,85.6,14.4,11850
Coleambally,453.0,148.0,75.4,24.6,10964
Darlington Point,421.0,66.0,86.4,13.6,11215
Carrathool,75.0,28.0,72.8,27.2,10827
Goolgowi,157.0,38.0,80.5,19.5,11705
Merriwagga,50.0,12.0,80.6,19.4,12586
Lake Wyangan,274.0,19.0,93.5,6.5,12255
Murrami,75.0,17.0,81.5,18.5,12850
Stanbridge,59.0,13.0,81.9,18.1,13646
Leeton,3106.0,391.0,88.8,11.2,12293
Yanco,247.0,25.0,90.8,9.2,14460
Corbie Hill,76.0,22.0,77.6,22.4,11068
Merungle Hill,80.0,12.0,87.0,13.0,12590
Narrandera,1637.0,251.0,86.7,13.3,12906
Grong Grong,89.0,27.0,76.7,23.3,11784
Boree Creek,74.0,43.0,63.2,36.8,10512
Gillenbah,38.0,10.0,79.2,20.8,11622
Tumbarumba,719.0,122.0,85.5,14.5,13961
Khancoban,125.0,93.0,57.3,42.7,12111
Rosewood (Snowy Valleys - NSW),70.0,21.0,76.9,23.1,13415
Humula,57.0,11.0,83.8,16.2,11952
Tooma,37.0,10.0,78.7,21.3,13906
Tumut,2353.0,273.0,89.6,10.4,13966
Batlow,522.0,80.0,86.7,13.3,10232
Talbingo,92.0,164.0,35.9,64.1,13730
Bombowlee,96.0,13.0,88.1,11.9,10459
Mundongo,67.0,11.0,85.9,14.1,12840
Adelong,377.0,57.0,86.9,13.1,10018
Cootamundra,2725.0,356.0,88.4,11.6,11053
Stockinbingal,147.0,33.0,81.7,18.3,13660
Wallendbeen,99.0,38.0,72.3,27.7,14113
Gundagai,664.0,92.0,87.8,12.2,11803
South Gundagai,295.0,47.0,86.3,13.7,13584
Coolac,78.0,18.0,81.2,18.8,11022
Junee,1457.0,139.0,91.3,8.7,12046
Harefield,47.0,9.0,83.9,16.1,11853
Old Junee,93.0,11.0,89.4,10.6,13078
Illabo,50.0,16.0,75.8,24.2,11972
Temora,1872.0,253.0,88.1,11.9,13784
Lake Albert (NSW),2187.0,199.0,91.7,8.3,12238
East Wagga Wagga,86.0,21.0,80.4,19.6,11364
Kooringal (NSW),2836.0,327.0,89.7,10.3,12193
Gumly Gumly,99.0,6.0,94.3,5.7,11800
Tatton,805.0,69.0,92.1,7.9,13775
Estella,769.0,62.0,92.5,7.5,11444
Boorooma,266.0,19.0,93.3,6.7,10501
North Wagga Wagga,225.0,29.0,88.6,11.4,13014
Cartwrights Hill,61.0,4.0,93.8,6.2,10839
Springvale (Wagga Wagga - NSW),481.0,14.0,97.2,2.8,13628
Lloyd,283.0,20.0,93.4,6.6,12365
Bourkelands,982.0,64.0,93.9,6.1,10523
Glenfield Park,1938.0,145.0,93.0,7.0,11665
Tolland,1295.0,156.0,89.2,10.8,13887
Mount Austin,1539.0,168.0,90.2,9.8,12748
Turvey Park,1243.0,162.0,88.5,11.5,13983
San Isidore,116.0,9.0,92.8,7.2,13469
Ashmont,1424.0,180.0,88.8,11.2,10101
Wagga Wagga,3059.0,548.0,84.8,15.2,14083
Ladysmith,122.0,15.0,89.1,10.9,12233
The Rock,434.0,30.0,93.5,6.5,13838
Forest Hill (NSW),695.0,67.0,91.2,8.8,11544
Collingullie,71.0,6.0,92.2,7.8,10976
Lockhart,424.0,87.0,83.0,17.0,12369
Ganmain,275.0,26.0,91.4,8.6,11585
Uranquinty,320.0,16.0,95.2,4.8,14055
Oura,69.0,10.0,87.3,12.7,13102
Gobbagombalin,155.0,20.0,88.6,11.4,11689
Brucedale,57.0,6.0,90.5,9.5,10613
Euberta,42.0,13.0,76.4,23.6,11451
Marrar,122.0,8.0,93.8,6.2,12503
Coolamon,734.0,83.0,89.8,10.2,11025
Tarcutta,164.0,42.0,79.6,20.4,13763
Big Springs,42.0,12.0,77.8,22.2,10345
Mangoplah,77.0,16.0,82.8,17.2,12470
Berry,1024.0,151.0,87.1,12.9,10322
Kangaroo Valley,321.0,130.0,71.2,28.8,12061
Barrengarry,55.0,25.0,68.8,31.2,10213
Upper Kangaroo River,47.0,54.0,46.5,53.5,14030
Broughton Vale,67.0,26.0,72.0,28.0,10606
Bellawongarah,40.0,18.0,69.0,31.0,10267
Beaumont (NSW),44.0,11.0,80.0,20.0,10242
Far Meadow,70.0,16.0,81.4,18.6,11488
Coolangatta (NSW),99.0,20.0,83.2,16.8,11026
Jaspers Brush,133.0,28.0,82.6,17.4,12002
Shoalhaven Heads,1369.0,238.0,85.2,14.8,13540
Callala Bay,836.0,374.0,69.1,30.9,10757
Callala Beach,306.0,654.0,31.9,68.1,10758
Currarong,165.0,368.0,31.0,69.0,11176
Myola (NSW),45.0,34.0,57.0,43.0,12878
Orient Point,237.0,112.0,67.9,32.1,13096
Culburra Beach,1147.0,903.0,56.0,44.0,11146
Greenwell Point,530.0,168.0,75.9,24.1,11769
Huskisson,358.0,262.0,57.7,42.3,11966
Vincentia,1357.0,963.0,58.5,41.5,14075
Hyams Beach,48.0,192.0,20.0,80.0,11967
Bomaderry,2688.0,250.0,91.5,8.5,10453
North Nowra,2100.0,208.0,91.0,9.0,13000
Bangalee (NSW),235.0,22.0,91.4,8.6,10173
Meroo Meadow,157.0,24.0,86.7,13.3,12579
Cambewarra Village,378.0,30.0,92.6,7.4,10764
Tapitallee,204.0,16.0,92.7,7.3,13755
Worrigee,1643.0,152.0,91.5,8.5,14423
Nowra,3619.0,389.0,90.3,9.7,13028
Nowra Hill,350.0,28.0,92.6,7.4,13029
West Nowra,510.0,34.0,93.8,6.2,14248
Terara,110.0,14.0,88.7,11.3,13795
South Nowra,626.0,71.0,89.8,10.2,13594
St Georges Basin,1091.0,290.0,79.0,21.0,13636
Worrowing Heights,214.0,13.0,94.3,5.7,14424
Basin View,557.0,161.0,77.6,22.4,10223
Sanctuary Point,2902.0,1102.0,72.5,27.5,13472
Erowal Bay,243.0,182.0,57.2,42.8,11436
Wrights Beach,49.0,20.0,71.0,29.0,14428
Old Erowal Bay,391.0,111.0,77.9,22.1,13075
Sussex Inlet,1589.0,740.0,68.2,31.8,13700
Swanhaven,79.0,57.0,58.1,41.9,13709
Berrara,112.0,219.0,33.8,66.2,10313
Cudmirrah,118.0,111.0,51.5,48.5,11145
Falls Creek (NSW),299.0,34.0,89.8,10.2,11487
Tomerong,353.0,54.0,86.7,13.3,13894
Wandandian,98.0,4.0,96.1,3.9,14127
Woollamia,211.0,66.0,76.2,23.8,14405
Ulladulla,2731.0,488.0,84.8,15.2,14003
Kings Point,216.0,72.0,75.0,25.0,12153
Burrill Lake,589.0,236.0,71.4,28.6,10712
Dolphin Point,71.0,62.0,53.4,46.6,11269
Milton (NSW),577.0,79.0,88.0,12.0,12630
Mollymook Beach,1034.0,608.0,63.0,37.0,12670
Narrawallee,500.0,367.0,57.7,42.3,12909
Mollymook,424.0,290.0,59.4,40.6,12669
Manyana,230.0,400.0,36.5,63.5,12482
Conjola,49.0,22.0,69.0,31.0,11011
Fishermans Paradise,189.0,79.0,70.5,29.5,11523
Lake Tabourie,263.0,130.0,66.9,33.1,12254
Conjola Park,134.0,87.0,60.6,39.4,11012
Lake Conjola,196.0,182.0,51.9,48.1,12244
Morton,68.0,20.0,77.3,22.7,12730
Woodstock (Shoalhaven - NSW),72.0,17.0,80.9,19.1,14396
Bawley Point,286.0,397.0,41.9,58.1,10235
Kioloa,120.0,173.0,41.0,59.0,12165
Termeil,88.0,29.0,75.2,24.8,13797
Bowral,4096.0,563.0,87.9,12.1,10536
Burradoo,937.0,186.0,83.4,16.6,10701
Woodlands (Wingecarribee - NSW),91.0,29.0,75.8,24.2,14388
Balmoral (Wingecarribee - NSW),146.0,6.0,96.1,3.9,10167
Hill Top (Wingecarribee - NSW),865.0,95.0,90.1,9.9,11905
Colo Vale,523.0,45.0,92.1,7.9,10985
Aylmerton,70.0,12.0,85.4,14.6,10119
Mittagong,2207.0,262.0,89.4,10.6,12653
Willow Vale (Wingecarribee - NSW),240.0,20.0,92.3,7.7,14307
Renwick,200.0,17.0,92.2,7.8,13350
Balaclava (NSW),163.0,13.0,92.6,7.4,10143
Welby,270.0,13.0,95.4,4.6,14219
Braemar,156.0,16.0,90.7,9.3,10545
Moss Vale,3182.0,353.0,90.0,10.0,12739
Sutton Forest,168.0,63.0,72.7,27.3,13703
Berrima,241.0,77.0,75.8,24.2,10320
New Berrima,222.0,9.0,96.1,3.9,12938
Robertson (NSW),661.0,157.0,80.8,19.2,13374
Wildes Meadow,96.0,45.0,68.1,31.9,14292
Burrawang,141.0,47.0,75.0,25.0,10708
Avoca (NSW),73.0,23.0,76.0,24.0,10113
Fitzroy Falls,74.0,23.0,76.3,23.7,11529
Bundanoon (NSW),1101.0,221.0,83.3,16.7,10670
Wingello,212.0,44.0,82.8,17.2,14330
Exeter (NSW),386.0,98.0,79.8,20.2,11475
High Range,130.0,39.0,76.9,23.1,11900
Joadja,39.0,28.0,58.2,41.8,12035
Canyonleigh,142.0,53.0,72.8,27.2,10799
Penrose,98.0,28.0,77.8,22.2,13185
Baulkham Hills,12047.0,616.0,95.1,4.9,10233
Bella Vista,2176.0,96.0,95.8,4.2,10263
Glenhaven,2128.0,139.0,93.9,6.1,11667
Castle Hill (NSW),12633.0,754.0,94.4,5.6,10847
West Pennant Hills,5061.0,273.0,94.9,5.1,14249
Cherrybrook,5793.0,243.0,96.0,4.0,10898
Kellyville,8033.0,478.0,94.4,5.6,12088
Kenthurst,1440.0,98.0,93.6,6.4,12100
Glenorie,1008.0,50.0,95.3,4.7,11673
Maroota,183.0,17.0,91.5,8.5,12500
Cattai,235.0,13.0,94.8,5.2,10859
South Maroota,157.0,6.0,96.3,3.7,13592
Dural (Hornsby - NSW),2336.0,175.0,93.0,7.0,11328
Lower Portland,176.0,30.0,85.4,14.6,12412
Middle Dural,284.0,20.0,93.4,6.6,12603
Annangrove,374.0,27.0,93.3,6.7,10062
Galston,1024.0,72.0,93.4,6.6,11582
Arcadia (NSW),413.0,19.0,95.6,4.4,10072
Berowra Waters,31.0,0.0,100.0,0.0,10311
Berrilee,67.0,7.0,90.5,9.5,10319
Bilpin,215.0,48.0,81.7,18.3,10358
Colo Heights,93.0,14.0,86.9,13.1,10984
Cumberland Reach,56.0,14.0,80.0,20.0,11156
St Albans (NSW),56.0,39.0,58.9,41.1,13630
Bowen Mountain,509.0,32.0,94.1,5.9,10528
Grose Vale,372.0,18.0,95.4,4.6,11785
Grose Wold,184.0,14.0,92.9,7.1,11786
Kurrajong,971.0,77.0,92.7,7.3,12218
Kurrajong Hills,207.0,15.0,93.2,6.8,12220
Kurrajong Heights,443.0,43.0,91.2,8.8,12219
Kurmond,276.0,17.0,94.2,5.8,12215
East Kurrajong,609.0,25.0,96.1,3.9,11356
Wilberforce (NSW),951.0,45.0,95.5,4.5,14288
Freemans Reach,623.0,35.0,94.7,5.3,11564
Sackville,92.0,10.0,90.2,9.8,13458
Ebenezer (NSW),288.0,28.0,91.1,8.9,11371
Glossodia,873.0,49.0,94.7,5.3,11684
Blaxlands Ridge,137.0,4.0,97.2,2.8,10409
Tennyson (NSW),123.0,5.0,96.1,3.9,13789
Vineyard,403.0,27.0,93.7,6.3,14076
McGraths Hill,838.0,45.0,94.9,5.1,12542
Maraylya,352.0,35.0,91.0,9.0,12484
Oakville,585.0,40.0,93.6,6.4,13060
Pitt Town,910.0,36.0,96.2,3.8,13226
Pitt Town Bottoms,21.0,7.0,75.0,25.0,13227
Rouse Hill,2294.0,151.0,93.8,6.2,13429
Beaumont Hills,2468.0,101.0,96.1,3.9,10243
Nelson (The Hills Shire - NSW),141.0,11.0,92.8,7.2,12922
Box Hill (NSW),267.0,31.0,89.6,10.4,10539
Blacktown,14909.0,825.0,94.8,5.2,10397
Kings Park (NSW),1158.0,73.0,94.1,5.9,12150
Acacia Gardens,1112.0,15.0,98.7,1.3,10014
Quakers Hill,8190.0,321.0,96.2,3.8,13286
Marayong,2537.0,150.0,94.4,5.6,12485
Woodcroft (NSW),1828.0,67.0,96.5,3.5,14381
Bungarribee,687.0,19.0,97.3,2.7,10682
Doonside,4154.0,237.0,94.6,5.4,11275
Seven Hills (NSW),6335.0,360.0,94.6,5.4,13518
Lalor Park,2750.0,168.0,94.2,5.8,12261
Kings Langley,3027.0,119.0,96.2,3.8,12149
Toongabbie (NSW),4544.0,258.0,94.6,5.4,13907
Prospect (NSW),1455.0,47.0,96.9,3.1,13266
Glenwood (NSW),4417.0,138.0,97.0,3.0,11682
Parklea,656.0,20.0,97.0,3.0,13153
Stanhope Gardens,2794.0,95.0,96.7,3.3,13649
Kellyville Ridge,2877.0,89.0,97.0,3.0,12089
The Ponds,3262.0,110.0,96.7,3.3,13835
Riverstone,2305.0,206.0,91.8,8.2,13368
Schofields,1532.0,135.0,91.9,8.1,13502
Marsden Park,348.0,81.0,81.1,18.9,12505
Colebee,529.0,103.0,83.7,16.3,10965
Bidwill (NSW),1278.0,65.0,95.2,4.8,10340
Hebersham,1625.0,82.0,95.2,4.8,11886
Dharruk,826.0,37.0,95.7,4.3,11248
Blackett,1031.0,86.0,92.3,7.7,10392
Emerton,698.0,41.0,94.5,5.5,11413
Glendenning,1429.0,51.0,96.6,3.4,11659
Dean Park,945.0,27.0,97.2,2.8,11224
Plumpton (NSW),2454.0,44.0,98.2,1.8,13230
Oakhurst (NSW),1906.0,64.0,96.8,3.2,13058
Hassall Grove,1221.0,20.0,98.4,1.6,11866
Shalvey,1009.0,58.0,94.6,5.4,13523
Willmot,723.0,48.0,93.8,6.2,14302
Tregear,1183.0,82.0,93.5,6.5,13934
Lethbridge Park,1513.0,105.0,93.5,6.5,12307
Ropes Crossing,1833.0,57.0,97.0,3.0,13397
Mount Druitt,4934.0,313.0,94.0,6.0,12756
Whalan,1857.0,105.0,94.6,5.4,14266
Eastern Creek,241.0,24.0,90.9,9.1,11366
Minchinbury,1601.0,65.0,96.1,3.9,12633
Rooty Hill,4062.0,222.0,94.8,5.2,13395
Botany,3651.0,254.0,93.5,6.5,10517
Mascot,5202.0,489.0,91.4,8.6,12519
Eastlakes,2592.0,182.0,93.4,6.6,11368
Rosebery (NSW),3723.0,402.0,90.3,9.7,13405
Pagewood,1250.0,69.0,94.8,5.2,13125
Daceyville,535.0,25.0,95.5,4.5,11185
Hillsdale,1956.0,98.0,95.2,4.8,11911
Eastgardens,301.0,12.0,96.2,3.8,11367
Matraville,3321.0,182.0,94.8,5.2,12524
Marrickville,9759.0,828.0,92.2,7.8,12504
Petersham,3140.0,257.0,92.4,7.6,13190
Dulwich Hill,5467.0,409.0,93.0,7.0,11303
Newtown (NSW),6104.0,775.0,88.7,11.3,12960
Lewisham (NSW),1213.0,131.0,90.3,9.7,12313
Stanmore (NSW),3036.0,211.0,93.5,6.5,13650
Camperdown (NSW),4459.0,464.0,90.6,9.4,10781
Enmore (Inner West - NSW),1548.0,132.0,92.1,7.9,11425
St Peters (NSW),1211.0,157.0,88.5,11.5,13644
Sydenham (NSW),419.0,17.0,96.1,3.9,13714
Tempe,1224.0,80.0,93.9,6.1,13785
Darlinghurst,5036.0,780.0,86.6,13.4,11212
Erskineville,3442.0,309.0,91.8,8.2,11439
Alexandria,3596.0,354.0,91.0,9.0,10030
Glebe (NSW),4768.0,538.0,89.9,10.1,11641
Forest Lodge,1879.0,287.0,86.7,13.3,11546
Annandale (NSW),3588.0,427.0,89.4,10.6,10061
Darlington (Sydney - NSW),1173.0,82.0,93.5,6.5,11214
Potts Point,3613.0,701.0,83.8,16.2,13256
Elizabeth Bay,2851.0,586.0,83.0,17.0,11395
Sydney,6028.0,1341.0,81.8,18.2,13715
Woolloomooloo,1881.0,278.0,87.1,12.9,14406
Rushcutters Bay,1285.0,201.0,86.5,13.5,13444
Pyrmont,5370.0,524.0,91.1,8.9,13284
Ultimo,2852.0,240.0,92.2,7.8,14006
Redfern,5777.0,642.0,90.0,10.0,13339
Eveleigh,249.0,14.0,94.7,5.3,11471
Chippendale,3362.0,306.0,91.7,8.3,10907
Surry Hills,7182.0,979.0,88.0,12.0,13699
Haymarket,1956.0,170.0,92.0,8.0,11877
Dawes Point,158.0,42.0,79.0,21.0,11222
Millers Point,664.0,529.0,55.7,44.3,12619
Barangaroo,52.0,38.0,57.8,42.2,10191
Balmain East,791.0,116.0,87.2,12.8,10165
The Rocks (Sydney - NSW),250.0,224.0,52.7,47.3,13840
Waterloo (NSW),6480.0,628.0,91.2,8.8,14183
Zetland,4203.0,457.0,90.2,9.8,14524
Beaconsfield (NSW),395.0,34.0,92.1,7.9,10239
Bronte,2438.0,348.0,87.5,12.5,10594
Tamarama,587.0,90.0,86.7,13.3,13741
Bondi,3991.0,430.0,90.3,9.7,10464
Bondi Beach,4741.0,917.0,83.8,16.2,10465
North Bondi,3264.0,402.0,89.0,11.0,12984
Waverley (NSW),1490.0,154.0,90.6,9.4,14200
Bondi Junction,3612.0,438.0,89.2,10.8,10467
Queens Park (NSW),1081.0,93.0,92.1,7.9,13294
Centennial Park (NSW),1089.0,83.0,92.9,7.1,10873
Darling Point,1861.0,370.0,83.4,16.6,11211
Edgecliff,1135.0,113.0,90.9,9.1,11379
Double Bay,1989.0,287.0,87.4,12.6,11281
Bellevue Hill,3878.0,419.0,90.2,9.8,10271
Rose Bay (NSW),3861.0,440.0,89.8,10.2,13398
Paddington (NSW),5285.0,681.0,88.6,11.4,13115
Point Piper,542.0,126.0,81.1,18.9,13233
Vaucluse,3131.0,423.0,88.1,11.9,14071
Dover Heights,1260.0,96.0,92.9,7.1,11284
Watsons Bay,265.0,36.0,88.0,12.0,14187
Woollahra,2914.0,354.0,89.2,10.8,14404
Clovelly,1789.0,202.0,89.9,10.1,10938
South Coogee,2063.0,180.0,92.0,8.0,13579
Coogee (NSW),6032.0,640.0,90.4,9.6,11015
La Perouse,137.0,12.0,91.9,8.1,12230
Little Bay,1574.0,124.0,92.7,7.3,12349
Malabar,1305.0,81.0,94.2,5.8,12453
Chifley (NSW),1066.0,94.0,91.9,8.1,10901
Phillip Bay,215.0,15.0,93.5,6.5,13193
Kensington (NSW),4627.0,330.0,93.3,6.7,12099
Kingsford (NSW),5404.0,308.0,94.6,5.4,12156
Maroubra,11355.0,1143.0,90.9,9.1,12501
Randwick,11476.0,1098.0,91.3,8.7,13312
Georges Hall,2629.0,144.0,94.8,5.2,11601
Bass Hill,2673.0,236.0,91.9,8.1,10224
Yagoona,5240.0,408.0,92.8,7.2,14453
Villawood,1766.0,121.0,93.6,6.4,14074
Greenacre,6764.0,484.0,93.3,6.7,11757
Potts Hill,247.0,16.0,93.9,6.1,13255
Milperra,1265.0,53.0,96.0,4.0,12625
Revesby,4611.0,315.0,93.6,6.4,13355
Condell Park,3225.0,263.0,92.5,7.5,11001
Bankstown,9588.0,751.0,92.7,7.3,10180
Mount Lewis,346.0,22.0,94.0,6.0,12774
Punchbowl (Canterbury-Bankstown - NSW),5699.0,403.0,93.4,6.6,13273
Padstow,4471.0,309.0,93.5,6.5,13120
Padstow Heights,1227.0,100.0,92.5,7.5,13121
Panania,4130.0,245.0,94.4,5.6,13144
East Hills,1129.0,99.0,91.9,8.1,11351
Picnic Point,1978.0,107.0,94.9,5.1,13199
Revesby Heights,519.0,49.0,91.4,8.6,13356
Birrong,907.0,50.0,94.8,5.2,10379
Belmore,4258.0,369.0,92.0,8.0,10279
Belfield,2079.0,124.0,94.4,5.6,10257
Campsie,7961.0,501.0,94.1,5.9,10782
Canterbury (NSW),2579.0,246.0,91.3,8.7,10797
Clemton Park,510.0,22.0,95.9,4.1,10928
Earlwood,5747.0,461.0,92.6,7.4,11343
Kingsgrove,4142.0,290.0,93.5,6.5,12158
Riverwood,4381.0,266.0,94.3,5.7,13371
Roselands,3603.0,284.0,92.7,7.3,13409
Beverly Hills,3328.0,234.0,93.4,6.6,10331
Narwee,1920.0,125.0,93.9,6.1,12912
Lakemba,4895.0,325.0,93.8,6.2,12257
Wiley Park,3079.0,161.0,95.0,5.0,14293
Hurstville,9520.0,627.0,93.8,6.2,11964
Carlton (NSW),3602.0,242.0,93.7,6.3,10819
Penshurst (NSW),4380.0,228.0,95.1,4.9,13186
Oatley,3569.0,295.0,92.4,7.6,13064
Mortdale,3749.0,274.0,93.2,6.8,12728
Peakhurst,3447.0,256.0,93.1,6.9,13168
Hurstville Grove,829.0,53.0,94.0,6.0,11965
Lugarno,1845.0,107.0,94.5,5.5,12421
Peakhurst Heights,814.0,46.0,94.7,5.3,13169
South Hurstville,1634.0,118.0,93.3,6.7,13587
Blakehurst,1901.0,155.0,92.5,7.5,10403
Kyle Bay,313.0,28.0,91.8,8.2,12227
Connells Point,901.0,51.0,94.6,5.4,11013
Carss Park,430.0,33.0,92.9,7.1,10837
Arncliffe,3443.0,289.0,92.3,7.7,10086
Wolli Creek,2481.0,216.0,92.0,8.0,14353
Turrella,769.0,57.0,93.1,6.9,13982
Bardwell Valley,772.0,55.0,93.3,6.7,10196
Bardwell Park,768.0,50.0,93.9,6.1,10195
Bexley,6045.0,418.0,93.5,6.5,10334
Kogarah,5283.0,330.0,94.1,5.9,12181
Bexley North,1396.0,105.0,93.0,7.0,10335
Allawah,2027.0,123.0,94.3,5.7,10038
Beverley Park,812.0,74.0,91.6,8.4,10330
Kogarah Bay,622.0,66.0,90.4,9.6,12182
Kyeemagh,317.0,20.0,94.1,5.9,12226
Brighton-le-Sands,3283.0,372.0,89.8,10.2,10569
Rockdale,5218.0,368.0,93.4,6.6,13379
Monterey,1684.0,196.0,89.6,10.4,12686
Banksia,1057.0,68.0,94.0,6.0,10178
Sandringham (NSW),463.0,53.0,89.7,10.3,13478
Dolls Point,747.0,75.0,90.9,9.1,11267
Sans Souci,3934.0,360.0,91.6,8.4,13489
Ramsgate,388.0,41.0,90.4,9.6,13309
Ramsgate Beach,712.0,70.0,91.0,9.0,13310
Concord,4795.0,313.0,93.9,6.1,10999
Breakfast Point,1748.0,225.0,88.6,11.4,10557
Cabarita (NSW),697.0,72.0,90.6,9.4,10736
Mortlake (NSW),398.0,50.0,88.8,11.2,12729
North Strathfield,1612.0,95.0,94.4,5.6,13009
Concord West,1901.0,125.0,93.8,6.2,11000
Sydney Olympic Park,644.0,56.0,92.0,8.0,13716
Liberty Grove,720.0,25.0,96.6,3.4,12315
Rhodes,4708.0,348.0,93.1,6.9,13358
Drummoyne,4623.0,487.0,90.5,9.5,11293
Russell Lea,1791.0,134.0,93.0,7.0,13447
Rodd Point,477.0,33.0,93.5,6.5,13391
Abbotsford (NSW),2157.0,188.0,92.0,8.0,10003
Chiswick,1211.0,121.0,90.9,9.1,10910
Five Dock,3391.0,319.0,91.4,8.6,11530
Canada Bay,443.0,39.0,91.9,8.1,10785
Wareemba,578.0,50.0,92.0,8.0,14148
Balmain,4196.0,397.0,91.4,8.6,10164
Birchgrove,1260.0,150.0,89.4,10.6,10374
Woolwich,291.0,23.0,92.7,7.3,14412
Leichhardt (NSW),5425.0,426.0,92.7,7.3,12297
Lilyfield,2817.0,230.0,92.5,7.5,12325
Rozelle,3447.0,374.0,90.2,9.8,13435
Ashfield (NSW),8540.0,625.0,93.2,6.8,10098
Summer Hill (Inner West - NSW),2881.0,264.0,91.6,8.4,13687
Hurlstone Park,1702.0,128.0,93.0,7.0,11963
Ashbury,1062.0,81.0,92.9,7.1,10093
Burwood (NSW),5289.0,425.0,92.6,7.4,10718
Croydon (NSW),3468.0,202.0,94.5,5.5,11134
Strathfield (NSW),8035.0,556.0,93.5,6.5,13675
Croydon Park (NSW),3859.0,275.0,93.3,6.7,11135
Enfield (NSW),987.0,72.0,93.2,6.8,11421
Burwood Heights,291.0,19.0,93.9,6.1,10719
Haberfield,2173.0,146.0,93.7,6.3,11828
Homebush West,2711.0,150.0,94.8,5.2,11930
Homebush (NSW),2254.0,242.0,90.3,9.7,11929
Strathfield South,1158.0,59.0,95.2,4.8,13676
Chatswood,8894.0,972.0,90.1,9.9,10892
North Willoughby,1481.0,103.0,93.5,6.5,13016
Willoughby (NSW),2237.0,145.0,93.9,6.1,14303
Artarmon,3590.0,253.0,93.4,6.6,10090
Roseville,3222.0,255.0,92.7,7.3,13412
Lane Cove North,4564.0,399.0,92.0,8.0,12267
Chatswood West,485.0,51.0,90.5,9.5,10893
Lane Cove West,938.0,223.0,80.8,19.2,12268
Lane Cove,4275.0,387.0,91.7,8.3,12266
Riverview (NSW),936.0,55.0,94.5,5.5,13370
Greenwich,2078.0,195.0,91.4,8.6,11770
Northwood (NSW),283.0,28.0,91.0,9.0,13024
Longueville,653.0,50.0,92.9,7.1,12385
St Leonards (NSW),2518.0,313.0,88.9,11.1,13642
Naremburn,2225.0,213.0,91.3,8.7,12898
Cammeray,2993.0,270.0,91.7,8.3,10778
Castle Cove,833.0,76.0,91.6,8.4,10845
Castlecrag,919.0,91.0,91.0,9.0,10849
Northbridge (NSW),2028.0,168.0,92.3,7.7,13022
Middle Cove,427.0,23.0,94.9,5.1,12602
Willoughby East,553.0,25.0,95.7,4.3,14304
Hornsby Heights,2013.0,88.0,95.8,4.2,11937
Mount Colah,2258.0,126.0,94.7,5.3,12750
Asquith,1091.0,160.0,87.2,12.8,10103
Hornsby,8162.0,568.0,93.5,6.5,11936
Mount Kuring-Gai,551.0,32.0,94.5,5.5,12772
Cowan,210.0,5.0,97.7,2.3,11097
Berowra,1493.0,73.0,95.3,4.7,10308
Brooklyn (NSW),266.0,52.0,83.6,16.4,10599
Berowra Heights,1709.0,81.0,95.5,4.5,10310
Dangar Island,117.0,61.0,65.7,34.3,11199
Normanhurst,1717.0,91.0,95.0,5.0,12976
Thornleigh,2693.0,154.0,94.6,5.4,13850
Westleigh,1454.0,71.0,95.3,4.7,14260
Wahroonga,5454.0,396.0,93.2,6.8,14085
East Killara,886.0,73.0,92.4,7.6,11355
Killara (NSW),3490.0,274.0,92.7,7.3,12129
Lindfield,3333.0,285.0,92.1,7.9,12339
Gordon (NSW),2552.0,178.0,93.5,6.5,11718
East Lindfield,1164.0,66.0,94.6,5.4,11357
Roseville Chase,504.0,41.0,92.5,7.5,13413
Pymble,3460.0,254.0,93.2,6.8,13281
West Pymble,1644.0,106.0,93.9,6.1,14250
St Ives (NSW),5832.0,413.0,93.4,6.6,13639
St Ives Chase,970.0,49.0,95.2,4.8,13640
Turramurra,4030.0,298.0,93.1,6.9,13980
South Turramurra,969.0,39.0,96.1,3.9,13598
North Turramurra,1464.0,123.0,92.2,7.8,13013
Warrawee,972.0,60.0,94.2,5.8,14165
North Wahroonga,650.0,43.0,93.8,6.2,13015
Cremorne Point,1046.0,152.0,87.3,12.7,11113
Cremorne (NSW),4882.0,416.0,92.1,7.9,11112
Neutral Bay,4622.0,542.0,89.5,10.5,12934
Crows Nest (NSW),2086.0,234.0,89.9,10.1,11131
Wollstonecraft,3710.0,342.0,91.6,8.4,14359
Waverton,1342.0,138.0,90.7,9.3,14202
North Sydney,3360.0,644.0,83.9,16.1,13010
Mosman,11023.0,1372.0,88.9,11.1,12738
Kirribilli,1890.0,382.0,83.2,16.8,12173
Kurraba Point,682.0,128.0,84.2,15.8,12217
Milsons Point,1030.0,225.0,82.1,17.9,12629
McMahons Point,1057.0,234.0,81.9,18.1,12547
Lavender Bay,450.0,80.0,84.9,15.1,12285
Seaforth (NSW),2188.0,189.0,92.0,8.0,13509
Balgowlah Heights,1020.0,71.0,93.5,6.5,10154
Clontarf (NSW),526.0,60.0,89.8,10.2,10935
Balgowlah,3007.0,273.0,91.7,8.3,10153
Manly (NSW),6522.0,1314.0,83.2,16.8,12475
Fairlight,2303.0,286.0,89.0,11.0,11482
Avalon Beach,3297.0,419.0,88.7,11.3,10111
Palm Beach (NSW),598.0,544.0,52.4,47.6,13132
Whale Beach,97.0,129.0,42.9,57.1,14267
Clareville,279.0,82.0,77.3,22.7,10923
Scotland Island,209.0,142.0,59.5,40.5,13505
Elanora Heights,1326.0,74.0,94.7,5.3,11389
Ingleside,282.0,21.0,93.1,6.9,11979
Bayview (NSW),1442.0,156.0,90.2,9.8,10237
Church Point,356.0,61.0,85.4,14.6,10915
Lovett Bay,32.0,27.0,54.2,45.8,12397
Mona Vale,3749.0,414.0,90.1,9.9,12672
Newport (NSW),3336.0,438.0,88.4,11.6,12956
Bilgola Plateau,1150.0,90.0,92.7,7.3,10351
Bilgola Beach,92.0,31.0,74.8,25.2,10350
Warriewood,2407.0,147.0,94.2,5.8,14173
North Narrabeen,1840.0,128.0,93.5,6.5,12999
Beacon Hill,2224.0,110.0,95.3,4.7,10238
Narraweena,2205.0,152.0,93.6,6.4,12910
Cromer (NSW),2517.0,172.0,93.6,6.4,11118
Dee Why,8662.0,785.0,91.7,8.3,11227
North Curl Curl,1187.0,96.0,92.5,7.5,12988
Forestville (NSW),2753.0,182.0,93.8,6.2,11548
Killarney Heights,1376.0,56.0,96.1,3.9,12130
Frenchs Forest,4145.0,192.0,95.6,4.4,11568
Belrose,2854.0,151.0,95.0,5.0,10283
Davidson,896.0,33.0,96.4,3.6,11219
Curl Curl,742.0,58.0,92.8,7.2,11167
Freshwater (NSW),3248.0,315.0,91.2,8.8,11569
Manly Vale,2304.0,171.0,93.1,6.9,12476
North Manly,945.0,50.0,95.0,5.0,12997
Queenscliff (NSW),1427.0,167.0,89.5,10.5,13296
Brookvale,1282.0,100.0,92.8,7.2,10601
Allambie Heights,2235.0,176.0,92.7,7.3,10036
North Balgowlah,1102.0,74.0,93.7,6.3,12981
Narrabeen,3496.0,337.0,91.2,8.8,12902
Collaroy (NSW),2832.0,265.0,91.4,8.6,10970
Collaroy Plateau,1369.0,72.0,95.0,5.0,10971
Wheeler Heights,892.0,31.0,96.6,3.4,14268
Terrey Hills,890.0,55.0,94.2,5.8,13804
Duffys Forest,134.0,10.0,93.1,6.9,11301
Ellis Lane,262.0,15.0,94.6,5.4,11405
Grasmere,612.0,55.0,91.8,8.2,11739
Camden,1226.0,98.0,92.6,7.4,10770
Camden Park (NSW),629.0,13.0,98.0,2.0,10772
Cawdor (NSW),133.0,7.0,95.0,5.0,10863
Camden South,1587.0,75.0,95.5,4.5,10773
Harrington Park,2988.0,112.0,96.4,3.6,11859
Elderslie (Camden - NSW),1936.0,109.0,94.7,5.3,11391
Narellan,1266.0,53.0,96.0,4.0,12896
Kirkham,187.0,5.0,97.4,2.6,12171
Mount Annan,3473.0,118.0,96.7,3.3,12745
Currans Hill,1662.0,90.0,94.9,5.1,11175
Gregory Hills,1458.0,49.0,96.7,3.3,11774
Narellan Vale,2196.0,68.0,97.0,3.0,12897
Spring Farm (NSW),1410.0,89.0,94.1,5.9,13612
Airds,932.0,56.0,94.3,5.7,10022
Bradbury (NSW),2975.0,186.0,94.1,5.9,10543
St Helens Park,2045.0,66.0,96.9,3.1,13637
Wedderburn (NSW),169.0,8.0,95.5,4.5,14209
Woodbine (NSW),832.0,33.0,96.2,3.8,14378
Campbelltown (NSW),4685.0,434.0,91.5,8.5,10780
Leumeah,3439.0,208.0,94.3,5.7,12308
Blair Athol (NSW),767.0,27.0,96.6,3.4,10400
Raby,1876.0,82.0,95.8,4.2,13303
Eagle Vale,1769.0,77.0,95.8,4.2,11341
Eschol Park,861.0,40.0,95.6,4.4,11441
Blairmount,120.0,5.0,96.0,4.0,10401
Kearns,841.0,29.0,96.7,3.3,12079
Claymore,605.0,71.0,89.5,10.5,10924
Holsworthy,1418.0,63.0,95.7,4.3,11926
Ingleburn,4993.0,285.0,94.6,5.4,11978
Macquarie Links,381.0,20.0,95.0,5.0,12435
Denham Court,565.0,51.0,91.7,8.3,11235
Bardia,466.0,18.0,96.3,3.7,10194
Edmondson Park,582.0,50.0,92.1,7.9,11383
Ruse,1866.0,105.0,94.7,5.3,13443
Kentlyn,207.0,10.0,95.4,4.6,12101
Minto Heights,93.0,8.0,92.1,7.9,12643
Macquarie Fields,4400.0,232.0,95.0,5.0,12433
Glenfield (NSW),2903.0,178.0,94.2,5.8,11664
St Andrews (NSW),1771.0,70.0,96.2,3.8,13631
Bow Bowing,492.0,17.0,96.7,3.3,10526
Minto,3825.0,206.0,94.9,5.1,12642
Rosemeadow,2407.0,133.0,94.8,5.2,13410
Ambarvale,2302.0,100.0,95.8,4.2,10049
Menangle Park,78.0,4.0,95.1,4.9,12569
Gilead,133.0,3.0,97.8,2.2,11617
Glen Alpine,1309.0,44.0,96.7,3.3,11645
Englorie Park,137.0,10.0,93.2,6.8,11423
Yanderra,197.0,19.0,91.2,8.8,14461
Douglas Park,424.0,20.0,95.5,4.5,11283
Razorback,303.0,24.0,92.7,7.3,13328
Appin (NSW),784.0,44.0,94.7,5.3,10063
Menangle,361.0,15.0,96.0,4.0,12568
Picton (NSW),1593.0,127.0,92.6,7.4,13200
Tahmoor,1715.0,118.0,93.6,6.4,13727
Buxton (NSW),618.0,37.0,94.4,5.6,10726
Thirlmere,1312.0,73.0,94.7,5.3,13847
Lakesland,133.0,11.0,92.4,7.6,12258
The Oaks,792.0,44.0,94.7,5.3,13831
Werombi,260.0,17.0,93.9,6.1,14232
Orangeville,353.0,26.0,93.1,6.9,13094
Belimbla Park,161.0,17.0,90.4,9.6,10261
Mount Hunter,201.0,16.0,92.6,7.4,12765
Theresa Park,152.0,8.0,95.0,5.0,13845
Silverdale (NSW),1044.0,56.0,94.9,5.1,13544
Oakdale (NSW),579.0,58.0,90.9,9.1,13054
Blackheath,1907.0,728.0,72.4,27.6,10393
Mount Victoria,387.0,158.0,71.0,29.0,12797
Glenbrook,1716.0,109.0,94.0,6.0,11656
Blaxland (NSW),2580.0,174.0,93.7,6.3,10407
Warrimoo,826.0,43.0,95.1,4.9,14174
Lapstone,319.0,16.0,95.2,4.8,12276
Mount Riverview,1032.0,57.0,94.8,5.2,12788
Yarramundi,226.0,14.0,94.2,5.8,14477
Katoomba,3397.0,879.0,79.4,20.6,12077
Leura,1814.0,551.0,76.7,23.3,12309
Medlow Bath,250.0,65.0,79.4,20.6,12553
Linden (NSW),176.0,9.0,95.1,4.9,12335
Woodford (NSW),710.0,67.0,91.4,8.6,14383
Hazelbrook,1819.0,164.0,91.7,8.3,11881
Lawson (NSW),1007.0,112.0,90.0,10.0,12289
Bullaburra,466.0,51.0,90.1,9.9,10656
Faulconbridge,1424.0,99.0,93.5,6.5,11496
Winmalee,2128.0,129.0,94.3,5.7,14334
Hawkesbury Heights,150.0,0.0,100.0,0.0,11872
Yellow Rock (Blue Mountains - NSW),309.0,22.0,93.4,6.6,14502
Springwood (NSW),3157.0,205.0,93.9,6.1,13629
Valley Heights,417.0,18.0,95.9,4.1,14069
Wentworth Falls,2412.0,426.0,85.0,15.0,14226
Werrington Downs,1046.0,49.0,95.5,4.5,14237
Cambridge Park,2299.0,130.0,94.6,5.4,10768
Werrington County,1191.0,48.0,96.1,3.9,14236
Cambridge Gardens,670.0,34.0,95.2,4.8,10767
Cranebrook,4928.0,211.0,95.9,4.1,11105
Llandilo,419.0,28.0,93.7,6.3,12363
Castlereagh,323.0,6.0,98.2,1.8,10850
Penrith,5355.0,504.0,91.4,8.6,13184
Jordan Springs,1587.0,182.0,89.7,10.3,12042
Emu Plains,2904.0,148.0,95.2,4.8,11418
Leonay,819.0,44.0,94.9,5.1,12304
Emu Heights (NSW),1057.0,44.0,96.0,4.0,11417
Glenmore Park,6942.0,319.0,95.6,4.4,11670
Regentville,265.0,9.0,96.7,3.3,13346
Jamisontown,2087.0,136.0,93.9,6.1,12000
South Penrith,4071.0,200.0,95.3,4.7,13596
Kingswood (Penrith - NSW),3411.0,332.0,91.1,8.9,12163
Caddens,349.0,19.0,94.8,5.2,10743
Werrington,1535.0,105.0,93.6,6.4,14235
Claremont Meadows,1433.0,59.0,96.0,4.0,10918
Wallacia,519.0,28.0,94.9,5.1,14101
Mulgoa,538.0,48.0,91.8,8.2,12814
Luddenham,470.0,46.0,91.1,8.9,12419
Badgerys Creek,68.0,9.0,88.3,11.7,10132
Orchard Hills,533.0,32.0,94.3,5.7,13095
Warragamba,456.0,28.0,94.2,5.8,14158
Richmond (NSW),2069.0,181.0,92.0,8.0,13360
North Richmond,1742.0,121.0,93.5,6.5,13002
Agnes Banks,255.0,19.0,93.1,6.9,10021
Hobartville (NSW),999.0,64.0,94.0,6.0,11917
South Windsor,2163.0,152.0,93.4,6.6,13601
Windsor (NSW),679.0,43.0,94.0,6.0,14325
Bligh Park,2151.0,109.0,95.2,4.8,10411
Windsor Downs,341.0,13.0,96.3,3.7,14326
Londonderry (NSW),1062.0,57.0,94.9,5.1,12375
Berkshire Park,302.0,15.0,95.3,4.7,10305
Erskine Park,1906.0,55.0,97.2,2.8,11438
St Clair (Penrith - NSW),6037.0,234.0,96.3,3.7,13632
Colyton,2728.0,192.0,93.4,6.6,10987
Oxley Park,1007.0,124.0,89.0,11.0,13110
St Marys (NSW),4285.0,443.0,90.6,9.4,13643
North St Marys,1285.0,78.0,94.3,5.7,13007
Silverwater (Parramatta - NSW),777.0,72.0,91.5,8.5,13547
Newington (NSW),1887.0,101.0,94.9,5.1,12953
Lidcombe,5760.0,315.0,94.8,5.2,12316
Wentworth Point,3000.0,270.0,91.7,8.3,14227
Auburn (NSW),9914.0,678.0,93.6,6.4,10106
Berala,2720.0,164.0,94.3,5.7,10299
Regents Park (NSW),1547.0,114.0,93.1,6.9,13345
Carlingford,7772.0,515.0,93.8,6.2,10818
Beecroft,2956.0,185.0,94.1,5.9,10249
Epping (NSW),7862.0,478.0,94.3,5.7,11428
Rydalmere,2253.0,146.0,93.9,6.1,13453
Parramatta,8926.0,719.0,92.5,7.5,13156
Ermington,3511.0,309.0,91.9,8.1,11435
Dundas (NSW),1480.0,92.0,94.1,5.9,11312
Melrose Park (NSW),507.0,39.0,92.9,7.1,12563
Telopea,2079.0,160.0,92.9,7.1,13782
Oatlands (NSW),1779.0,106.0,94.4,5.6,13063
Dundas Valley,1820.0,133.0,93.2,6.8,11313
Chester Hill,3840.0,291.0,93.0,7.0,10899
Sefton,1695.0,120.0,93.4,6.6,13516
Carramar (NSW),1179.0,89.0,93.0,7.0,10826
Old Guildford,661.0,38.0,94.6,5.4,13077
Fairfield East,1418.0,125.0,91.9,8.1,11478
Yennora,455.0,29.0,94.0,6.0,14506
Fairfield (NSW),5667.0,423.0,93.1,6.9,11477
Merrylands,9045.0,592.0,93.9,6.1,12588
Granville (NSW),4742.0,345.0,93.2,6.8,11738
Guildford (NSW),6478.0,493.0,92.9,7.1,11790
Pemulwuy,1511.0,63.0,96.0,4.0,13181
Greystanes,7198.0,386.0,94.9,5.1,11781
South Granville,1567.0,151.0,91.2,8.8,13583
Merrylands West,2195.0,160.0,93.2,6.8,12589
Guildford West,1450.0,102.0,93.4,6.6,11791
Woodpark,451.0,20.0,95.8,4.2,14390
South Wentworthville,1934.0,128.0,93.8,6.2,13599
Holroyd,415.0,22.0,95.0,5.0,11925
Smithfield (NSW),3696.0,211.0,94.6,5.4,13559
North Parramatta,4729.0,346.0,93.2,6.8,13001
North Rocks,2521.0,317.0,88.8,11.2,13003
Northmead,4265.0,322.0,93.0,7.0,13023
Westmead,5239.0,326.0,94.1,5.9,14261
Wentworthville,3664.0,235.0,94.0,6.0,14228
Winston Hills,3902.0,199.0,95.1,4.9,14335
Rosehill (NSW),1322.0,171.0,88.5,11.5,13408
Harris Park,1865.0,138.0,93.1,6.9,11860
Old Toongabbie,1073.0,62.0,94.5,5.5,13081
Constitution Hill,1320.0,82.0,94.2,5.8,11014
Pendle Hill,2292.0,178.0,92.8,7.2,13182
Girraween (NSW),1712.0,97.0,94.6,5.4,11636
Mays Hill,215.0,33.0,86.7,13.3,12538
North Epping,1428.0,74.0,95.1,4.9,12990
Cheltenham (NSW),669.0,31.0,95.6,4.4,10896
Pennant Hills,2448.0,183.0,93.0,7.0,13183
Denistone,1188.0,61.0,95.1,4.9,11238
Eastwood (NSW),5899.0,421.0,93.3,6.7,11369
Denistone East,690.0,45.0,93.9,6.1,11239
Denistone West,289.0,14.0,95.4,4.6,11240
Gladesville,4531.0,361.0,92.6,7.4,11638
Tennyson Point,382.0,36.0,91.4,8.6,13790
Henley,149.0,15.0,90.9,9.1,11891
Huntleys Cove,319.0,27.0,92.2,7.8,11960
Hunters Hill,2875.0,279.0,91.2,8.8,11954
Macquarie Park,3049.0,294.0,91.2,8.8,12437
Marsfield,4764.0,310.0,93.9,6.1,12506
North Ryde,3498.0,385.0,90.1,9.9,13005
Ryde,9683.0,710.0,93.2,6.8,13454
East Ryde,794.0,61.0,92.9,7.1,11361
Meadowbank (NSW),2010.0,170.0,92.2,7.8,12550
West Ryde,4879.0,314.0,94.0,6.0,14251
Putney,1300.0,88.0,93.7,6.3,13277
Busby,1205.0,59.0,95.3,4.7,10720
Heckenberg,867.0,41.0,95.5,4.5,11887
Miller,1060.0,72.0,93.6,6.4,12617
Ashcroft,1017.0,76.0,93.0,7.0,10097
Sadleir,943.0,74.0,92.7,7.3,13461
Austral,822.0,61.0,93.1,6.9,10109
Rossmore (NSW),620.0,41.0,93.8,6.2,13420
Kemps Creek,571.0,69.0,89.2,10.8,12094
Bringelly,691.0,55.0,92.6,7.4,10575
Greendale (Liverpool - NSW),95.0,7.0,93.1,6.9,11759
Cecil Park,205.0,16.0,92.8,7.2,10866
Cecil Hills,1807.0,58.0,96.9,3.1,10865
Catherine Field,412.0,26.0,94.1,5.9,10856
Leppington,1061.0,92.0,92.0,8.0,12305
Cobbitty,644.0,29.0,95.7,4.3,10954
Oran Park,1395.0,68.0,95.4,4.6,13091
Green Valley (NSW),3334.0,126.0,96.4,3.6,11756
Elizabeth Hills,683.0,47.0,93.6,6.4,11397
Hinchinbrook (NSW),2987.0,116.0,96.3,3.7,11915
Hoxton Park,1158.0,39.0,96.7,3.3,11951
Carnes Hill,571.0,28.0,95.3,4.7,10820
Horningsea Park,975.0,27.0,97.3,2.7,11935
Middleton Grange,1418.0,70.0,95.3,4.7,12607
West Hoxton,2538.0,97.0,96.3,3.7,14246
Bonnyrigg Heights,1896.0,59.0,97.0,3.0,10472
Bonnyrigg,2464.0,122.0,95.3,4.7,10471
Bossley Park,4151.0,158.0,96.3,3.7,10515
Abbotsbury,1193.0,42.0,96.6,3.4,10002
Cabramatta,6469.0,383.0,94.4,5.6,10740
Lansvale,756.0,34.0,95.7,4.3,12275
Canley Vale,2969.0,182.0,94.2,5.8,10792
Mount Pritchard,2911.0,185.0,94.0,6.0,12785
Cabramatta West,1917.0,94.0,95.3,4.7,10741
Canley Heights,3032.0,205.0,93.7,6.3,10791
Edensor Park,2698.0,108.0,96.2,3.8,11377
Fairfield West,3252.0,170.0,95.0,5.0,11480
Fairfield Heights,2130.0,132.0,94.2,5.8,11479
Greenfield Park,1363.0,46.0,96.7,3.3,11761
Prairiewood,960.0,36.0,96.4,3.6,13258
Horsley Park,511.0,44.0,92.1,7.9,11943
Mount Vernon,299.0,10.0,96.8,3.2,12796
Wetherill Park,1802.0,88.0,95.3,4.7,14264
Wakeley,1345.0,43.0,96.9,3.1,14089
St Johns Park,1660.0,58.0,96.6,3.4,13641
Casula,4571.0,229.0,95.2,4.8,10852
Moorebank,3033.0,168.0,94.8,5.2,12712
Chipping Norton,2809.0,145.0,95.1,4.9,10908
Voyager Point,487.0,8.0,98.4,1.6,14079
Wattle Grove (NSW),2739.0,119.0,95.8,4.2,14192
Hammondville,1107.0,57.0,95.1,4.9,11844
Sandy Point (NSW),192.0,15.0,92.8,7.2,13487
Pleasure Point,145.0,4.0,97.3,2.7,13229
Liverpool,8395.0,480.0,94.6,5.4,12361
Warwick Farm,2125.0,157.0,93.1,6.9,14177
Cartwright,824.0,53.0,94.0,6.0,10838
Lurnea,2736.0,125.0,95.6,4.4,12422
Prestons,4012.0,112.0,97.3,2.7,13260
Gymea Bay,2128.0,117.0,94.8,5.2,11827
Gymea,2979.0,215.0,93.3,6.7,11826
Grays Point,963.0,52.0,94.9,5.1,11743
Miranda (NSW),5673.0,451.0,92.6,7.4,12645
Yowie Bay,988.0,70.0,93.4,6.6,14519
Taren Point,649.0,42.0,93.9,6.1,13766
Caringbah,4714.0,317.0,93.7,6.3,10815
Sylvania Waters,1051.0,84.0,92.6,7.4,13718
Sylvania,3688.0,266.0,93.3,6.7,13717
Kangaroo Point (NSW),176.0,14.0,92.6,7.4,12060
Caringbah South,4072.0,272.0,93.7,6.3,10816
Dolans Bay,193.0,12.0,94.1,5.9,11266
Kurnell,699.0,53.0,93.0,7.0,12216
Greenhills Beach,203.0,9.0,95.8,4.2,11764
Cronulla,7731.0,908.0,89.5,10.5,11119
Bundeena,702.0,189.0,78.8,21.2,10672
Maianbar,192.0,62.0,75.6,24.4,12443
Woolooware,1402.0,93.0,93.8,6.2,14410
Lilli Pilli (Sutherland Shire - NSW),412.0,32.0,92.8,7.2,12322
Port Hacking,342.0,22.0,94.0,6.0,13244
Burraneer,1122.0,70.0,94.1,5.9,10705
Heathcote (NSW),2041.0,107.0,95.0,5.0,11883
Illawong,2255.0,126.0,94.7,5.3,11974
Alfords Point,913.0,44.0,95.4,4.6,10031
Barden Ridge,1196.0,39.0,96.8,3.2,10193
Menai,3299.0,118.0,96.5,3.5,12567
Bangor (NSW),1785.0,65.0,96.5,3.5,10177
Woronora,680.0,38.0,94.7,5.3,14420
Bonnet Bay,723.0,45.0,94.1,5.9,10469
Jannali,2177.0,141.0,93.9,6.1,12001
Oyster Bay,1698.0,110.0,93.9,6.1,13112
Como (NSW),1243.0,74.0,94.4,5.6,10996
Kareela,1141.0,49.0,95.9,4.1,12073
Kirrawee,3371.0,198.0,94.5,5.5,12172
Sutherland (NSW),4511.0,336.0,93.1,6.9,13701
Loftus,1352.0,66.0,95.3,4.7,12371
Engadine,5779.0,280.0,95.4,4.6,11422
Yarrawarrah,877.0,47.0,94.9,5.1,14485
Woronora Heights,836.0,32.0,96.3,3.7,14422
