,People,Male,Female,Median age,Australian citizenship,People born overseas,Overseas visitors (excluded from people counts),Families,All private dwellings (including unoccupied),Average people per household,Median weekly household income,Median monthly mortgage repayment,Median weekly rent
Abbotsbury,4190.0,2080.0,2110.0,33.0,3943.0,1383.0,10.0,1108.0,1188.0,3.7,1603.0,1733.0,300.0
Abbotsford,4946.0,2377.0,2569.0,40.0,4089.0,1401.0,47.0,1323.0,2368.0,2.3,1472.0,2167.0,327.0
Acacia Gardens,3110.0,1512.0,1598.0,30.0,2732.0,1062.0,13.0,876.0,986.0,3.3,1746.0,2253.0,298.0
Adamstown,5267.0,2535.0,2732.0,36.0,4780.0,538.0,18.0,1333.0,2472.0,2.2,823.0,1300.0,180.0
Adamstown Heights,5190.0,2551.0,2639.0,42.0,4855.0,656.0,29.0,1523.0,2061.0,2.6,1115.0,1390.0,230.0
Airds,3742.0,1688.0,2054.0,23.0,3052.0,660.0,3.0,938.0,1238.0,3.1,503.0,867.0,120.0
Albion Park,11261.0,5592.0,5669.0,31.0,10328.0,1511.0,14.0,3107.0,3794.0,3.1,1184.0,1550.0,220.0
Albion Park Rail,6937.0,3355.0,3582.0,35.0,6206.0,1116.0,20.0,1929.0,2589.0,2.7,965.0,1339.0,200.0
Alexandria,5852.0,3091.0,2761.0,33.0,4386.0,1522.0,54.0,1384.0,3224.0,2.0,1690.0,2167.0,340.0
Alfords Point,3376.0,1692.0,1684.0,35.0,3201.0,724.0,6.0,902.0,950.0,3.7,2060.0,1780.0,405.0
Allambie Heights,6540.0,3122.0,3418.0,41.0,5839.0,1605.0,54.0,1758.0,2376.0,2.8,1314.0,2098.0,250.0
Allawah,4924.0,2338.0,2586.0,35.0,3693.0,2567.0,59.0,1321.0,2185.0,2.4,1025.0,1733.0,240.0
Ambarvale,7345.0,3577.0,3768.0,28.0,6340.0,1667.0,13.0,1962.0,2507.0,3.1,1020.0,1408.0,180.0
Annandale,8286.0,4025.0,4261.0,36.0,6778.0,1988.0,80.0,1958.0,3956.0,2.1,1673.0,2340.0,320.0
Argenton,1337.0,686.0,651.0,39.0,1227.0,135.0,4.0,369.0,561.0,2.4,678.0,1085.0,170.0
Arncliffe,8508.0,4281.0,4227.0,36.0,7189.0,3489.0,119.0,2113.0,3120.0,2.8,941.0,1924.0,220.0
Artarmon,8363.0,4064.0,4299.0,34.0,6380.0,3415.0,116.0,2165.0,3861.0,2.3,1578.0,2167.0,335.0
Ashbury,3242.0,1603.0,1639.0,39.0,2812.0,1055.0,20.0,876.0,1131.0,3.0,1352.0,2000.0,330.0
Ashcroft,3091.0,1527.0,1564.0,32.0,2599.0,1013.0,14.0,779.0,1134.0,2.9,602.0,1300.0,125.0
Ashfield,21260.0,10378.0,10882.0,35.0,14642.0,10585.0,305.0,5060.0,9287.0,2.3,1041.0,1733.0,245.0
Asquith,3092.0,1507.0,1585.0,40.0,2742.0,829.0,8.0,871.0,1175.0,2.8,1246.0,1928.0,310.0
Auburn,29968.0,15407.0,14561.0,29.0,20583.0,16909.0,258.0,6961.0,9813.0,3.3,736.0,1500.0,215.0
Austinmer,2211.0,1075.0,1136.0,40.0,2021.0,335.0,14.0,615.0,907.0,2.8,1547.0,1800.0,295.0
Avoca Beach,4196.0,2100.0,2096.0,38.0,3778.0,591.0,23.0,1128.0,2152.0,2.7,1147.0,1720.0,250.0
Balgowlah,6411.0,3047.0,3364.0,38.0,5393.0,1627.0,61.0,1749.0,2919.0,2.4,1461.0,2286.0,320.0
Balgowlah Heights,3191.0,1544.0,1647.0,41.0,2693.0,846.0,23.0,863.0,1114.0,3.0,2511.0,2800.0,695.0
Balgownie,5577.0,2726.0,2851.0,40.0,5131.0,1163.0,26.0,1583.0,2160.0,2.7,1157.0,1733.0,225.0
Balmain,9403.0,4536.0,4867.0,36.0,7402.0,2718.0,109.0,2382.0,4851.0,2.1,1876.0,2565.0,375.0
Balmain East,1688.0,802.0,886.0,40.0,1352.0,466.0,31.0,429.0,928.0,2.1,1980.0,2383.0,355.0
Bangor,5188.0,2562.0,2626.0,37.0,4827.0,819.0,15.0,1442.0,1673.0,3.2,1786.0,1750.0,348.0
Banksia,2955.0,1489.0,1466.0,38.0,2533.0,1319.0,11.0,836.0,1078.0,2.9,1092.0,1973.0,290.0
Bankstown,26446.0,13053.0,13393.0,31.0,20222.0,13417.0,200.0,6604.0,9673.0,2.9,762.0,1517.0,220.0
Bar Beach,1322.0,689.0,633.0,36.0,1199.0,149.0,11.0,296.0,710.0,2.1,886.0,2167.0,143.0
Barden Ridge,4191.0,2127.0,2064.0,31.0,3964.0,649.0,7.0,1087.0,1171.0,3.7,1903.0,1757.0,370.0
Bardwell Park,2386.0,1220.0,1166.0,37.0,2117.0,818.0,20.0,658.0,930.0,2.8,1190.0,2000.0,300.0
Bardwell Valley,1965.0,941.0,1024.0,37.0,1751.0,662.0,15.0,518.0,752.0,2.8,1105.0,1625.0,280.0
Barnsley,1799.0,934.0,865.0,32.0,1707.0,109.0,4.0,507.0,624.0,3.0,1047.0,1170.0,200.0
Barrack Heights,6160.0,3023.0,3137.0,37.0,5495.0,1407.0,6.0,1791.0,2418.0,2.7,778.0,1343.0,170.0
Barrack Point,549.0,275.0,274.0,45.0,492.0,74.0,0.0,141.0,291.0,2.2,949.0,2000.0,200.0
Bass Hill,7225.0,3617.0,3608.0,35.0,6270.0,2349.0,31.0,1843.0,2603.0,2.9,801.0,1733.0,200.0
Bateau Bay,11599.0,5317.0,6282.0,43.0,10393.0,1236.0,15.0,3145.0,4931.0,2.5,774.0,1500.0,210.0
Baulkham Hills,34490.0,16929.0,17561.0,36.0,30772.0,9965.0,232.0,9897.0,12539.0,2.9,1560.0,1950.0,300.0
Bayview,3090.0,1418.0,1672.0,52.0,2723.0,699.0,19.0,804.0,1351.0,2.5,1310.0,2203.0,470.0
Beacon Hill,6145.0,3031.0,3114.0,38.0,5498.0,1647.0,54.0,1723.0,2063.0,3.1,1561.0,2097.0,431.0
Beaconsfield,669.0,358.0,311.0,34.0,465.0,187.0,6.0,154.0,356.0,2.4,1710.0,2326.0,340.0
Beecroft,8614.0,4110.0,4504.0,43.0,7912.0,2327.0,85.0,2413.0,2992.0,3.0,2026.0,2167.0,380.0
Belfield,5707.0,2802.0,2905.0,37.0,4890.0,2249.0,30.0,1531.0,2125.0,2.8,933.0,1800.0,250.0
Bella Vista,6379.0,3138.0,3241.0,34.0,5631.0,2439.0,60.0,1681.0,1949.0,3.6,2196.0,2167.0,420.0
Bellambi,4172.0,2008.0,2164.0,34.0,3657.0,734.0,15.0,1136.0,1768.0,2.5,619.0,1407.0,135.0
Bellevue Hill,9446.0,4585.0,4861.0,36.0,7471.0,3089.0,170.0,2290.0,4395.0,2.4,2047.0,2700.0,370.0
Belmont,6476.0,3111.0,3365.0,43.0,5969.0,550.0,12.0,1766.0,2934.0,2.3,733.0,1517.0,165.0
Belmont North,5580.0,2700.0,2880.0,38.0,5226.0,424.0,5.0,1577.0,2156.0,2.6,863.0,1300.0,170.0
Belmont South,1166.0,565.0,601.0,38.0,1089.0,74.0,5.0,336.0,515.0,2.5,668.0,1200.0,170.0
Belmore,12129.0,6017.0,6112.0,36.0,9387.0,5696.0,79.0,3073.0,4741.0,2.7,804.0,1600.0,185.0
Belrose,8408.0,3951.0,4457.0,43.0,7470.0,2160.0,62.0,2323.0,2993.0,2.8,1576.0,2167.0,475.0
Bensville,2817.0,1428.0,1389.0,35.0,2569.0,310.0,5.0,769.0,939.0,3.2,1330.0,1700.0,260.0
Berala,7889.0,4002.0,3887.0,35.0,6194.0,4071.0,46.0,2035.0,2829.0,3.0,861.0,1500.0,195.0
Berkeley,7415.0,3628.0,3787.0,38.0,6394.0,1693.0,14.0,1983.0,2898.0,2.7,662.0,1300.0,126.0
Berkeley Vale,7980.0,3755.0,4225.0,35.0,7274.0,845.0,10.0,2175.0,3086.0,2.7,977.0,1408.0,220.0
Berowra,4281.0,2143.0,2138.0,36.0,3901.0,925.0,22.0,1186.0,1440.0,3.1,1717.0,1800.0,321.0
Berowra Heights,5180.0,2588.0,2592.0,37.0,4667.0,933.0,19.0,1452.0,1763.0,3.0,1592.0,1842.0,333.0
Beverley Park,2003.0,995.0,1008.0,41.0,1763.0,652.0,16.0,563.0,791.0,2.8,1137.0,1842.0,300.0
Beverly Hills,8052.0,3802.0,4250.0,40.0,6904.0,3206.0,50.0,2211.0,3095.0,2.7,1046.0,1733.0,260.0
Bexley,17916.0,8768.0,9148.0,36.0,14955.0,7056.0,116.0,4646.0,6616.0,2.8,1090.0,1793.0,250.0
Bexley North,3764.0,1831.0,1933.0,38.0,3358.0,1379.0,6.0,1050.0,1426.0,2.8,987.0,1950.0,250.0
Bidwill,4323.0,2024.0,2299.0,26.0,3484.0,913.0,0.0,1087.0,1430.0,3.1,584.0,1400.0,125.0
Birchgrove,3520.0,1706.0,1814.0,38.0,2790.0,895.0,41.0,919.0,1723.0,2.3,2340.0,2817.0,410.0
Birmingham Gardens,1846.0,913.0,933.0,32.0,1529.0,262.0,21.0,444.0,798.0,2.4,692.0,1045.0,200.0
Birrong,1984.0,981.0,1003.0,40.0,1712.0,778.0,10.0,517.0,722.0,2.9,894.0,1500.0,228.0
Blackalls Park,2773.0,1353.0,1420.0,38.0,2575.0,250.0,4.0,782.0,1123.0,2.6,780.0,1200.0,180.0
Blackbutt,3106.0,1479.0,1627.0,35.0,2747.0,733.0,15.0,839.0,1184.0,2.8,1088.0,1517.0,210.0
Blackett,3210.0,1574.0,1636.0,30.0,2622.0,732.0,6.0,823.0,1127.0,3.0,686.0,1138.0,149.0
Blacksmiths,1188.0,604.0,584.0,42.0,1138.0,53.0,0.0,340.0,508.0,2.6,923.0,1300.0,214.0
Blacktown,38914.0,19265.0,19649.0,33.0,31440.0,15426.0,234.0,10380.0,14735.0,2.8,972.0,1588.0,215.0
Blackwall,1858.0,905.0,953.0,43.0,1593.0,206.0,11.0,483.0,880.0,2.3,738.0,1473.0,200.0
Blairmount,541.0,349.0,192.0,20.0,478.0,129.0,0.0,103.0,133.0,3.2,1300.0,1767.0,215.0
Blakehurst,5337.0,2590.0,2747.0,41.0,4756.0,1443.0,24.0,1415.0,1874.0,3.0,1475.0,2167.0,306.0
Blaxland,6953.0,3439.0,3514.0,37.0,6424.0,1033.0,21.0,1954.0,2656.0,2.8,1383.0,1558.0,230.0
Blue Bay,922.0,414.0,508.0,46.0,787.0,96.0,5.0,242.0,682.0,2.1,639.0,1625.0,195.0
Blue Haven,5878.0,2834.0,3044.0,30.0,5324.0,732.0,4.0,1644.0,2181.0,2.9,894.0,1517.0,225.0
Bolton Point,2157.0,1018.0,1139.0,37.0,1962.0,154.0,3.0,578.0,832.0,2.6,631.0,1300.0,124.0
Bondi,9358.0,4699.0,4659.0,34.0,6123.0,3574.0,380.0,1844.0,4984.0,2.1,1244.0,2184.0,350.0
Bondi Beach,10373.0,5311.0,5062.0,33.0,5920.0,3188.0,582.0,1824.0,5920.0,1.9,1317.0,2167.0,340.0
Bondi Junction,8000.0,4006.0,3994.0,36.0,5055.0,3097.0,330.0,1699.0,4261.0,2.1,1320.0,2400.0,396.0
Bonnet Bay,2183.0,1103.0,1080.0,42.0,2032.0,332.0,7.0,661.0,745.0,3.0,1984.0,2000.0,378.0
Bonnyrigg,8303.0,4006.0,4297.0,32.0,7208.0,4232.0,25.0,2183.0,2528.0,3.4,736.0,1500.0,121.0
Bonnyrigg Heights,6942.0,3421.0,3521.0,31.0,6356.0,3558.0,28.0,1852.0,1928.0,3.7,1202.0,1700.0,240.0
Booker Bay,1404.0,669.0,735.0,50.0,1222.0,156.0,0.0,363.0,842.0,2.0,607.0,1511.0,210.0
Boolaroo,954.0,482.0,472.0,40.0,887.0,68.0,0.0,267.0,429.0,2.4,718.0,1096.0,180.0
Booragul,1427.0,630.0,797.0,45.0,1357.0,115.0,0.0,358.0,538.0,2.5,620.0,1135.0,133.0
Bossley Park,13932.0,7003.0,6929.0,35.0,12328.0,6525.0,44.0,3773.0,4235.0,3.4,1145.0,1600.0,240.0
Botany,7455.0,3687.0,3768.0,36.0,6243.0,2174.0,33.0,1921.0,2944.0,2.6,1191.0,2167.0,240.0
Bow Bowing,1602.0,773.0,829.0,31.0,1435.0,518.0,11.0,423.0,508.0,3.2,1229.0,1600.0,230.0
Bradbury,9239.0,4459.0,4780.0,34.0,8053.0,2014.0,44.0,2539.0,3506.0,2.7,1066.0,1500.0,195.0
Broadmeadow,1730.0,851.0,879.0,34.0,1588.0,234.0,10.0,437.0,832.0,2.2,833.0,1404.0,200.0
Bronte,6121.0,2998.0,3123.0,36.0,4853.0,1611.0,74.0,1473.0,2803.0,2.4,1706.0,2500.0,350.0
Brookvale,3223.0,1579.0,1644.0,36.0,2632.0,1083.0,98.0,864.0,1448.0,2.5,1255.0,2107.0,320.0
Budgewoi,2955.0,1479.0,1476.0,45.0,2628.0,344.0,5.0,828.0,1603.0,2.2,615.0,1300.0,180.0
Buff Point,3427.0,1632.0,1795.0,39.0,3085.0,396.0,3.0,956.0,1498.0,2.5,734.0,1343.0,200.0
Bulli,5453.0,2672.0,2781.0,38.0,4826.0,745.0,17.0,1450.0,2186.0,2.7,1087.0,1694.0,180.0
Burwood,11984.0,5753.0,6231.0,34.0,7811.0,6925.0,222.0,2849.0,4673.0,2.7,1005.0,1800.0,300.0
Burwood Heights,1011.0,467.0,544.0,38.0,873.0,365.0,7.0,217.0,294.0,3.0,1237.0,2113.0,274.0
Busby,3948.0,1894.0,2054.0,32.0,3401.0,1250.0,6.0,1026.0,1354.0,3.1,639.0,1300.0,150.0
Cabarita,2232.0,1102.0,1130.0,40.0,1806.0,683.0,20.0,620.0,831.0,2.8,1924.0,2980.0,590.0
Cabramatta,19812.0,9721.0,10091.0,35.0,16005.0,12349.0,105.0,5008.0,6973.0,2.9,631.0,1100.0,150.0
Cabramatta West,6390.0,3112.0,3278.0,35.0,5687.0,3378.0,19.0,1703.0,2035.0,3.3,762.0,1408.0,174.0
Cambridge Gardens,2079.0,1032.0,1047.0,31.0,1914.0,334.0,3.0,609.0,707.0,3.0,1300.0,1500.0,230.0
Cambridge Park,5979.0,2993.0,2986.0,32.0,5435.0,1029.0,5.0,1712.0,2294.0,2.7,1040.0,1500.0,215.0
Camden,3166.0,1492.0,1674.0,40.0,2877.0,422.0,13.0,804.0,1378.0,2.4,956.0,1733.0,220.0
Camden South,4363.0,2120.0,2243.0,36.0,3976.0,549.0,5.0,1253.0,1626.0,2.8,1289.0,1517.0,250.0
Cammeray,6695.0,3205.0,3490.0,36.0,5412.0,2080.0,84.0,1727.0,3544.0,2.1,1781.0,2200.0,350.0
Campbelltown,8013.0,3972.0,4041.0,35.0,6761.0,1860.0,22.0,2115.0,3441.0,2.5,822.0,1390.0,180.0
Camperdown,6544.0,3154.0,3390.0,30.0,4690.0,1779.0,186.0,1183.0,3154.0,1.9,1566.0,2282.0,350.0
Campsie,20508.0,10234.0,10274.0,35.0,14247.0,12592.0,290.0,5413.0,7846.0,2.8,777.0,1500.0,200.0
Canada Bay,1228.0,584.0,644.0,37.0,1039.0,389.0,5.0,340.0,505.0,2.5,1376.0,2000.0,305.0
Canley Heights,9813.0,4783.0,5030.0,33.0,8555.0,5320.0,27.0,2633.0,3093.0,3.3,794.0,1317.0,185.0
Canley Vale,8980.0,4434.0,4546.0,35.0,7596.0,5322.0,37.0,2273.0,3018.0,3.0,694.0,1300.0,165.0
Canterbury,5416.0,2730.0,2686.0,36.0,4376.0,2490.0,58.0,1425.0,2135.0,2.7,1006.0,1733.0,220.0
Canton Beach,1035.0,499.0,536.0,62.0,925.0,149.0,0.0,250.0,587.0,1.7,456.0,1083.0,160.0
Cardiff,5796.0,2829.0,2967.0,37.0,5433.0,498.0,16.0,1601.0,2431.0,2.5,901.0,1300.0,200.0
Cardiff Heights,2687.0,1348.0,1339.0,41.0,2512.0,289.0,4.0,739.0,998.0,2.8,1218.0,1322.0,205.0
Cardiff South,2881.0,1458.0,1423.0,36.0,2639.0,201.0,5.0,785.0,1154.0,2.6,977.0,1300.0,200.0
Caringbah,21281.0,10374.0,10907.0,39.0,19097.0,3287.0,107.0,5797.0,9023.0,2.5,1173.0,2000.0,265.0
Carlingford,21365.0,10681.0,10684.0,39.0,18444.0,8656.0,207.0,5888.0,7442.0,2.9,1335.0,1792.0,300.0
Carlton,9635.0,4784.0,4851.0,37.0,7650.0,4013.0,72.0,2490.0,3705.0,2.7,1079.0,1733.0,245.0
Carramar,2958.0,1498.0,1460.0,38.0,2344.0,1563.0,15.0,726.0,1311.0,2.4,625.0,1083.0,150.0
Carrington,1795.0,922.0,873.0,35.0,1531.0,162.0,3.0,421.0,896.0,2.1,736.0,1300.0,195.0
Carss Park,1215.0,584.0,631.0,41.0,1130.0,285.0,6.0,334.0,484.0,2.7,1300.0,2270.0,200.0
Cartwright,2084.0,1085.0,999.0,37.0,1698.0,694.0,5.0,485.0,914.0,2.5,509.0,1265.0,87.0
Castle Cove,2381.0,1172.0,1209.0,43.0,2085.0,889.0,47.0,688.0,883.0,2.9,2191.0,2876.0,608.0
Castle Hill,35386.0,16984.0,18402.0,38.0,31425.0,10815.0,240.0,9618.0,12726.0,3.0,1715.0,2080.0,320.0
Castlecrag,2807.0,1396.0,1411.0,41.0,2495.0,878.0,43.0,804.0,1022.0,3.0,2672.0,3000.0,600.0
Casula,13202.0,6436.0,6766.0,33.0,11427.0,5067.0,83.0,3591.0,4519.0,3.1,1115.0,1900.0,240.0
Caves Beach,4142.0,2015.0,2127.0,42.0,3900.0,408.0,8.0,1180.0,1639.0,2.8,983.0,1260.0,220.0
Cecil Hills,6778.0,3362.0,3416.0,31.0,6081.0,2788.0,5.0,1737.0,1857.0,3.8,1498.0,1800.0,285.0
Centennial Park,2138.0,1036.0,1102.0,34.0,1549.0,602.0,27.0,390.0,1288.0,1.8,1361.0,2050.0,295.0
Charlestown,11725.0,5673.0,6052.0,39.0,10858.0,1277.0,44.0,3321.0,4992.0,2.4,992.0,1343.0,210.0
Charmhaven,2211.0,1086.0,1125.0,36.0,2018.0,246.0,0.0,585.0,914.0,2.6,770.0,1300.0,200.0
Chatswood,13513.0,6256.0,7257.0,33.0,8642.0,7414.0,449.0,3420.0,6025.0,2.4,1188.0,2300.0,360.0
Chatswood West,7776.0,3746.0,4030.0,37.0,6055.0,3195.0,132.0,2104.0,3241.0,2.6,1719.0,2167.0,350.0
Cheltenham,2095.0,1001.0,1094.0,42.0,1933.0,498.0,17.0,593.0,714.0,3.1,2250.0,2500.0,400.0
Cherrybrook,18491.0,8950.0,9541.0,38.0,16098.0,7496.0,170.0,5070.0,5931.0,3.2,1857.0,2000.0,381.0
Chester Hill,10513.0,5203.0,5310.0,36.0,8932.0,3927.0,50.0,2644.0,3785.0,2.9,783.0,1500.0,200.0
Chifley,3078.0,1523.0,1555.0,41.0,2623.0,769.0,19.0,819.0,1164.0,2.8,1086.0,2000.0,200.0
Chippendale,4066.0,2188.0,1878.0,29.0,1595.0,1299.0,463.0,514.0,2060.0,1.9,1110.0,2000.0,320.0
Chipping Norton,8577.0,4256.0,4321.0,36.0,7562.0,2378.0,17.0,2308.0,2983.0,3.0,1367.0,1744.0,255.0
Chiswick,2377.0,1139.0,1238.0,34.0,1767.0,716.0,19.0,630.0,1240.0,2.1,1836.0,2409.0,390.0
Chittaway Bay,2128.0,1060.0,1068.0,36.0,1932.0,232.0,7.0,581.0,804.0,2.8,873.0,1430.0,210.0
Chittaway Point,804.0,406.0,398.0,40.0,730.0,95.0,3.0,220.0,354.0,2.7,1045.0,1517.0,245.0
Church Point,1153.0,578.0,575.0,45.0,1026.0,280.0,13.0,338.0,463.0,2.8,2271.0,2763.0,485.0
Claremont Meadows,3455.0,1720.0,1735.0,29.0,3006.0,848.0,10.0,928.0,1097.0,3.2,1284.0,1600.0,230.0
Claymore,3294.0,1532.0,1762.0,20.0,2505.0,831.0,3.0,771.0,1034.0,3.3,474.0,1263.0,112.0
Clontarf,1580.0,779.0,801.0,43.0,1410.0,436.0,19.0,446.0,574.0,3.0,2543.0,3500.0,525.0
Clovelly,4426.0,2152.0,2274.0,36.0,3687.0,1144.0,66.0,1152.0,2059.0,2.4,1783.0,2269.0,350.0
Coal Point,1731.0,856.0,875.0,46.0,1582.0,178.0,8.0,503.0,692.0,2.6,1317.0,1517.0,223.0
Coledale,963.0,469.0,494.0,37.0,888.0,125.0,5.0,267.0,385.0,2.7,1179.0,1517.0,280.0
Collaroy,14212.0,6963.0,7249.0,37.0,12439.0,2953.0,188.0,3849.0,5701.0,2.7,1502.0,2158.0,340.0
Colyton,7886.0,3949.0,3937.0,33.0,6739.0,1916.0,29.0,2130.0,2830.0,2.9,1054.0,1517.0,210.0
Como,3736.0,1873.0,1863.0,37.0,3552.0,490.0,10.0,1032.0,1290.0,3.0,1668.0,1950.0,300.0
Concord,13006.0,6341.0,6665.0,38.0,11281.0,4048.0,77.0,3490.0,5008.0,2.8,1352.0,2000.0,300.0
Concord West,5522.0,2689.0,2833.0,39.0,4854.0,1656.0,42.0,1481.0,2045.0,2.8,1391.0,2000.0,300.0
Condell Park,10415.0,5186.0,5229.0,34.0,9042.0,4087.0,40.0,2637.0,3459.0,3.1,931.0,1733.0,240.0
Coniston,1883.0,937.0,946.0,37.0,1651.0,632.0,3.0,485.0,839.0,2.3,775.0,1408.0,170.0
Connells Point,2864.0,1389.0,1475.0,41.0,2568.0,691.0,9.0,803.0,1065.0,2.9,1438.0,2167.0,340.0
Coogee,13179.0,6352.0,6827.0,34.0,9765.0,4059.0,776.0,3029.0,7061.0,2.1,1601.0,2167.0,340.0
Cooks Hill,2931.0,1337.0,1594.0,33.0,2502.0,377.0,20.0,614.0,1599.0,2.0,1050.0,1700.0,236.0
Copacabana,2672.0,1318.0,1354.0,36.0,2321.0,320.0,8.0,692.0,1372.0,2.8,1172.0,1500.0,240.0
Cordeaux Heights,5067.0,2550.0,2517.0,33.0,4596.0,960.0,20.0,1335.0,1512.0,3.4,1713.0,1564.0,239.0
Corrimal,6534.0,3191.0,3343.0,39.0,5920.0,1331.0,19.0,1816.0,2848.0,2.4,867.0,1517.0,175.0
Cranebrook,13100.0,6424.0,6676.0,28.0,11666.0,1876.0,19.0,3520.0,4375.0,3.1,1232.0,1600.0,200.0
Cremorne,10442.0,4808.0,5634.0,37.0,7791.0,3359.0,118.0,2503.0,5803.0,2.0,1750.0,2498.0,350.0
Cremorne Point,1820.0,832.0,988.0,41.0,1284.0,495.0,18.0,446.0,1063.0,2.0,2199.0,2809.0,391.0
Cringila,2181.0,1151.0,1030.0,37.0,1889.0,1010.0,6.0,596.0,859.0,2.9,612.0,953.0,153.0
Cromer,7635.0,3710.0,3925.0,39.0,6866.0,1758.0,50.0,2154.0,2878.0,2.8,1368.0,2000.0,363.0
Cronulla,16754.0,8419.0,8335.0,36.0,13943.0,2587.0,183.0,4017.0,9122.0,2.0,1148.0,2000.0,250.0
Croudace Bay,394.0,201.0,193.0,46.0,381.0,27.0,0.0,125.0,158.0,2.6,1055.0,1454.0,230.0
Crows Nest,3154.0,1538.0,1616.0,33.0,2401.0,958.0,33.0,771.0,1761.0,1.9,1639.0,2200.0,330.0
Croydon,9646.0,4746.0,4900.0,38.0,7807.0,3844.0,129.0,2443.0,3607.0,2.8,1175.0,1907.0,270.0
Croydon Park,10456.0,5006.0,5450.0,37.0,8847.0,3937.0,69.0,2772.0,4239.0,2.7,1046.0,1800.0,220.0
Curl Curl,2116.0,1055.0,1061.0,36.0,1848.0,417.0,23.0,556.0,820.0,2.8,1634.0,2167.0,380.0
Currans Hill,4977.0,2466.0,2511.0,28.0,4521.0,769.0,13.0,1386.0,1716.0,3.1,1314.0,1798.0,250.0
Daceyville,1188.0,489.0,699.0,52.0,1017.0,384.0,0.0,250.0,616.0,1.9,363.0,2104.0,86.0
Daleys Point,528.0,247.0,281.0,59.0,484.0,99.0,5.0,165.0,307.0,2.1,787.0,1517.0,270.0
Dapto,10480.0,5121.0,5359.0,38.0,9441.0,2016.0,10.0,3056.0,4164.0,2.6,900.0,1430.0,190.0
Darling Point,3844.0,1686.0,2158.0,47.0,2922.0,1165.0,81.0,912.0,2468.0,1.8,1936.0,2800.0,451.0
Darlinghurst,10128.0,5932.0,4196.0,34.0,4839.0,2539.0,640.0,1227.0,6144.0,1.6,1462.0,2100.0,330.0
Darlington,2183.0,1125.0,1058.0,29.0,1335.0,670.0,150.0,329.0,919.0,2.3,1230.0,2000.0,340.0
Davidson,2424.0,1199.0,1225.0,41.0,2166.0,633.0,28.0,719.0,799.0,3.1,2055.0,2000.0,545.0
Davistown,2297.0,1094.0,1203.0,45.0,2135.0,237.0,9.0,650.0,1106.0,2.3,748.0,1625.0,210.0
Dawes Point,765.0,389.0,376.0,40.0,390.0,170.0,75.0,132.0,377.0,2.0,2650.0,4145.0,762.0
Dean Park,3109.0,1553.0,1556.0,29.0,2726.0,1079.0,11.0,789.0,978.0,3.3,1114.0,1517.0,210.0
Dee Why,17463.0,8693.0,8770.0,34.0,13178.0,6020.0,163.0,4491.0,8844.0,2.2,1118.0,2000.0,290.0
Denistone,3435.0,1709.0,1726.0,39.0,3075.0,993.0,28.0,972.0,1227.0,2.9,1745.0,2000.0,340.0
Denistone East,2032.0,1028.0,1004.0,40.0,1759.0,689.0,16.0,568.0,734.0,2.9,1555.0,1950.0,340.0
Denistone West,757.0,357.0,400.0,42.0,684.0,229.0,4.0,208.0,240.0,2.9,1757.0,1900.0,343.0
Dharruk,2804.0,1400.0,1404.0,30.0,2321.0,895.0,3.0,755.0,899.0,3.2,1045.0,1333.0,190.0
Dolans Bay,1228.0,628.0,600.0,40.0,1153.0,147.0,8.0,346.0,410.0,3.1,1876.0,2500.0,330.0
Dolls Point,1663.0,782.0,881.0,43.0,1373.0,547.0,13.0,426.0,955.0,1.9,1016.0,1800.0,250.0
Doonside,13031.0,6395.0,6636.0,33.0,10922.0,4684.0,60.0,3455.0,4469.0,3.0,1007.0,1554.0,170.0
Double Bay,4703.0,2108.0,2595.0,39.0,3691.0,1605.0,116.0,1129.0,2664.0,2.1,1815.0,2600.0,400.0
Dover Heights,3930.0,1850.0,2080.0,40.0,3301.0,1610.0,50.0,1012.0,1538.0,2.8,1859.0,2700.0,350.0
Drummoyne,10388.0,4914.0,5474.0,38.0,8598.0,2620.0,73.0,2631.0,5057.0,2.2,1726.0,2383.0,350.0
Dudley,2239.0,1121.0,1118.0,40.0,2095.0,185.0,0.0,657.0,893.0,2.6,1162.0,1390.0,210.0
Dulwich Hill,12209.0,5902.0,6307.0,36.0,9718.0,4519.0,119.0,3081.0,5719.0,2.3,1121.0,1800.0,230.0
Dundas,9676.0,4815.0,4861.0,37.0,7901.0,3733.0,102.0,2579.0,3963.0,2.5,978.0,1733.0,208.0
Dundas Valley,6251.0,3033.0,3218.0,37.0,5283.0,2205.0,55.0,1647.0,2476.0,2.7,1131.0,1920.0,255.0
Dural,7055.0,3403.0,3652.0,40.0,6243.0,1828.0,37.0,1840.0,2385.0,3.1,1637.0,2167.0,326.0
Eagle Vale,5590.0,2800.0,2790.0,30.0,4902.0,1579.0,17.0,1451.0,1775.0,3.3,1175.0,1391.0,210.0
Earlwood,16565.0,8081.0,8484.0,39.0,14444.0,6272.0,71.0,4619.0,6153.0,2.8,1121.0,2000.0,280.0
East Gosford,3514.0,1585.0,1929.0,46.0,3024.0,574.0,8.0,904.0,1926.0,2.0,679.0,1614.0,195.0
East Hills,2578.0,1283.0,1295.0,39.0,2361.0,515.0,13.0,715.0,1044.0,2.6,1042.0,1600.0,200.0
East Killara,2849.0,1468.0,1381.0,41.0,2386.0,1427.0,61.0,802.0,976.0,3.2,2176.0,2600.0,602.0
East Lindfield,3606.0,1737.0,1869.0,40.0,3181.0,1178.0,41.0,972.0,1297.0,3.1,2477.0,2600.0,599.0
East Ryde,2249.0,1107.0,1142.0,40.0,2058.0,563.0,8.0,647.0,818.0,2.9,1722.0,2202.0,380.0
Eastern Creek,546.0,274.0,272.0,30.0,494.0,120.0,0.0,148.0,194.0,3.0,900.0,1450.0,195.0
Eastlakes,6612.0,3304.0,3308.0,36.0,5021.0,3549.0,66.0,1798.0,2857.0,2.5,721.0,1674.0,220.0
Eastwood,14428.0,6955.0,7473.0,37.0,10951.0,6629.0,222.0,3789.0,5524.0,2.8,1125.0,1863.0,260.0
Edensor Park,9309.0,4604.0,4705.0,33.0,8398.0,4504.0,20.0,2485.0,2689.0,3.6,1160.0,1603.0,240.0
Edgecliff,1630.0,742.0,888.0,40.0,1173.0,537.0,37.0,319.0,1083.0,1.7,1436.0,2167.0,335.0
Edgeworth,5905.0,2857.0,3048.0,36.0,5488.0,421.0,13.0,1671.0,2386.0,2.5,855.0,1196.0,180.0
Elanora Heights,3789.0,1842.0,1947.0,39.0,3428.0,741.0,11.0,1064.0,1279.0,3.1,1615.0,2000.0,428.0
Elderslie,2649.0,1280.0,1369.0,38.0,2417.0,341.0,5.0,761.0,1046.0,2.7,1122.0,1733.0,220.0
Eleebana,5659.0,2774.0,2885.0,43.0,5322.0,673.0,17.0,1625.0,2040.0,2.9,1471.0,1304.0,250.0
Elermore Vale,4728.0,2292.0,2436.0,35.0,4332.0,552.0,8.0,1326.0,1756.0,2.8,1076.0,1300.0,185.0
Elizabeth Bay,4948.0,2518.0,2430.0,38.0,3213.0,1495.0,228.0,805.0,3667.0,1.5,1393.0,2036.0,300.0
Emerton,2216.0,1085.0,1131.0,32.0,1668.0,677.0,0.0,547.0,785.0,2.9,712.0,1138.0,160.0
Empire Bay,2373.0,1198.0,1175.0,39.0,2128.0,243.0,7.0,657.0,971.0,2.7,942.0,1600.0,215.0
Emu Heights,3318.0,1620.0,1698.0,31.0,3108.0,495.0,3.0,915.0,1098.0,3.1,1435.0,1548.0,230.0
Emu Plains,7944.0,3831.0,4113.0,36.0,7027.0,1347.0,18.0,2190.0,2974.0,2.6,1181.0,1547.0,231.0
Enfield,2569.0,1272.0,1297.0,38.0,2169.0,1111.0,22.0,693.0,1011.0,2.7,1069.0,1806.0,280.0
Engadine,17936.0,8958.0,8978.0,35.0,16741.0,2328.0,52.0,5208.0,6490.0,2.9,1422.0,1900.0,260.0
Enmore,3362.0,1655.0,1707.0,33.0,2508.0,968.0,34.0,662.0,1707.0,2.1,1158.0,2000.0,265.0
Epping,18970.0,9216.0,9754.0,37.0,15238.0,7841.0,242.0,5114.0,7195.0,2.8,1432.0,1950.0,300.0
Erina,4966.0,2163.0,2803.0,51.0,4497.0,953.0,25.0,1260.0,2158.0,2.2,766.0,1625.0,210.0
Ermington,10343.0,5052.0,5291.0,37.0,8953.0,3123.0,66.0,2716.0,4010.0,2.7,1024.0,1889.0,162.0
Erskine Park,6921.0,3447.0,3474.0,29.0,6186.0,1655.0,20.0,1813.0,1995.0,3.6,1523.0,1582.0,240.0
Erskineville,6558.0,3391.0,3167.0,32.0,5180.0,1988.0,47.0,1610.0,3650.0,2.1,1663.0,2167.0,340.0
Eschol Park,2599.0,1270.0,1329.0,30.0,2339.0,521.0,6.0,735.0,891.0,3.0,1173.0,1408.0,220.0
Ettalong Beach,4208.0,2035.0,2173.0,45.0,3668.0,512.0,46.0,1080.0,2421.0,2.1,592.0,1300.0,200.0
Fairfield,15483.0,7607.0,7876.0,34.0,11723.0,9300.0,63.0,3977.0,5680.0,3.0,666.0,1485.0,185.0
Fairfield East,4475.0,2240.0,2235.0,34.0,3757.0,2281.0,16.0,1121.0,1457.0,3.2,744.0,1733.0,160.0
Fairfield Heights,6003.0,2957.0,3046.0,35.0,4794.0,3418.0,22.0,1543.0,2092.0,3.1,781.0,1733.0,218.0
Fairfield West,10301.0,5103.0,5198.0,35.0,9031.0,5133.0,20.0,2826.0,3258.0,3.3,970.0,1517.0,220.0
Fairlight,5624.0,2659.0,2965.0,36.0,4440.0,1529.0,97.0,1496.0,2776.0,2.2,1680.0,2234.0,370.0
Fairy Meadow,6425.0,3166.0,3259.0,35.0,5482.0,1758.0,130.0,1610.0,2915.0,2.3,655.0,1460.0,180.0
Farmborough Heights,3854.0,1887.0,1967.0,34.0,3407.0,660.0,20.0,1007.0,1263.0,3.0,1345.0,1500.0,200.0
Faulconbridge,4014.0,1952.0,2062.0,37.0,3679.0,658.0,12.0,1138.0,1549.0,2.7,1275.0,1517.0,220.0
Fennell Bay,1549.0,763.0,786.0,44.0,1445.0,146.0,0.0,458.0,635.0,2.5,859.0,1221.0,183.0
Figtree,10386.0,5188.0,5198.0,39.0,9551.0,2228.0,32.0,2922.0,3955.0,2.7,1167.0,1517.0,200.0
Five Dock,7954.0,3764.0,4190.0,38.0,6698.0,2547.0,45.0,2183.0,3506.0,2.4,1261.0,2167.0,320.0
Fletcher,1935.0,990.0,945.0,31.0,1840.0,160.0,0.0,548.0,639.0,3.2,1639.0,1733.0,310.0
Flinders,4150.0,2029.0,2121.0,32.0,3751.0,766.0,0.0,1143.0,1444.0,3.0,1121.0,1692.0,240.0
Floraville,1494.0,732.0,762.0,37.0,1425.0,130.0,0.0,425.0,552.0,2.8,1126.0,1300.0,225.0
Forest Lodge,2407.0,1181.0,1226.0,32.0,1789.0,677.0,22.0,489.0,1217.0,2.2,1526.0,2200.0,320.0
Forestville,7802.0,3737.0,4065.0,40.0,6890.0,2241.0,67.0,2191.0,3001.0,2.7,1389.0,2167.0,390.0
Forresters Beach,2289.0,1156.0,1133.0,38.0,2069.0,268.0,9.0,651.0,946.0,2.8,1203.0,1517.0,245.0
Frenchs Forest,12557.0,6242.0,6315.0,38.0,11193.0,3392.0,100.0,3625.0,4255.0,3.1,1733.0,2200.0,450.0
Garden Suburb,1716.0,879.0,837.0,39.0,1576.0,176.0,7.0,496.0,619.0,2.9,1345.0,1331.0,200.0
Gateshead,3546.0,1711.0,1835.0,38.0,3294.0,231.0,6.0,1008.0,1446.0,2.6,645.0,1148.0,140.0
Georges Hall,8049.0,3993.0,4056.0,36.0,7295.0,2461.0,28.0,2184.0,2676.0,3.1,1176.0,1733.0,270.0
Georgetown,1857.0,892.0,965.0,36.0,1750.0,164.0,3.0,507.0,887.0,2.3,810.0,1300.0,195.0
Girraween,4058.0,2002.0,2056.0,36.0,3362.0,1752.0,39.0,1089.0,1574.0,2.7,1054.0,1751.0,220.0
Gladesville,10833.0,5168.0,5665.0,37.0,9376.0,2998.0,87.0,2776.0,4876.0,2.4,1188.0,2010.0,240.0
Glebe,11062.0,5176.0,5886.0,35.0,7979.0,3158.0,344.0,2262.0,5675.0,2.0,1068.0,2178.0,230.0
Glen Alpine,4403.0,2221.0,2182.0,37.0,4008.0,1076.0,7.0,1223.0,1296.0,3.5,1965.0,1842.0,370.0
Glenbrook,5138.0,2524.0,2614.0,36.0,4825.0,707.0,22.0,1401.0,1889.0,2.9,1579.0,1700.0,250.0
Glendale,2997.0,1456.0,1541.0,40.0,2840.0,249.0,7.0,847.0,1296.0,2.4,763.0,1200.0,157.0
Glendenning,4820.0,2389.0,2431.0,28.0,4123.0,1948.0,29.0,1286.0,1481.0,3.4,1250.0,1733.0,230.0
Glenfield,6759.0,3217.0,3542.0,37.0,5545.0,2207.0,24.0,1607.0,2397.0,2.8,1080.0,1452.0,190.0
Glenhaven,5622.0,2763.0,2859.0,38.0,5112.0,1259.0,34.0,1593.0,1821.0,3.3,2157.0,2167.0,380.0
Glenmore Park,19208.0,9311.0,9897.0,29.0,17382.0,3878.0,60.0,5268.0,6136.0,3.2,1580.0,1866.0,260.0
Glenning Valley,1913.0,914.0,999.0,36.0,1776.0,247.0,4.0,546.0,675.0,3.0,1246.0,1456.0,250.0
Glenwood,13900.0,6976.0,6924.0,31.0,11920.0,5440.0,190.0,3766.0,4246.0,3.4,1767.0,2114.0,345.0
Gordon,5993.0,2790.0,3203.0,43.0,5001.0,2245.0,115.0,1627.0,2147.0,2.9,1940.0,2626.0,405.0
Gorokan,7066.0,3340.0,3726.0,42.0,6406.0,837.0,15.0,1946.0,3552.0,2.2,616.0,1300.0,185.0
Gosford,3021.0,1578.0,1443.0,34.0,2217.0,618.0,17.0,636.0,1903.0,1.8,835.0,1444.0,210.0
Granville,22889.0,11659.0,11230.0,30.0,18219.0,10331.0,144.0,5646.0,8256.0,3.0,776.0,1517.0,200.0
Grays Point,2831.0,1423.0,1408.0,39.0,2643.0,400.0,7.0,800.0,925.0,3.1,1851.0,2000.0,380.0
Green Point,6462.0,3008.0,3454.0,44.0,5745.0,1069.0,28.0,1811.0,2631.0,2.5,984.0,1567.0,215.0
Green Valley,11959.0,5898.0,6061.0,30.0,10079.0,5629.0,33.0,2980.0,3393.0,3.6,1130.0,1700.0,240.0
Greenacre,22462.0,11005.0,11457.0,33.0,19420.0,8966.0,93.0,5476.0,7358.0,3.2,823.0,1702.0,200.0
Greenfield Park,5271.0,2592.0,2679.0,33.0,4682.0,2808.0,13.0,1375.0,1511.0,3.6,1126.0,1517.0,240.0
Greenwich,5054.0,2491.0,2563.0,39.0,4106.0,1436.0,147.0,1263.0,2076.0,2.5,1951.0,2300.0,330.0
Greystanes,20140.0,9892.0,10248.0,37.0,18139.0,5901.0,66.0,5727.0,7041.0,2.9,1168.0,1733.0,250.0
Guildford,11259.0,5546.0,5713.0,32.0,8887.0,4432.0,54.0,2681.0,4212.0,2.9,797.0,1569.0,210.0
Guildford West,4215.0,2117.0,2098.0,33.0,3531.0,1239.0,9.0,1092.0,1493.0,3.0,1006.0,1517.0,235.0
Gwynneville,2524.0,1279.0,1245.0,30.0,1884.0,852.0,107.0,554.0,1155.0,2.3,656.0,1517.0,170.0
Gymea,6800.0,3305.0,3495.0,36.0,6130.0,1152.0,27.0,1956.0,3025.0,2.4,1153.0,1950.0,260.0
Gymea Bay,7420.0,3603.0,3817.0,37.0,6971.0,863.0,28.0,2087.0,2534.0,3.1,1781.0,2078.0,345.0
Haberfield,6589.0,3202.0,3387.0,42.0,5819.0,2057.0,62.0,1802.0,2505.0,2.7,1291.0,2100.0,280.0
Halekulani,2379.0,1166.0,1213.0,44.0,2140.0,266.0,0.0,662.0,1140.0,2.3,586.0,1213.0,185.0
Hamilton,3711.0,1782.0,1929.0,37.0,3335.0,585.0,22.0,844.0,1884.0,2.1,805.0,1300.0,210.0
Hamilton East,960.0,456.0,504.0,44.0,885.0,103.0,19.0,250.0,437.0,2.5,1148.0,1500.0,213.0
Hamilton North,837.0,408.0,429.0,34.0,765.0,73.0,6.0,203.0,414.0,2.2,907.0,1400.0,220.0
Hamilton South,3924.0,1958.0,1966.0,42.0,3499.0,522.0,13.0,946.0,1962.0,2.2,610.0,1600.0,90.0
Hammondville,2878.0,1329.0,1549.0,35.0,2629.0,725.0,7.0,734.0,1057.0,2.8,1195.0,1690.0,225.0
Harrington Park,6055.0,2943.0,3112.0,31.0,5384.0,1072.0,20.0,1637.0,1902.0,3.4,1692.0,2063.0,350.0
Harris Park,6854.0,3695.0,3159.0,30.0,4123.0,3962.0,195.0,1584.0,3072.0,2.5,886.0,1400.0,200.0
Hassall Grove,4371.0,2216.0,2155.0,27.0,3871.0,1606.0,17.0,1125.0,1262.0,3.6,1201.0,1625.0,230.0
Haymarket,4312.0,2154.0,2158.0,26.0,902.0,2903.0,1105.0,575.0,1554.0,2.8,844.0,2085.0,500.0
Heathcote,5853.0,2825.0,3028.0,38.0,5523.0,652.0,15.0,1591.0,2047.0,2.9,1365.0,1794.0,285.0
Hebersham,5700.0,2797.0,2903.0,29.0,4760.0,1610.0,26.0,1450.0,1830.0,3.2,871.0,1300.0,175.0
Heckenberg,2870.0,1415.0,1455.0,30.0,2434.0,973.0,7.0,741.0,940.0,3.2,692.0,1517.0,150.0
Henley,478.0,232.0,246.0,43.0,426.0,110.0,0.0,127.0,183.0,2.9,2527.0,2500.0,360.0
Highfields,686.0,328.0,358.0,39.0,644.0,64.0,0.0,188.0,288.0,2.5,1075.0,1300.0,200.0
Hillsborough,663.0,333.0,330.0,37.0,632.0,39.0,0.0,189.0,234.0,2.9,1133.0,1083.0,215.0
Hillsdale,4567.0,2301.0,2266.0,32.0,3310.0,2495.0,44.0,1226.0,1959.0,2.5,948.0,1559.0,225.0
Hinchinbrook,10431.0,5159.0,5272.0,29.0,9128.0,4558.0,34.0,2738.0,3004.0,3.6,1228.0,1733.0,250.0
Holmesville,1542.0,768.0,774.0,34.0,1483.0,85.0,0.0,446.0,555.0,2.9,1054.0,1163.0,195.0
Holsworthy,4361.0,2353.0,2008.0,27.0,3908.0,1129.0,15.0,1092.0,1332.0,3.3,1479.0,1733.0,250.0
Homebush,7016.0,3552.0,3464.0,30.0,4337.0,3901.0,139.0,1680.0,2614.0,2.8,1111.0,2000.0,300.0
Homebush West,4172.0,2142.0,2030.0,30.0,2457.0,2695.0,61.0,1088.0,1939.0,2.4,882.0,1733.0,250.0
Horningsea Park,3515.0,1743.0,1772.0,29.0,2948.0,1232.0,8.0,908.0,1024.0,3.5,1456.0,2000.0,280.0
Hornsby,18702.0,9176.0,9526.0,35.0,14832.0,7718.0,204.0,5093.0,8078.0,2.4,1139.0,1800.0,266.0
Hornsby Heights,5898.0,2930.0,2968.0,37.0,5328.0,1463.0,23.0,1710.0,2022.0,3.0,1741.0,1838.0,340.0
Horsley,6798.0,3373.0,3425.0,32.0,6197.0,1114.0,10.0,1892.0,2211.0,3.2,1389.0,1603.0,250.0
Hoxton Park,3663.0,1812.0,1851.0,29.0,3119.0,1600.0,24.0,936.0,1092.0,3.5,1192.0,1800.0,250.0
Hunters Hill,9024.0,4572.0,4452.0,41.0,7722.0,2214.0,85.0,2007.0,3149.0,2.6,1842.0,3000.0,275.0
Huntleys Point,178.0,94.0,84.0,47.0,166.0,34.0,0.0,50.0,60.0,3.2,2666.0,2600.0,700.0
Hurlstone Park,4769.0,2343.0,2426.0,39.0,4032.0,1940.0,46.0,1324.0,1941.0,2.6,1119.0,1675.0,230.0
Hurstville,23331.0,11437.0,11894.0,33.0,16481.0,13636.0,368.0,6186.0,8851.0,2.8,968.0,1733.0,270.0
Hurstville Grove,2331.0,1165.0,1166.0,39.0,2165.0,673.0,5.0,676.0,829.0,3.1,1374.0,2000.0,320.0
Illawong,7549.0,3766.0,3783.0,38.0,7060.0,1593.0,23.0,2039.0,2307.0,3.4,1991.0,1824.0,380.0
Ingleburn,13540.0,6693.0,6847.0,35.0,11470.0,4163.0,57.0,3702.0,5222.0,2.7,1053.0,1450.0,190.0
Ingleside,272.0,139.0,133.0,38.0,240.0,56.0,0.0,71.0,99.0,3.1,1429.0,1751.0,300.0
Islington,1530.0,748.0,782.0,35.0,1211.0,160.0,8.0,336.0,801.0,2.1,731.0,1265.0,188.0
Jamisontown,4786.0,2361.0,2425.0,33.0,4275.0,839.0,12.0,1274.0,2018.0,2.5,1066.0,1376.0,210.0
Jannali,5556.0,2726.0,2830.0,36.0,5041.0,901.0,14.0,1524.0,2273.0,2.6,1159.0,1950.0,210.0
Jesmond,2441.0,1135.0,1306.0,32.0,1827.0,665.0,58.0,523.0,1145.0,2.2,552.0,1083.0,180.0
Jewells,2569.0,1283.0,1286.0,41.0,2402.0,200.0,12.0,759.0,937.0,2.8,1255.0,1430.0,240.0
Kahibah,2475.0,1228.0,1247.0,40.0,2316.0,244.0,4.0,722.0,1107.0,2.4,945.0,1300.0,200.0
Kanahooka,4939.0,2376.0,2563.0,45.0,4497.0,1059.0,8.0,1442.0,1953.0,2.6,936.0,1365.0,215.0
Kangaroo Point,577.0,288.0,289.0,44.0,532.0,126.0,6.0,177.0,213.0,3.1,2586.0,4000.0,550.0
Kanwal,3679.0,1758.0,1921.0,39.0,3313.0,441.0,5.0,1012.0,1485.0,2.6,777.0,1300.0,200.0
Kareela,2435.0,1198.0,1237.0,42.0,2294.0,522.0,10.0,752.0,872.0,2.9,1714.0,2000.0,380.0
Kariong,6113.0,3022.0,3091.0,32.0,5409.0,994.0,19.0,1671.0,2058.0,3.1,1188.0,1532.0,235.0
Kearns,2757.0,1389.0,1368.0,30.0,2549.0,537.0,5.0,729.0,873.0,3.2,1350.0,1560.0,215.0
Keiraville,3070.0,1547.0,1523.0,36.0,2422.0,916.0,117.0,738.0,1281.0,2.5,966.0,1500.0,200.0
Kellyville,18362.0,9121.0,9241.0,32.0,16078.0,5373.0,75.0,4947.0,5736.0,3.4,1870.0,2167.0,370.0
Kembla Grange,148.0,71.0,77.0,37.0,125.0,18.0,0.0,43.0,56.0,2.9,1179.0,1800.0,150.0
Kensington,10849.0,5498.0,5351.0,30.0,7408.0,4893.0,364.0,2183.0,4390.0,2.4,1171.0,2058.0,300.0
Kilaben Bay,1274.0,605.0,669.0,44.0,1183.0,166.0,16.0,364.0,517.0,2.7,1153.0,1534.0,238.0
Killara,8974.0,4173.0,4801.0,42.0,7770.0,2781.0,109.0,2379.0,3320.0,2.9,2237.0,2500.0,410.0
Killarney Heights,4135.0,2013.0,2122.0,40.0,3646.0,1308.0,44.0,1201.0,1414.0,3.1,1899.0,2350.0,500.0
Killarney Vale,6781.0,3183.0,3598.0,40.0,6218.0,656.0,8.0,1868.0,2921.0,2.5,735.0,1404.0,200.0
Kincumber,7141.0,3291.0,3850.0,43.0,6568.0,959.0,15.0,1884.0,3062.0,2.4,696.0,1408.0,210.0
Kincumber South,707.0,315.0,392.0,61.0,625.0,147.0,8.0,177.0,390.0,1.8,474.0,1207.0,126.0
Kings Langley,9213.0,4606.0,4607.0,36.0,8249.0,2382.0,33.0,2657.0,3137.0,3.0,1644.0,1700.0,280.0
Kings Park,3266.0,1664.0,1602.0,33.0,2913.0,859.0,15.0,964.0,1221.0,2.8,1327.0,1733.0,245.0
Kingsford,14234.0,7244.0,6990.0,31.0,9581.0,6558.0,256.0,3312.0,5911.0,2.6,1042.0,2015.0,315.0
Kingsgrove,10695.0,5213.0,5482.0,40.0,9344.0,4277.0,51.0,3061.0,4062.0,2.8,1042.0,1733.0,265.0
Kingswood,8182.0,4037.0,4145.0,32.0,6991.0,1839.0,79.0,2106.0,3646.0,2.4,885.0,1400.0,195.0
Kirrawee,8944.0,4321.0,4623.0,37.0,8193.0,1406.0,33.0,2501.0,3640.0,2.5,1164.0,1950.0,238.0
Kirribilli,3481.0,1684.0,1797.0,39.0,2444.0,1203.0,152.0,762.0,2400.0,1.7,1648.0,2400.0,341.0
Kogarah,11715.0,5810.0,5905.0,34.0,8207.0,6071.0,173.0,3008.0,4900.0,2.5,1025.0,1733.0,240.0
Kogarah Bay,1877.0,921.0,956.0,41.0,1705.0,526.0,15.0,517.0,692.0,2.9,1248.0,2200.0,330.0
Koolewong,870.0,438.0,432.0,45.0,720.0,148.0,3.0,221.0,404.0,2.4,1034.0,1300.0,220.0
Koonawarra,3630.0,1788.0,1842.0,34.0,3209.0,712.0,3.0,1057.0,1312.0,2.8,710.0,1213.0,136.0
Kotara,3946.0,1916.0,2030.0,40.0,3730.0,380.0,7.0,1173.0,1646.0,2.5,1024.0,1300.0,220.0
Kotara South,1161.0,567.0,594.0,39.0,1106.0,109.0,0.0,353.0,478.0,2.5,977.0,1408.0,182.0
Kurnell,2110.0,1075.0,1035.0,35.0,1870.0,350.0,3.0,577.0,773.0,2.9,1187.0,1777.0,300.0
Kyeemagh,790.0,385.0,405.0,41.0,737.0,289.0,0.0,237.0,336.0,2.7,967.0,2000.0,350.0
Kyle Bay,1268.0,618.0,650.0,41.0,1177.0,297.0,3.0,367.0,455.0,3.1,1769.0,2500.0,395.0
La Perouse,391.0,204.0,187.0,39.0,342.0,62.0,6.0,95.0,137.0,3.0,1124.0,1868.0,120.0
Lake Haven,3615.0,1662.0,1953.0,45.0,3266.0,540.0,4.0,1000.0,1586.0,2.4,609.0,1300.0,185.0
Lake Heights,2922.0,1425.0,1497.0,41.0,2567.0,1020.0,6.0,864.0,1273.0,2.5,720.0,1324.0,178.0
Lake Illawarra,3119.0,1521.0,1598.0,42.0,2737.0,598.0,6.0,843.0,1556.0,2.2,597.0,1181.0,150.0
Lakelands,1562.0,751.0,811.0,38.0,1490.0,177.0,0.0,433.0,516.0,3.1,1565.0,1323.0,230.0
Lakemba,14468.0,7542.0,6926.0,31.0,10088.0,8232.0,108.0,3513.0,5470.0,2.8,686.0,1285.0,175.0
Lalor Park,7164.0,3584.0,3580.0,36.0,6190.0,1438.0,17.0,1892.0,3021.0,2.5,773.0,1500.0,130.0
Lambton,4681.0,2223.0,2458.0,37.0,4273.0,534.0,29.0,1268.0,2038.0,2.4,928.0,1400.0,200.0
Lane Cove,9077.0,4225.0,4852.0,38.0,7549.0,2879.0,99.0,2350.0,4212.0,2.3,1562.0,2157.0,295.0
Lane Cove North,8818.0,4249.0,4569.0,34.0,7009.0,3143.0,131.0,2238.0,4293.0,2.2,1494.0,2027.0,280.0
Lane Cove West,2202.0,1059.0,1143.0,36.0,1963.0,639.0,11.0,598.0,862.0,2.7,1821.0,2383.0,315.0
Lansvale,2324.0,1199.0,1125.0,37.0,2028.0,1003.0,9.0,636.0,816.0,3.0,957.0,1500.0,200.0
Lapstone,854.0,443.0,411.0,43.0,800.0,135.0,10.0,265.0,349.0,2.6,1436.0,1600.0,260.0
Lavender Bay,910.0,429.0,481.0,37.0,671.0,260.0,113.0,230.0,608.0,1.8,1823.0,2500.0,320.0
Leichhardt,12248.0,5773.0,6475.0,35.0,10029.0,3429.0,101.0,3170.0,6027.0,2.2,1516.0,2200.0,340.0
Leonay,2414.0,1222.0,1192.0,39.0,2194.0,480.0,11.0,736.0,881.0,2.9,1711.0,1717.0,290.0
Lethbridge Park,4633.0,2244.0,2389.0,31.0,3752.0,953.0,16.0,1186.0,1726.0,2.8,635.0,1212.0,140.0
Leumeah,8661.0,4278.0,4383.0,35.0,7520.0,2129.0,31.0,2403.0,3373.0,2.7,1001.0,1400.0,180.0
Lewisham,2761.0,1330.0,1431.0,39.0,2324.0,829.0,11.0,655.0,1211.0,2.3,1138.0,1907.0,235.0
Liberty Grove,2041.0,994.0,1047.0,31.0,1506.0,1017.0,35.0,589.0,793.0,2.7,1988.0,2101.0,365.0
Lidcombe,14162.0,7129.0,7033.0,34.0,10226.0,7804.0,153.0,3460.0,4916.0,3.0,991.0,1733.0,240.0
Lilli Pilli,2179.0,1064.0,1115.0,41.0,1987.0,265.0,6.0,581.0,715.0,3.1,1976.0,2687.0,450.0
Lilyfield,6761.0,3229.0,3532.0,38.0,5664.0,1754.0,64.0,1725.0,3136.0,2.3,1431.0,2316.0,280.0
Lindfield,7349.0,3541.0,3808.0,40.0,6373.0,2362.0,59.0,1932.0,2782.0,2.8,1926.0,2450.0,331.0
Linley Point,347.0,170.0,177.0,43.0,312.0,106.0,0.0,96.0,134.0,2.8,2678.0,3325.0,465.0
Lisarow,5284.0,2582.0,2702.0,34.0,4783.0,803.0,22.0,1431.0,1729.0,3.2,1335.0,1603.0,240.0
Little Bay,1827.0,908.0,919.0,41.0,1570.0,455.0,8.0,474.0,765.0,2.6,1080.0,2112.0,117.0
Liverpool,21318.0,10528.0,10790.0,33.0,15041.0,11842.0,94.0,5219.0,8302.0,2.7,760.0,1400.0,180.0
Loftus,3981.0,2010.0,1971.0,37.0,3738.0,475.0,8.0,1163.0,1440.0,2.9,1401.0,1897.0,310.0
Long Jetty,5115.0,2432.0,2683.0,44.0,4444.0,589.0,5.0,1290.0,3056.0,2.1,599.0,1343.0,190.0
Long Point,339.0,165.0,174.0,34.0,310.0,75.0,0.0,94.0,118.0,3.1,1212.0,1517.0,160.0
Longueville,2037.0,1045.0,992.0,42.0,1846.0,393.0,19.0,551.0,685.0,3.2,2795.0,3800.0,613.0
Lugarno,5707.0,2799.0,2908.0,42.0,5300.0,1089.0,19.0,1692.0,2009.0,2.9,1530.0,2000.0,330.0
Lurnea,7462.0,3691.0,3771.0,32.0,5947.0,2446.0,17.0,1858.0,2624.0,2.9,743.0,1474.0,200.0
Macquarie Fields,12973.0,6357.0,6616.0,32.0,10595.0,3889.0,49.0,3310.0,4756.0,2.9,859.0,1400.0,170.0
Macquarie Hills,2007.0,1013.0,994.0,35.0,1895.0,164.0,14.0,584.0,690.0,3.0,1315.0,1387.0,240.0
Macquarie Links,911.0,471.0,440.0,34.0,787.0,292.0,3.0,234.0,309.0,3.5,2299.0,2500.0,420.0
Macquarie Park,5599.0,2540.0,3059.0,31.0,3416.0,2757.0,757.0,1055.0,2734.0,1.9,989.0,1625.0,255.0
Malabar,4692.0,2847.0,1845.0,41.0,2882.0,1176.0,26.0,820.0,1471.0,2.5,1034.0,2000.0,105.0
Mangerton,2804.0,1372.0,1432.0,37.0,2379.0,537.0,14.0,700.0,1213.0,2.5,1034.0,1674.0,135.0
Manly,13949.0,6877.0,7072.0,35.0,8966.0,4808.0,652.0,3091.0,7733.0,2.1,1591.0,2300.0,380.0
Manly Vale,5067.0,2522.0,2545.0,35.0,4207.0,1536.0,49.0,1359.0,2402.0,2.3,1195.0,1958.0,300.0
Marayong,6821.0,3359.0,3462.0,36.0,5847.0,2277.0,26.0,1822.0,2530.0,2.8,993.0,1517.0,200.0
Mardi,2932.0,1405.0,1527.0,33.0,2540.0,553.0,3.0,797.0,1062.0,2.8,1098.0,1700.0,230.0
Marks Point,1655.0,794.0,861.0,44.0,1531.0,128.0,4.0,461.0,879.0,2.1,636.0,1472.0,173.0
Marmong Point,395.0,205.0,190.0,48.0,378.0,30.0,0.0,109.0,200.0,2.2,861.0,1148.0,185.0
Maroubra,26538.0,12959.0,13579.0,36.0,20486.0,9869.0,320.0,6697.0,11816.0,2.4,1101.0,2167.0,300.0
Marrickville,23161.0,11437.0,11724.0,36.0,18676.0,9694.0,255.0,5727.0,9968.0,2.5,1048.0,1798.0,225.0
Marsfield,11895.0,5530.0,6365.0,34.0,8554.0,5449.0,267.0,2902.0,5125.0,2.4,1176.0,1931.0,295.0
Maryland,7603.0,3744.0,3859.0,32.0,7153.0,717.0,13.0,2172.0,2668.0,2.9,1119.0,1317.0,215.0
Maryville,1391.0,683.0,708.0,34.0,1164.0,136.0,0.0,355.0,699.0,2.2,949.0,1322.0,250.0
Mascot,8517.0,4257.0,4260.0,35.0,6697.0,3486.0,169.0,2290.0,3367.0,2.7,1109.0,2037.0,300.0
Matraville,8787.0,4167.0,4620.0,39.0,7470.0,2933.0,43.0,2332.0,3361.0,2.8,1056.0,1952.0,250.0
Mayfield,9010.0,4378.0,4632.0,37.0,8018.0,1219.0,50.0,2161.0,4308.0,2.2,676.0,1300.0,180.0
Mayfield East,1482.0,736.0,746.0,35.0,1348.0,149.0,3.0,376.0,735.0,2.2,725.0,1300.0,190.0
Mayfield West,1648.0,834.0,814.0,38.0,1485.0,174.0,0.0,436.0,774.0,2.2,677.0,1213.0,160.0
Mays Hill,694.0,358.0,336.0,35.0,539.0,302.0,11.0,167.0,272.0,2.7,1043.0,1764.0,240.0
McMahons Point,2049.0,979.0,1070.0,37.0,1435.0,681.0,58.0,492.0,1326.0,1.8,1832.0,2500.0,369.0
Meadowbank,2683.0,1378.0,1305.0,32.0,1644.0,1168.0,44.0,572.0,1500.0,1.9,1041.0,1517.0,225.0
Melrose Park,2012.0,1019.0,993.0,36.0,1783.0,545.0,3.0,558.0,739.0,2.9,1366.0,2000.0,280.0
Menai,10782.0,5288.0,5494.0,32.0,9811.0,2096.0,35.0,2917.0,3500.0,3.2,1659.0,1900.0,290.0
Merewether,10368.0,5071.0,5297.0,37.0,9557.0,1043.0,39.0,2546.0,4812.0,2.3,1116.0,1646.0,220.0
Merewether Heights,1374.0,693.0,681.0,41.0,1309.0,131.0,5.0,417.0,540.0,2.7,1359.0,1733.0,320.0
Merrylands,20895.0,10380.0,10515.0,33.0,16393.0,9321.0,130.0,5319.0,7976.0,2.8,873.0,1600.0,220.0
Merrylands West,5805.0,2764.0,3041.0,36.0,4917.0,2099.0,21.0,1459.0,2298.0,2.6,799.0,1517.0,210.0
Middle Cove,1023.0,503.0,520.0,43.0,916.0,315.0,13.0,301.0,372.0,2.9,2359.0,3000.0,571.0
Miller,2998.0,1473.0,1525.0,34.0,2487.0,916.0,6.0,717.0,1201.0,2.7,498.0,1300.0,101.0
Millers Point,2014.0,1007.0,1007.0,38.0,934.0,458.0,171.0,320.0,1195.0,1.8,1300.0,2838.0,252.0
Milperra,3886.0,1948.0,1938.0,37.0,3640.0,541.0,22.0,1146.0,1330.0,3.0,1406.0,1720.0,300.0
Milsons Point,1552.0,804.0,748.0,37.0,867.0,598.0,137.0,362.0,1054.0,1.9,2574.0,3000.0,520.0
Minchinbury,5282.0,2580.0,2702.0,30.0,4684.0,1745.0,31.0,1421.0,1594.0,3.5,1386.0,1700.0,250.0
Minmi,732.0,367.0,365.0,31.0,695.0,39.0,0.0,204.0,235.0,3.2,1121.0,1300.0,188.0
Minto,10986.0,5295.0,5691.0,29.0,9017.0,3533.0,35.0,2821.0,3793.0,3.0,883.0,1452.0,165.0
Miranda,13077.0,6270.0,6807.0,37.0,11266.0,2942.0,62.0,3523.0,5945.0,2.4,1076.0,1902.0,265.0
Mona Vale,9537.0,4644.0,4893.0,41.0,8315.0,2116.0,55.0,2490.0,3962.0,2.6,1263.0,2150.0,350.0
Monterey,4150.0,2009.0,2141.0,41.0,3336.0,1398.0,17.0,1070.0,1901.0,2.4,1019.0,1905.0,260.0
Moorebank,7599.0,3830.0,3769.0,34.0,6690.0,2132.0,14.0,2107.0,2741.0,2.9,1166.0,1733.0,223.0
Mortdale,9641.0,4729.0,4912.0,36.0,8245.0,2908.0,71.0,2549.0,4136.0,2.4,1104.0,1798.0,225.0
Mortlake,489.0,252.0,237.0,38.0,396.0,145.0,3.0,152.0,244.0,2.3,1775.0,2683.0,370.0
Mosman,26236.0,12002.0,14234.0,40.0,20945.0,7826.0,325.0,6633.0,12608.0,2.3,1916.0,2600.0,345.0
Mount Annan,8383.0,4129.0,4254.0,30.0,7706.0,1263.0,26.0,2324.0,2613.0,3.3,1594.0,1900.0,280.0
Mount Colah,6975.0,3431.0,3544.0,36.0,6337.0,1734.0,26.0,1971.0,2392.0,3.0,1602.0,1812.0,335.0
Mount Druitt,13583.0,6823.0,6760.0,30.0,10188.0,6211.0,92.0,3370.0,4868.0,3.0,861.0,1500.0,195.0
Mount Hutton,3107.0,1466.0,1641.0,37.0,2871.0,278.0,5.0,854.0,1261.0,2.6,725.0,1300.0,170.0
Mount Keira,1445.0,705.0,740.0,38.0,1312.0,250.0,11.0,415.0,527.0,2.9,1420.0,1569.0,215.0
Mount Kembla,908.0,471.0,437.0,38.0,820.0,129.0,3.0,244.0,333.0,2.9,1406.0,1703.0,188.0
Mount Lewis,1095.0,539.0,556.0,34.0,987.0,430.0,4.0,287.0,355.0,3.3,845.0,1767.0,219.0
Mount Ousley,1685.0,837.0,848.0,40.0,1574.0,320.0,5.0,491.0,676.0,2.6,1118.0,1600.0,240.0
Mount Pleasant,906.0,458.0,448.0,42.0,833.0,185.0,0.0,255.0,342.0,2.8,1647.0,1733.0,273.0
Mount Pritchard,8895.0,4451.0,4444.0,35.0,7576.0,3387.0,14.0,2297.0,2991.0,3.0,798.0,1500.0,180.0
Mount Riverview,2993.0,1489.0,1504.0,38.0,2770.0,455.0,0.0,872.0,1100.0,2.8,1495.0,1602.0,250.0
Mount Saint Thomas,1484.0,698.0,786.0,37.0,1340.0,335.0,5.0,422.0,642.0,2.5,922.0,1420.0,140.0
Mount Warrigal,5181.0,2561.0,2620.0,39.0,4637.0,1179.0,8.0,1508.0,1890.0,2.8,922.0,1387.0,195.0
Narara,7791.0,3805.0,3986.0,35.0,7020.0,1209.0,38.0,2193.0,2904.0,2.8,1093.0,1473.0,215.0
Narellan,3508.0,1704.0,1804.0,34.0,3149.0,447.0,4.0,950.0,1270.0,2.8,1128.0,1517.0,230.0
Narellan Vale,7349.0,3588.0,3761.0,30.0,6761.0,1015.0,20.0,2061.0,2414.0,3.2,1466.0,1750.0,260.0
Naremburn,4951.0,2375.0,2576.0,35.0,4089.0,1561.0,58.0,1334.0,2302.0,2.4,1988.0,2500.0,400.0
Narrabeen,6436.0,3107.0,3329.0,42.0,5436.0,1229.0,23.0,1498.0,3283.0,2.0,1090.0,2100.0,300.0
Narraweena,5470.0,2620.0,2850.0,40.0,4814.0,1428.0,24.0,1479.0,2220.0,2.6,1003.0,2100.0,154.0
Narwee,5019.0,2387.0,2632.0,40.0,4155.0,2202.0,39.0,1328.0,2052.0,2.6,844.0,1600.0,180.0
Neutral Bay,10278.0,4847.0,5431.0,35.0,7449.0,3420.0,156.0,2386.0,6058.0,1.9,1723.0,2383.0,334.0
New Lambton,9236.0,4388.0,4848.0,38.0,8507.0,976.0,24.0,2462.0,4208.0,2.3,923.0,1367.0,190.0
New Lambton Heights,1793.0,898.0,895.0,41.0,1676.0,207.0,7.0,470.0,617.0,2.9,1778.0,1473.0,243.0
Newcastle,1737.0,894.0,843.0,36.0,1355.0,245.0,120.0,324.0,1112.0,1.9,1197.0,1876.0,290.0
Newcastle East,975.0,502.0,473.0,37.0,756.0,116.0,46.0,180.0,605.0,1.9,840.0,2167.0,185.0
Newcastle West,349.0,195.0,154.0,32.0,280.0,54.0,21.0,55.0,242.0,1.6,958.0,1714.0,275.0
Newington,4912.0,2419.0,2493.0,33.0,3451.0,2385.0,81.0,1367.0,1984.0,2.8,1701.0,2357.0,350.0
Newport,9227.0,4553.0,4674.0,40.0,8025.0,1920.0,73.0,2536.0,4044.0,2.6,1484.0,2188.0,330.0
Newtown,13550.0,6820.0,6730.0,32.0,9417.0,3609.0,366.0,2513.0,6839.0,2.0,1394.0,2128.0,310.0
Niagara Park,2289.0,1108.0,1181.0,35.0,2104.0,327.0,10.0,648.0,875.0,2.7,1067.0,1408.0,200.0
Norah Head,1144.0,575.0,569.0,45.0,1013.0,107.0,3.0,317.0,492.0,2.6,952.0,1500.0,205.0
Noraville,2548.0,1281.0,1267.0,40.0,2354.0,257.0,3.0,674.0,1220.0,2.4,723.0,1517.0,185.0
Normanhurst,4786.0,2148.0,2638.0,40.0,4260.0,1235.0,25.0,1195.0,1722.0,2.7,1467.0,2011.0,300.0
North Avoca,2270.0,1129.0,1141.0,36.0,1970.0,296.0,10.0,601.0,1087.0,2.7,1420.0,1800.0,280.0
North Balgowlah,3309.0,1625.0,1684.0,37.0,2902.0,762.0,42.0,926.0,1167.0,3.0,1760.0,2500.0,385.0
North Bondi,8550.0,4247.0,4303.0,34.0,6388.0,2758.0,174.0,1936.0,4030.0,2.4,1544.0,2400.0,350.0
North Curl Curl,3371.0,1669.0,1702.0,37.0,2996.0,736.0,36.0,915.0,1192.0,3.0,1701.0,2167.0,400.0
North Epping,4183.0,2038.0,2145.0,40.0,3792.0,1160.0,34.0,1206.0,1515.0,2.9,1586.0,2000.0,350.0
North Gosford,3438.0,1646.0,1792.0,34.0,2965.0,562.0,19.0,914.0,1481.0,2.5,1001.0,1376.0,210.0
North Lambton,3020.0,1551.0,1469.0,34.0,2678.0,440.0,27.0,798.0,1292.0,2.4,905.0,1289.0,215.0
North Manly,2736.0,1361.0,1375.0,38.0,2336.0,743.0,21.0,734.0,959.0,2.9,1466.0,2167.0,400.0
North Narrabeen,5279.0,2636.0,2643.0,37.0,4559.0,994.0,62.0,1441.0,1973.0,2.8,1421.0,2167.0,375.0
North Parramatta,8365.0,4254.0,4111.0,33.0,5784.0,3119.0,96.0,1729.0,3896.0,2.1,1025.0,1600.0,220.0
North Rocks,7234.0,3525.0,3709.0,40.0,6514.0,2068.0,33.0,2084.0,2545.0,3.0,1619.0,1924.0,320.0
North Ryde,10195.0,4959.0,5236.0,40.0,8828.0,3278.0,72.0,2718.0,3712.0,2.8,1238.0,2000.0,301.0
North St Marys,3646.0,1825.0,1821.0,33.0,3092.0,785.0,4.0,984.0,1368.0,2.8,762.0,1406.0,171.0
North Strathfield,3281.0,1565.0,1716.0,33.0,2590.0,1326.0,65.0,875.0,1382.0,2.5,1392.0,2000.0,305.0
North Sydney,6059.0,2961.0,3098.0,34.0,4064.0,2130.0,241.0,1272.0,3553.0,1.8,1605.0,2400.0,335.0
North Turramurra,3840.0,1712.0,2128.0,50.0,3279.0,1053.0,31.0,1044.0,1501.0,2.6,1565.0,2200.0,493.0
North Wahroonga,2234.0,1098.0,1136.0,42.0,1977.0,725.0,16.0,663.0,752.0,3.2,2407.0,2383.0,500.0
North Willoughby,3847.0,1829.0,2018.0,37.0,3260.0,1335.0,42.0,1072.0,1639.0,2.6,1467.0,2393.0,340.0
North Wollongong,1769.0,969.0,800.0,29.0,1351.0,524.0,107.0,304.0,934.0,2.0,792.0,1575.0,210.0
Northbridge,6031.0,2973.0,3058.0,40.0,5337.0,1583.0,69.0,1603.0,2280.0,2.9,2387.0,2700.0,421.0
Northmead,6969.0,3375.0,3594.0,35.0,6072.0,1645.0,41.0,1932.0,2912.0,2.6,1272.0,1842.0,270.0
Northwood,905.0,432.0,473.0,42.0,816.0,190.0,3.0,256.0,329.0,3.1,2831.0,3500.0,530.0
Oak Flats,6400.0,3152.0,3248.0,39.0,5726.0,1215.0,7.0,1829.0,2474.0,2.7,922.0,1300.0,200.0
Oakhurst,6522.0,3244.0,3278.0,28.0,5666.0,2498.0,26.0,1674.0,1916.0,3.5,1229.0,1700.0,230.0
Oatlands,5350.0,2570.0,2780.0,38.0,4633.0,1658.0,69.0,1404.0,1965.0,2.9,1402.0,2000.0,310.0
Oatley,9531.0,4620.0,4911.0,41.0,8781.0,1828.0,49.0,2626.0,3782.0,2.7,1444.0,2000.0,260.0
Old Guildford,2272.0,1123.0,1149.0,30.0,1903.0,825.0,9.0,541.0,683.0,3.5,907.0,1649.0,225.0
Old Toongabbie,5063.0,2367.0,2696.0,40.0,4481.0,1466.0,28.0,1403.0,2060.0,2.5,988.0,1733.0,215.0
Ourimbah,3074.0,1515.0,1559.0,32.0,2751.0,457.0,4.0,815.0,1152.0,2.8,1108.0,1512.0,210.0
Oxley Park,2523.0,1198.0,1325.0,33.0,2125.0,619.0,9.0,692.0,1038.0,2.7,918.0,1435.0,210.0
Oyster Bay,4980.0,2456.0,2524.0,38.0,4668.0,730.0,6.0,1429.0,1741.0,3.0,1698.0,2000.0,340.0
Paddington,11660.0,5643.0,6017.0,35.0,8733.0,3634.0,227.0,2583.0,6391.0,2.0,1852.0,2600.0,387.0
Padstow,11713.0,5747.0,5966.0,38.0,10230.0,3538.0,52.0,3176.0,4498.0,2.7,1076.0,1733.0,250.0
Padstow Heights,3445.0,1643.0,1802.0,42.0,3202.0,693.0,12.0,939.0,1359.0,2.6,1104.0,1769.0,240.0
Pagewood,2966.0,1443.0,1523.0,39.0,2563.0,949.0,17.0,810.0,1089.0,2.8,1215.0,2167.0,279.0
Palm Beach,1606.0,821.0,785.0,50.0,1233.0,258.0,12.0,382.0,1105.0,2.3,1703.0,2800.0,400.0
Panania,10992.0,5325.0,5667.0,37.0,10104.0,2355.0,32.0,3048.0,4241.0,2.7,1070.0,1733.0,220.0
Parramatta,18448.0,9646.0,8802.0,30.0,11112.0,10635.0,518.0,4479.0,8481.0,2.4,1022.0,1571.0,230.0
Peakhurst,9180.0,4373.0,4807.0,41.0,8137.0,2147.0,32.0,2401.0,3535.0,2.6,996.0,1863.0,230.0
Peakhurst Heights,2295.0,1136.0,1159.0,42.0,2170.0,384.0,0.0,696.0,846.0,2.8,1279.0,1950.0,201.0
Pearl Beach,479.0,230.0,249.0,59.0,422.0,113.0,4.0,126.0,625.0,2.0,789.0,1984.0,255.0
Pelican,862.0,439.0,423.0,41.0,814.0,31.0,5.0,246.0,359.0,2.6,766.0,1274.0,195.0
Pendle Hill,9964.0,4835.0,5129.0,37.0,8042.0,3837.0,55.0,2607.0,3902.0,2.6,978.0,1710.0,220.0
Pennant Hills,6830.0,3336.0,3494.0,39.0,5844.0,2110.0,47.0,1820.0,2584.0,2.8,1530.0,1950.0,300.0
Penrith,11396.0,5482.0,5914.0,36.0,9464.0,2339.0,42.0,2724.0,5518.0,2.2,755.0,1450.0,185.0
Penrose,1428.0,695.0,733.0,36.0,1298.0,287.0,4.0,408.0,585.0,2.5,974.0,1300.0,125.0
Penshurst,11198.0,5337.0,5861.0,36.0,9427.0,4308.0,94.0,3017.0,4683.0,2.5,1041.0,1625.0,220.0
Petersham,7391.0,3685.0,3706.0,35.0,6044.0,2207.0,110.0,1734.0,3502.0,2.2,1269.0,2000.0,250.0
Phillip Bay,703.0,339.0,364.0,43.0,617.0,171.0,9.0,176.0,244.0,2.9,1287.0,1733.0,255.0
Picnic Point,5941.0,2952.0,2989.0,38.0,5520.0,893.0,20.0,1708.0,2192.0,2.8,1322.0,1800.0,280.0
Plumpton,7864.0,3918.0,3946.0,29.0,6818.0,3534.0,66.0,2027.0,2267.0,3.5,1279.0,1712.0,230.0
Point Clare,2975.0,1434.0,1541.0,43.0,2676.0,504.0,12.0,809.0,1360.0,2.3,845.0,1517.0,200.0
Point Frederick,1693.0,788.0,905.0,45.0,1484.0,302.0,9.0,427.0,949.0,2.0,892.0,1723.0,195.0
Point Piper,1408.0,652.0,756.0,47.0,1073.0,448.0,28.0,343.0,746.0,2.3,2577.0,4600.0,545.0
Port Kembla,4369.0,2254.0,2115.0,43.0,3864.0,1375.0,4.0,1200.0,1897.0,2.5,670.0,1300.0,150.0
Potts Point,6878.0,4010.0,2868.0,35.0,3864.0,1920.0,698.0,828.0,4568.0,1.5,1133.0,1846.0,270.0
Prairiewood,2867.0,1391.0,1476.0,38.0,2582.0,1433.0,3.0,793.0,913.0,3.3,1058.0,1526.0,150.0
Prestons,12824.0,6348.0,6476.0,30.0,10657.0,5063.0,44.0,3269.0,3833.0,3.4,1409.0,2054.0,270.0
Primbee,1646.0,854.0,792.0,43.0,1468.0,396.0,23.0,457.0,715.0,2.4,776.0,1458.0,160.0
Prospect,4217.0,2112.0,2105.0,33.0,3706.0,1449.0,23.0,1165.0,1400.0,3.1,1343.0,1714.0,245.0
Punchbowl,17209.0,8716.0,8493.0,31.0,14448.0,7837.0,78.0,4249.0,5779.0,3.2,786.0,1600.0,180.0
Putney,3192.0,1579.0,1613.0,39.0,2931.0,773.0,22.0,886.0,1091.0,3.0,1715.0,2167.0,390.0
Pymble,9366.0,4353.0,5013.0,41.0,8228.0,2990.0,110.0,2611.0,3226.0,3.1,2595.0,2600.0,476.0
Pyrmont,11088.0,5813.0,5275.0,31.0,5554.0,4253.0,750.0,2198.0,5874.0,2.0,1736.0,2167.0,400.0
Quakers Hill,25015.0,12356.0,12659.0,30.0,21448.0,8518.0,178.0,6835.0,8340.0,3.1,1401.0,1800.0,245.0
Queens Park,2723.0,1312.0,1411.0,38.0,2282.0,818.0,25.0,702.0,1273.0,2.4,1756.0,2600.0,360.0
Raby,6087.0,3064.0,3023.0,31.0,5447.0,1404.0,18.0,1670.0,1978.0,3.2,1345.0,1517.0,220.0
Ramsgate,1053.0,512.0,541.0,43.0,877.0,269.0,3.0,278.0,430.0,2.7,1012.0,2167.0,260.0
Ramsgate Beach,1435.0,647.0,788.0,45.0,1169.0,422.0,7.0,365.0,795.0,1.9,821.0,1835.0,240.0
Randwick,25817.0,12225.0,13592.0,34.0,19558.0,9369.0,553.0,6089.0,12446.0,2.2,1348.0,2117.0,320.0
Rankin Park,2568.0,1252.0,1316.0,38.0,2422.0,241.0,13.0,763.0,944.0,2.8,1347.0,1300.0,250.0
Redfern,11482.0,6437.0,5045.0,37.0,7709.0,4022.0,249.0,2114.0,6424.0,1.9,1083.0,2016.0,255.0
Redhead,3336.0,1679.0,1657.0,44.0,3062.0,345.0,9.0,908.0,1373.0,2.5,839.0,1500.0,230.0
Regents Park,4986.0,2463.0,2523.0,35.0,4136.0,2284.0,23.0,1256.0,1847.0,2.9,849.0,1538.0,204.0
Regentville,714.0,353.0,361.0,32.0,651.0,105.0,0.0,196.0,255.0,2.9,1146.0,1658.0,220.0
Revesby,11854.0,5761.0,6093.0,38.0,10527.0,3473.0,41.0,3196.0,4527.0,2.7,996.0,1800.0,230.0
Revesby Heights,1322.0,619.0,703.0,38.0,1197.0,195.0,0.0,357.0,489.0,2.7,1193.0,1733.0,275.0
Rhodes,1668.0,818.0,850.0,32.0,1128.0,644.0,36.0,424.0,779.0,2.4,1565.0,2383.0,375.0
Riverstone,6096.0,3032.0,3064.0,33.0,5410.0,906.0,19.0,1633.0,2301.0,2.9,981.0,1600.0,210.0
Riverview,3344.0,1834.0,1510.0,36.0,3009.0,691.0,24.0,813.0,1040.0,3.1,2332.0,2500.0,408.0
Riverwood,9837.0,4752.0,5085.0,40.0,8063.0,4236.0,51.0,2528.0,4309.0,2.4,620.0,1625.0,110.0
Rockdale,13988.0,7115.0,6873.0,32.0,9555.0,7405.0,140.0,3408.0,5587.0,2.6,1048.0,1755.0,270.0
Rocky Point,252.0,126.0,126.0,37.0,232.0,20.0,0.0,71.0,106.0,2.5,924.0,1517.0,230.0
Rodd Point,1244.0,590.0,654.0,42.0,1155.0,304.0,0.0,366.0,510.0,2.6,1381.0,2167.0,411.0
Rooty Hill,12267.0,5908.0,6359.0,33.0,10269.0,5160.0,70.0,3117.0,3893.0,3.2,1146.0,1753.0,220.0
Rose Bay,8929.0,4169.0,4760.0,36.0,6772.0,3177.0,112.0,2142.0,4257.0,2.3,1605.0,2500.0,360.0
Rosebery,7428.0,3741.0,3687.0,35.0,5895.0,3434.0,46.0,2029.0,2961.0,2.7,1159.0,2000.0,336.0
Roselands,10162.0,4936.0,5226.0,35.0,8642.0,3559.0,45.0,2653.0,3876.0,2.9,971.0,1733.0,200.0
Rosemeadow,7415.0,3576.0,3839.0,29.0,6521.0,1894.0,24.0,1927.0,2390.0,3.2,1093.0,1396.0,195.0
Roseville,8259.0,3994.0,4265.0,39.0,7288.0,2296.0,100.0,2185.0,2958.0,2.9,2173.0,2600.0,351.0
Roseville Chase,1562.0,771.0,791.0,40.0,1396.0,414.0,16.0,422.0,548.0,3.0,2125.0,2600.0,471.0
Rouse Hill,6474.0,3245.0,3229.0,31.0,5707.0,1439.0,32.0,1716.0,2029.0,3.3,1808.0,2200.0,343.0
Rozelle,6873.0,3269.0,3604.0,35.0,5274.0,1964.0,98.0,1793.0,3438.0,2.2,2070.0,2500.0,385.0
Ruse,5625.0,2868.0,2757.0,34.0,5066.0,1028.0,9.0,1609.0,1986.0,2.9,1245.0,1408.0,215.0
Rushcutters Bay,2235.0,1179.0,1056.0,37.0,1249.0,697.0,89.0,283.0,1521.0,1.4,987.0,1733.0,230.0
Russell Lea,5068.0,2388.0,2680.0,39.0,4493.0,1308.0,37.0,1358.0,2106.0,2.5,1503.0,2100.0,320.0
Russell Vale,1287.0,616.0,671.0,37.0,1187.0,147.0,0.0,356.0,515.0,2.6,935.0,1606.0,200.0
Rydalmere,1417.0,737.0,680.0,41.0,1258.0,398.0,14.0,326.0,539.0,2.5,1016.0,2000.0,140.0
Ryde,20381.0,9818.0,10563.0,38.0,17284.0,7175.0,145.0,5340.0,8466.0,2.5,1109.0,1907.0,230.0
Sadleir,2825.0,1401.0,1424.0,33.0,2453.0,888.0,14.0,732.0,1008.0,2.9,586.0,1300.0,130.0
San Remo,4014.0,1985.0,2029.0,33.0,3607.0,407.0,6.0,1100.0,1573.0,2.8,784.0,1300.0,190.0
Sandringham,1236.0,577.0,659.0,44.0,1118.0,295.0,5.0,347.0,559.0,2.5,1191.0,2125.0,299.0
Sans Souci,8574.0,4033.0,4541.0,43.0,7507.0,2315.0,35.0,2361.0,3893.0,2.4,1016.0,2000.0,250.0
Saratoga,3675.0,1801.0,1874.0,41.0,3228.0,474.0,3.0,998.0,1507.0,2.6,1065.0,1560.0,230.0
Scarborough,346.0,173.0,173.0,38.0,309.0,49.0,0.0,94.0,159.0,2.7,1224.0,1733.0,270.0
Schofields,3908.0,1958.0,1950.0,33.0,3519.0,851.0,9.0,1085.0,1433.0,3.0,1128.0,1690.0,230.0
Scotland Island,642.0,324.0,318.0,38.0,507.0,198.0,7.0,179.0,337.0,2.7,1733.0,2000.0,320.0
Seaforth,6357.0,3161.0,3196.0,39.0,5465.0,1743.0,74.0,1713.0,2321.0,3.0,2088.0,2800.0,423.0
Sefton,5390.0,2661.0,2729.0,35.0,4587.0,2180.0,19.0,1372.0,1923.0,2.9,874.0,1625.0,220.0
Seven Hills,18024.0,8971.0,9053.0,35.0,15721.0,5932.0,103.0,5041.0,6789.0,2.8,1068.0,1625.0,200.0
Shalvey,3731.0,1815.0,1916.0,26.0,3029.0,842.0,0.0,969.0,1159.0,3.3,738.0,1360.0,154.0
Shell Cove,2833.0,1386.0,1447.0,33.0,2581.0,517.0,5.0,823.0,929.0,3.2,1518.0,1844.0,325.0
Shellharbour,3304.0,1639.0,1665.0,38.0,2911.0,545.0,5.0,905.0,1362.0,2.7,1056.0,1534.0,230.0
Shelly Beach,1344.0,672.0,672.0,44.0,1198.0,111.0,0.0,381.0,635.0,2.5,925.0,1543.0,220.0
Shortland,4179.0,2045.0,2134.0,30.0,3634.0,532.0,168.0,974.0,1506.0,2.4,695.0,1083.0,190.0
Silverwater,2890.0,2270.0,620.0,31.0,771.0,1120.0,7.0,230.0,370.0,2.9,910.0,1600.0,250.0
Smithfield,11109.0,5551.0,5558.0,36.0,9483.0,4477.0,35.0,3041.0,4044.0,2.9,857.0,1517.0,200.0
South Coogee,5367.0,2724.0,2643.0,38.0,4357.0,1399.0,50.0,1183.0,2207.0,2.4,851.0,2496.0,117.0
South Granville,3450.0,1746.0,1704.0,30.0,2947.0,1266.0,13.0,801.0,1064.0,3.4,827.0,1733.0,220.0
South Hurstville,4567.0,2223.0,2344.0,37.0,3875.0,1758.0,36.0,1193.0,1798.0,2.7,1072.0,1800.0,270.0
South Penrith,11562.0,5659.0,5903.0,35.0,10437.0,2174.0,43.0,3355.0,4333.0,2.8,1148.0,1500.0,225.0
South Turramurra,3002.0,1504.0,1498.0,39.0,2609.0,840.0,26.0,852.0,1023.0,3.0,1914.0,2300.0,441.0
South Wentworthville,5156.0,2563.0,2593.0,33.0,4393.0,1718.0,21.0,1366.0,1943.0,2.8,1008.0,1750.0,240.0
Speers Point,3103.0,1529.0,1574.0,44.0,2876.0,310.0,7.0,894.0,1404.0,2.4,901.0,1300.0,200.0
Springfield,4056.0,1979.0,2077.0,35.0,3542.0,437.0,4.0,1056.0,1500.0,2.8,1077.0,1517.0,190.0
Springwood,8210.0,3857.0,4353.0,42.0,7626.0,1330.0,26.0,2208.0,3297.0,2.5,1124.0,1517.0,220.0
St Andrews,5952.0,2989.0,2963.0,31.0,5371.0,1650.0,14.0,1611.0,1878.0,3.3,1204.0,1500.0,210.0
St Clair,20126.0,10009.0,10117.0,31.0,17989.0,5016.0,82.0,5533.0,6380.0,3.3,1362.0,1517.0,240.0
St Helens Park,6136.0,2987.0,3149.0,28.0,5321.0,1210.0,16.0,1619.0,2039.0,3.1,1154.0,1517.0,220.0
St Huberts Island,1096.0,531.0,565.0,54.0,991.0,157.0,6.0,336.0,527.0,2.3,895.0,1900.0,320.0
St Ives,14207.0,6839.0,7368.0,43.0,12343.0,5885.0,102.0,4056.0,5057.0,3.0,2174.0,2600.0,550.0
St Ives Chase,3127.0,1535.0,1592.0,41.0,2736.0,1254.0,35.0,900.0,1043.0,3.1,2324.0,2500.0,510.0
St Johns Park,5431.0,2666.0,2765.0,38.0,4854.0,2968.0,14.0,1447.0,1581.0,3.5,1074.0,1500.0,225.0
St Leonards,3977.0,2010.0,1967.0,30.0,2174.0,1838.0,117.0,889.0,2229.0,1.9,1768.0,2188.0,371.0
St Marys,9717.0,4873.0,4844.0,36.0,7942.0,2743.0,35.0,2451.0,4244.0,2.4,781.0,1400.0,180.0
St Peters,2601.0,1358.0,1243.0,34.0,2025.0,796.0,23.0,607.0,1186.0,2.3,1316.0,2100.0,325.0
Stanhope Gardens,4258.0,2107.0,2151.0,31.0,3516.0,1464.0,50.0,1147.0,1584.0,2.8,1484.0,2350.0,310.0
Stanmore,7151.0,3607.0,3544.0,34.0,5731.0,1983.0,74.0,1669.0,3374.0,2.2,1442.0,2125.0,280.0
Stockton,4208.0,2112.0,2096.0,46.0,3885.0,295.0,4.0,1007.0,1763.0,2.3,770.0,1300.0,180.0
Strathfield,20481.0,10210.0,10271.0,34.0,14785.0,10541.0,360.0,4801.0,7337.0,2.9,1161.0,2167.0,295.0
Strathfield South,3105.0,1540.0,1565.0,36.0,2574.0,1364.0,24.0,832.0,1160.0,2.9,1110.0,1997.0,290.0
Summer Hill,6130.0,2999.0,3131.0,36.0,4736.0,2125.0,80.0,1421.0,2968.0,2.1,1161.0,1742.0,240.0
Surry Hills,15036.0,8942.0,6094.0,33.0,8374.0,5178.0,570.0,2430.0,8622.0,1.8,1374.0,2104.0,335.0
Sutherland,9515.0,4433.0,5082.0,34.0,8194.0,2004.0,47.0,2547.0,4759.0,2.1,1121.0,1820.0,250.0
Swansea,4638.0,2246.0,2392.0,48.0,4204.0,363.0,8.0,1282.0,2328.0,2.2,570.0,1300.0,175.0
Swansea Heads,604.0,297.0,307.0,41.0,577.0,46.0,0.0,171.0,246.0,2.8,1037.0,1257.0,220.0
Sydenham,961.0,492.0,469.0,36.0,743.0,387.0,13.0,246.0,405.0,2.5,1153.0,1733.0,300.0
Sydney,13547.0,7055.0,6492.0,28.0,3351.0,5893.0,5342.0,1704.0,6883.0,2.1,1093.0,2167.0,450.0
Sylvania,9619.0,4518.0,5101.0,43.0,8644.0,2145.0,38.0,2712.0,4070.0,2.5,1157.0,1930.0,275.0
Sylvania Waters,3029.0,1522.0,1507.0,39.0,2637.0,805.0,12.0,844.0,1107.0,2.9,1426.0,2167.0,300.0
Tacoma,719.0,380.0,339.0,33.0,687.0,61.0,0.0,185.0,236.0,3.2,1096.0,1430.0,210.0
Tacoma South,274.0,144.0,130.0,38.0,243.0,27.0,0.0,69.0,98.0,3.1,1163.0,1300.0,230.0
Tamarama,1512.0,760.0,752.0,35.0,1048.0,445.0,99.0,328.0,763.0,2.2,2028.0,2300.0,400.0
Taren Point,1263.0,607.0,656.0,49.0,1107.0,258.0,4.0,352.0,530.0,2.5,1265.0,2091.0,350.0
Tarrawanna,1457.0,664.0,793.0,40.0,1314.0,288.0,7.0,392.0,590.0,2.5,742.0,1400.0,175.0
Tascott,1696.0,865.0,831.0,40.0,1474.0,256.0,3.0,465.0,705.0,2.5,1125.0,1500.0,240.0
Tempe,3179.0,1585.0,1594.0,37.0,2591.0,1071.0,17.0,818.0,1277.0,2.6,1157.0,1950.0,300.0
Teralba,1458.0,729.0,729.0,41.0,1349.0,104.0,4.0,391.0,575.0,2.5,751.0,1268.0,150.0
Terrey Hills,2876.0,1396.0,1480.0,40.0,2471.0,560.0,3.0,729.0,918.0,3.1,1584.0,2167.0,450.0
Terrigal,9746.0,4741.0,5005.0,39.0,8465.0,1838.0,97.0,2660.0,4796.0,2.6,1121.0,1733.0,260.0
The Entrance,2632.0,1293.0,1339.0,46.0,2225.0,309.0,9.0,614.0,2769.0,1.8,576.0,1350.0,180.0
The Entrance North,1106.0,601.0,505.0,42.0,947.0,105.0,0.0,292.0,887.0,2.3,669.0,1550.0,200.0
The Hill,2101.0,1038.0,1063.0,32.0,1626.0,267.0,38.0,399.0,1150.0,2.0,1073.0,1700.0,195.0
The Junction,1295.0,640.0,655.0,35.0,1177.0,130.0,0.0,287.0,679.0,2.0,967.0,1404.0,200.0
Thirroul,5541.0,2676.0,2865.0,40.0,5069.0,733.0,29.0,1516.0,2363.0,2.6,1151.0,1689.0,240.0
Thornleigh,7673.0,3782.0,3891.0,37.0,6909.0,2130.0,55.0,2145.0,2756.0,2.9,1603.0,2000.0,305.0
Tighes Hill,1482.0,755.0,727.0,36.0,1335.0,162.0,9.0,393.0,727.0,2.2,695.0,1200.0,195.0
Tingira Heights,3193.0,1565.0,1628.0,36.0,2879.0,235.0,8.0,818.0,1070.0,2.9,1128.0,1495.0,180.0
Toongabbie,12343.0,6105.0,6238.0,34.0,10750.0,4155.0,97.0,3413.0,4673.0,2.8,1135.0,1668.0,225.0
Toowoon Bay,488.0,229.0,259.0,52.0,437.0,51.0,3.0,115.0,350.0,2.0,640.0,2495.0,200.0
Toronto,5161.0,2472.0,2689.0,43.0,4687.0,512.0,11.0,1385.0,2289.0,2.4,666.0,1200.0,165.0
Toukley,4200.0,1993.0,2207.0,48.0,3760.0,508.0,11.0,1080.0,2175.0,2.1,582.0,1430.0,180.0
Towradgi,3077.0,1474.0,1603.0,42.0,2801.0,673.0,12.0,790.0,1329.0,2.4,757.0,1430.0,168.0
Tregear,3809.0,1892.0,1917.0,28.0,3090.0,811.0,5.0,939.0,1336.0,3.0,632.0,1138.0,140.0
Tuggerah,939.0,450.0,489.0,31.0,836.0,134.0,4.0,260.0,389.0,2.6,902.0,1313.0,220.0
Tuggerawong,1151.0,546.0,605.0,39.0,1038.0,119.0,4.0,300.0,507.0,2.5,840.0,1300.0,178.0
Tumbi Umbi,4327.0,2106.0,2221.0,39.0,3980.0,549.0,0.0,1235.0,1627.0,2.8,1004.0,1517.0,200.0
Turramurra,10341.0,4984.0,5357.0,42.0,9135.0,3015.0,110.0,2829.0,3926.0,2.8,1878.0,2300.0,351.0
Turrella,1010.0,511.0,499.0,34.0,869.0,401.0,12.0,250.0,349.0,3.2,1028.0,2050.0,240.0
Ultimo,5550.0,2914.0,2636.0,28.0,2055.0,2620.0,411.0,811.0,3102.0,2.0,938.0,1904.0,335.0
Umina Beach,15392.0,7339.0,8053.0,42.0,12925.0,1745.0,42.0,3928.0,7056.0,2.4,746.0,1408.0,200.0
Unanderra,5886.0,2757.0,3129.0,40.0,5121.0,1186.0,11.0,1538.0,2348.0,2.5,637.0,1358.0,129.0
Valentine,5677.0,2829.0,2848.0,40.0,5311.0,586.0,6.0,1654.0,2099.0,2.8,1265.0,1387.0,260.0
Valley Heights,1337.0,680.0,657.0,39.0,1253.0,232.0,0.0,393.0,515.0,2.7,1357.0,1560.0,223.0
Vaucluse,9121.0,4308.0,4813.0,39.0,6978.0,3008.0,121.0,2154.0,3616.0,2.7,2045.0,2942.0,375.0
Villawood,5130.0,2642.0,2488.0,37.0,4252.0,2261.0,10.0,1205.0,1978.0,2.7,480.0,1350.0,100.0
Voyager Point,1306.0,655.0,651.0,33.0,1204.0,386.0,9.0,356.0,377.0,3.5,2127.0,2234.0,195.0
Wahroonga,14163.0,6747.0,7416.0,41.0,12366.0,4093.0,121.0,3723.0,4940.0,2.9,2018.0,2400.0,350.0
Waitara,5117.0,2427.0,2690.0,33.0,3552.0,2278.0,76.0,1309.0,2671.0,2.1,1156.0,2000.0,310.0
Wakeley,4768.0,2388.0,2380.0,34.0,4238.0,2634.0,14.0,1319.0,1435.0,3.4,1104.0,1551.0,240.0
Wallsend,11801.0,5604.0,6197.0,40.0,10992.0,1195.0,43.0,3246.0,5094.0,2.4,724.0,1213.0,185.0
Wamberal,5713.0,2797.0,2916.0,38.0,5012.0,690.0,11.0,1529.0,2399.0,2.7,1123.0,1733.0,260.0
Warabrook,2160.0,1009.0,1151.0,39.0,1962.0,318.0,6.0,542.0,793.0,2.6,1019.0,1365.0,200.0
Waratah,4287.0,1976.0,2311.0,40.0,3637.0,532.0,22.0,919.0,1930.0,2.2,676.0,1300.0,165.0
Waratah West,2733.0,1345.0,1388.0,35.0,2398.0,324.0,17.0,688.0,1164.0,2.5,745.0,1200.0,200.0
Wareemba,1390.0,632.0,758.0,42.0,1244.0,456.0,3.0,403.0,626.0,2.3,1137.0,2000.0,320.0
Warilla,5613.0,2734.0,2879.0,41.0,4842.0,1145.0,9.0,1519.0,2443.0,2.4,591.0,1230.0,150.0
Warners Bay,7009.0,3300.0,3709.0,41.0,6545.0,764.0,24.0,2018.0,3087.0,2.4,876.0,1300.0,220.0
Warrawee,2625.0,1365.0,1260.0,39.0,2349.0,612.0,40.0,671.0,863.0,3.2,2601.0,2500.0,430.0
Warrawong,5001.0,2463.0,2538.0,42.0,4240.0,1951.0,6.0,1330.0,2314.0,2.3,500.0,1200.0,110.0
Warriewood,4994.0,2440.0,2554.0,36.0,4438.0,1163.0,31.0,1402.0,1855.0,2.9,1620.0,2320.0,408.0
Warrimoo,2285.0,1163.0,1122.0,35.0,2141.0,320.0,10.0,646.0,862.0,2.8,1426.0,1600.0,230.0
Warwick Farm,3887.0,1991.0,1896.0,36.0,2991.0,1771.0,18.0,926.0,1888.0,2.2,592.0,1192.0,150.0
Watanobbi,3585.0,1702.0,1883.0,32.0,3159.0,485.0,3.0,965.0,1330.0,2.8,810.0,1400.0,200.0
Waterloo,8508.0,4533.0,3975.0,35.0,5321.0,3730.0,178.0,1595.0,5133.0,1.8,557.0,2167.0,164.0
Watsons Bay,691.0,363.0,328.0,37.0,595.0,163.0,10.0,156.0,277.0,2.4,1721.0,3450.0,361.0
Wattle Grove,6874.0,3431.0,3443.0,29.0,6320.0,1797.0,19.0,1891.0,2304.0,3.2,1553.0,1732.0,160.0
Waverley,4180.0,1904.0,2276.0,39.0,3308.0,1378.0,62.0,858.0,1884.0,2.2,1179.0,2300.0,301.0
Waverton,3160.0,1487.0,1673.0,37.0,2464.0,1014.0,33.0,799.0,1720.0,2.1,1848.0,2266.0,363.0
Wentworthville,10815.0,5392.0,5423.0,32.0,7567.0,5243.0,156.0,2694.0,4441.0,2.6,1051.0,1753.0,235.0
Werrington,3528.0,1717.0,1811.0,32.0,2958.0,854.0,13.0,926.0,1488.0,2.5,890.0,1343.0,190.0
Werrington County,3803.0,1876.0,1927.0,33.0,3456.0,621.0,7.0,1092.0,1307.0,3.0,1306.0,1517.0,230.0
Werrington Downs,3317.0,1654.0,1663.0,30.0,3062.0,525.0,3.0,917.0,1092.0,3.2,1426.0,1500.0,230.0
West Gosford,1653.0,776.0,877.0,44.0,1391.0,336.0,0.0,424.0,777.0,2.1,741.0,1500.0,210.0
West Hoxton,7891.0,3944.0,3947.0,29.0,6785.0,2814.0,20.0,2027.0,2266.0,3.7,1450.0,2040.0,290.0
West Pennant Hills,16485.0,8067.0,8418.0,39.0,14804.0,5665.0,138.0,4556.0,5345.0,3.2,2082.0,2167.0,360.0
West Pymble,4728.0,2278.0,2450.0,39.0,4266.0,1251.0,29.0,1300.0,1677.0,3.0,1920.0,2200.0,445.0
West Ryde,11204.0,5562.0,5642.0,36.0,8641.0,4764.0,126.0,2979.0,4835.0,2.4,1072.0,1756.0,225.0
West Wallsend,1606.0,784.0,822.0,35.0,1512.0,90.0,0.0,468.0,625.0,2.7,840.0,1118.0,185.0
West Wollongong,4144.0,2025.0,2119.0,36.0,3626.0,942.0,27.0,1117.0,1866.0,2.4,868.0,1400.0,171.0
Westleigh,4523.0,2222.0,2301.0,40.0,4083.0,1214.0,20.0,1316.0,1545.0,3.1,2043.0,2000.0,403.0
Westmead,9482.0,4772.0,4710.0,33.0,6191.0,5369.0,198.0,2313.0,3770.0,2.5,1064.0,1649.0,230.0
Wetherill Park,6127.0,3042.0,3085.0,35.0,5456.0,2964.0,14.0,1730.0,1922.0,3.3,1148.0,1500.0,250.0
Whalan,5502.0,2620.0,2882.0,33.0,4615.0,1293.0,8.0,1411.0,1996.0,2.9,669.0,1213.0,140.0
Whitebridge,2494.0,1200.0,1294.0,39.0,2324.0,158.0,0.0,704.0,945.0,2.8,1079.0,1300.0,220.0
Wickham,893.0,455.0,438.0,32.0,736.0,108.0,8.0,189.0,482.0,2.0,842.0,1400.0,200.0
Wiley Park,8919.0,4589.0,4330.0,30.0,6463.0,4797.0,68.0,2137.0,3340.0,2.9,704.0,1300.0,170.0
Willmot,2404.0,1200.0,1204.0,29.0,1871.0,466.0,6.0,593.0,847.0,3.0,642.0,1083.0,140.0
Willoughby,5411.0,2613.0,2798.0,37.0,4626.0,1736.0,39.0,1444.0,2309.0,2.5,1531.0,2383.0,328.0
Willoughby East,1652.0,805.0,847.0,37.0,1517.0,381.0,9.0,458.0,604.0,3.0,2075.0,2700.0,430.0
Windale,2789.0,1313.0,1476.0,38.0,2490.0,141.0,0.0,756.0,1221.0,2.4,433.0,1083.0,105.0
Windang,2406.0,1226.0,1180.0,49.0,2105.0,380.0,0.0,661.0,1211.0,2.1,552.0,1500.0,150.0
Winmalee,6345.0,3121.0,3224.0,36.0,5904.0,936.0,17.0,1765.0,2287.0,2.9,1340.0,1523.0,235.0
Winston Hills,8858.0,4281.0,4577.0,37.0,7980.0,2320.0,33.0,2528.0,3159.0,2.9,1455.0,1900.0,300.0
Wollongong,14363.0,7429.0,6934.0,34.0,11221.0,4151.0,229.0,3131.0,8207.0,2.0,793.0,1536.0,195.0
Wollstonecraft,7580.0,3595.0,3985.0,34.0,5771.0,2773.0,151.0,1915.0,4273.0,1.9,1807.0,2167.0,350.0
Wombarra,818.0,414.0,404.0,39.0,741.0,129.0,5.0,233.0,356.0,2.8,1478.0,1767.0,310.0
Woodbine,2637.0,1363.0,1274.0,32.0,2339.0,710.0,6.0,729.0,897.0,3.1,1251.0,1417.0,210.0
Woodcroft,5355.0,2628.0,2727.0,32.0,4711.0,3043.0,42.0,1427.0,1525.0,3.6,1688.0,1917.0,250.0
Woodpark,1281.0,663.0,618.0,35.0,1147.0,414.0,0.0,356.0,447.0,3.0,1136.0,1517.0,240.0
Woodrising,1568.0,776.0,792.0,32.0,1475.0,120.0,0.0,439.0,531.0,3.0,1078.0,1262.0,230.0
Woollahra,7296.0,3268.0,4028.0,41.0,5514.0,1941.0,118.0,1631.0,3868.0,2.1,1787.0,2817.0,380.0
Woolloomooloo,3518.0,1914.0,1604.0,36.0,2149.0,1152.0,379.0,639.0,2400.0,1.7,1075.0,2090.0,300.0
Woolooware,7155.0,3506.0,3649.0,39.0,6413.0,1094.0,24.0,1897.0,2727.0,2.8,1538.0,2167.0,243.0
Woolwich,812.0,394.0,418.0,48.0,653.0,156.0,10.0,205.0,339.0,2.6,2507.0,2750.0,300.0
Woonona,10882.0,5266.0,5616.0,38.0,9895.0,1620.0,38.0,2942.0,4456.0,2.6,1023.0,1733.0,195.0
Woronora,2151.0,1080.0,1071.0,37.0,2022.0,268.0,7.0,599.0,753.0,3.0,1769.0,2150.0,300.0
Woronora Heights,3072.0,1540.0,1532.0,33.0,2916.0,378.0,0.0,809.0,849.0,3.7,2178.0,1733.0,378.0
Woy Woy,9985.0,4685.0,5300.0,47.0,8541.0,1320.0,23.0,2552.0,4828.0,2.2,635.0,1430.0,190.0
Woy Woy Bay,722.0,346.0,376.0,39.0,596.0,83.0,0.0,188.0,297.0,2.8,1368.0,1907.0,235.0
Wyoming,8782.0,4260.0,4522.0,36.0,7957.0,1365.0,37.0,2436.0,3523.0,2.6,979.0,1473.0,200.0
Wyong,3116.0,1563.0,1553.0,44.0,2749.0,487.0,8.0,812.0,1557.0,2.2,592.0,1213.0,159.0
Wyongah,1824.0,919.0,905.0,36.0,1661.0,182.0,4.0,498.0,715.0,2.7,893.0,1300.0,200.0
Yagoona,14876.0,7364.0,7512.0,35.0,12964.0,5809.0,57.0,3794.0,5147.0,3.0,852.0,1625.0,200.0
Yarrawarrah,1464.0,700.0,764.0,35.0,1403.0,131.0,0.0,398.0,440.0,3.4,2006.0,1705.0,330.0
Yattalunga,476.0,247.0,229.0,38.0,412.0,81.0,4.0,134.0,197.0,2.7,1006.0,1517.0,250.0
Yennora,1337.0,635.0,702.0,39.0,1102.0,669.0,3.0,296.0,451.0,2.9,536.0,1669.0,110.0
Yowie Bay,3737.0,1870.0,1867.0,41.0,3475.0,483.0,7.0,1057.0,1344.0,3.0,1617.0,2080.0,375.0
Zetland,2614.0,1416.0,1198.0,31.0,1709.0,1082.0,49.0,629.0,1380.0,2.2,1721.0,2300.0,410.0
